-- phpMyAdmin SQL Dump
-- version 5.0.4
-- https://www.phpmyadmin.net/
--
-- Host: 127.0.0.1
-- Waktu pembuatan: 27 Nov 2020 pada 04.45
-- Versi server: 10.4.8-MariaDB
-- Versi PHP: 7.3.10

SET SQL_MODE = "NO_AUTO_VALUE_ON_ZERO";
START TRANSACTION;
SET time_zone = "+00:00";


/*!40101 SET @OLD_CHARACTER_SET_CLIENT=@@CHARACTER_SET_CLIENT */;
/*!40101 SET @OLD_CHARACTER_SET_RESULTS=@@CHARACTER_SET_RESULTS */;
/*!40101 SET @OLD_COLLATION_CONNECTION=@@COLLATION_CONNECTION */;
/*!40101 SET NAMES utf8mb4 */;

--
-- Database: `dev_ops`
--

-- --------------------------------------------------------

--
-- Struktur dari tabel `tb_bank`
--

CREATE TABLE `tb_bank` (
  `BANK_ID` int(11) UNSIGNED NOT NULL,
  `BANK_NAME` varchar(50) COLLATE utf8_unicode_ci NOT NULL,
  `BANK_LOGO` varchar(255) COLLATE utf8_unicode_ci NOT NULL
) ENGINE=MyISAM DEFAULT CHARSET=utf8 COLLATE=utf8_unicode_ci;

--
-- Dumping data untuk tabel `tb_bank`
--

INSERT INTO `tb_bank` (`BANK_ID`, `BANK_NAME`, `BANK_LOGO`) VALUES
(1, 'BRI', 'bri.png'),
(2, 'MANDIRI', 'mandiri.png'),
(3, 'BCA', 'bca.png'),
(4, 'BNI', 'Bart_Simpson.png'),
(34, 'Deposit', '');

-- --------------------------------------------------------

--
-- Struktur dari tabel `tb_channel`
--

CREATE TABLE `tb_channel` (
  `CHA_ID` int(11) NOT NULL,
  `CHA_NAME` varchar(100) NOT NULL
) ENGINE=MyISAM DEFAULT CHARSET=latin1;

--
-- Dumping data untuk tabel `tb_channel`
--

INSERT INTO `tb_channel` (`CHA_ID`, `CHA_NAME`) VALUES
(1, 'Website'),
(2, 'Tokopedia'),
(3, 'Bukalapak'),
(4, 'Shopee'),
(5, 'Email'),
(6, 'Online Cs'),
(7, 'WhatsApp'),
(8, 'Telepon'),
(9, 'SMS'),
(16, 'Office Visit');

-- --------------------------------------------------------

--
-- Struktur dari tabel `tb_city`
--

CREATE TABLE `tb_city` (
  `CITY_ID` int(11) NOT NULL,
  `CNTR_ID` int(11) DEFAULT NULL,
  `STATE_ID` int(11) DEFAULT NULL,
  `CITY_NAME` varchar(100) NOT NULL,
  `RO_CITY_ID` int(11) NOT NULL
) ENGINE=MyISAM DEFAULT CHARSET=latin1;

--
-- Dumping data untuk tabel `tb_city`
--

INSERT INTO `tb_city` (`CITY_ID`, `CNTR_ID`, `STATE_ID`, `CITY_NAME`, `RO_CITY_ID`) VALUES
(1, 1, 1, 'Kabupaten Aceh Barat', 1),
(2, 1, 1, 'Kabupaten Aceh Barat Daya', 2),
(3, 1, 1, 'Kabupaten Aceh Besar', 3),
(4, 1, 1, 'Kabupaten Aceh Jaya', 4),
(5, 1, 1, 'Kabupaten Aceh Selatan', 5),
(6, 1, 1, 'Kabupaten Aceh Singkil', 6),
(7, 1, 1, 'Kabupaten Aceh Tamiang', 7),
(8, 1, 1, 'Kabupaten Aceh Tengah', 8),
(9, 1, 1, 'Kabupaten Aceh Tenggara', 9),
(10, 1, 1, 'Kabupaten Aceh Timur', 10),
(11, 1, 1, 'Kabupaten Aceh Utara', 11),
(12, 1, 1, 'Kabupaten Bener Meriah', 59),
(13, 1, 1, 'Kabupaten Bireuen', 72),
(14, 1, 1, 'Kabupaten Gayo Lues', 127),
(15, 1, 1, 'Kabupaten Nagan Raya', 300),
(16, 1, 1, 'Kabupaten Pidie', 358),
(17, 1, 1, 'Kabupaten Pidie Jaya', 359),
(18, 1, 1, 'Kabupaten Simeulue', 414),
(19, 1, 1, 'Kota Banda Aceh', 20),
(20, 1, 1, 'Kota Langsa', 230),
(21, 1, 1, 'Kota Lhokseumawe', 235),
(22, 1, 1, 'Kota Sabang', 384),
(23, 1, 1, 'Kota Subulussalam', 429),
(24, 1, 2, 'Kabupaten Asahan', 15),
(25, 1, 2, 'Kabupaten Batubara', 52),
(26, 1, 2, 'Kabupaten Dairi', 110),
(27, 1, 2, 'Kabupaten Deli Serdang', 112),
(28, 1, 2, 'Kabupaten Humbang Hasundutan', 146),
(29, 1, 2, 'Kabupaten Karo', 173),
(30, 1, 2, 'Kabupaten Labuhanbatu', 217),
(31, 1, 2, 'Kabupaten Labuhanbatu Selatan', 218),
(32, 1, 2, 'Kabupaten Labuhanbatu Utara', 219),
(33, 1, 2, 'Kabupaten Langkat', 229),
(34, 1, 2, 'Kabupaten Mandailing Natal', 268),
(35, 1, 2, 'Kabupaten Nias', 307),
(36, 1, 2, 'Kabupaten Nias Barat', 308),
(37, 1, 2, 'Kabupaten Nias Selatan', 309),
(38, 1, 2, 'Kabupaten Nias Utara', 310),
(39, 1, 2, 'Kabupaten Padang Lawas', 319),
(40, 1, 2, 'Kabupaten Padang Lawas Utara', 320),
(41, 1, 2, 'Kabupaten Pakpak Bharat', 325),
(42, 1, 2, 'Kabupaten Samosir', 389),
(43, 1, 2, 'Kabupaten Serdang Bedagai', 404),
(44, 1, 2, 'Kabupaten Simalungun', 413),
(45, 1, 2, 'Kabupaten Tapanuli Selatan', 463),
(46, 1, 2, 'Kabupaten Tapanuli Tengah', 464),
(47, 1, 2, 'Kabupaten Tapanuli Utara', 465),
(48, 1, 2, 'Kabupaten Toba Samosir', 481),
(49, 1, 2, 'Kota Binjai', 70),
(50, 1, 2, 'Kota Gunungsitoli', 137),
(51, 1, 2, 'Kota Medan', 278),
(52, 1, 2, 'Kota Padangsidempuan', 323),
(53, 1, 2, 'Kota Pematangsiantar', 353),
(54, 1, 2, 'Kota Sibolga', 407),
(55, 1, 2, 'Kota Tanjungbalai', 459),
(56, 1, 2, 'Kota Tebing Tinggi', 470),
(57, 1, 7, 'Kabupaten Bengkulu Selatan', 63),
(58, 1, 7, 'Kabupaten Bengkulu Tengah', 64),
(59, 1, 7, 'Kabupaten Bengkulu Utara', 65),
(60, 1, 7, 'Kabupaten Kaur', 175),
(61, 1, 7, 'Kabupaten Kepahiang', 183),
(62, 1, 7, 'Kabupaten Lebong', 233),
(63, 1, 7, 'Kabupaten Mukomuko', 294),
(64, 1, 7, 'Kabupaten Rejang Lebong', 379),
(65, 1, 7, 'Kabupaten Seluma', 397),
(66, 1, 7, 'Kota Bengkulu', 62),
(67, 1, 5, 'Kabupaten Batanghari', 50),
(68, 1, 5, 'Kabupaten Bungo', 97),
(69, 1, 5, 'Kabupaten Kerinci', 194),
(70, 1, 5, 'Kabupaten Merangin', 280),
(71, 1, 5, 'Kabupaten Muaro Jambi', 293),
(72, 1, 5, 'Kabupaten Sarolangun', 393),
(73, 1, 5, 'Kabupaten Tanjung Jabung Barat', 460),
(74, 1, 5, 'Kabupaten Tanjung Jabung Timur', 461),
(75, 1, 5, 'Kabupaten Tebo', 471),
(76, 1, 5, 'Kota Jambi', 156),
(77, 1, 5, 'Kota Sungai Penuh', 442),
(78, 1, 4, 'Kabupaten Bengkalis', 60),
(79, 1, 4, 'Kabupaten Indragiri Hilir', 147),
(80, 1, 4, 'Kabupaten Indragiri Hulu', 148),
(81, 1, 4, 'Kabupaten Kampar', 166),
(82, 1, 4, 'Kabupaten Kuantan Singingi', 207),
(83, 1, 4, 'Kabupaten Pelalawan', 351),
(84, 1, 4, 'Kabupaten Rokan Hilir', 381),
(85, 1, 4, 'Kabupaten Rokan Hulu', 382),
(86, 1, 4, 'Kabupaten Siak', 406),
(87, 1, 4, 'Kabupaten Kepulauan Meranti', 187),
(88, 1, 4, 'Kota Dumai', 120),
(89, 1, 4, 'Kota Pekanbaru', 350),
(90, 1, 3, 'Kabupaten Agam', 12),
(91, 1, 3, 'Kabupaten Dharmasraya', 116),
(92, 1, 3, 'Kabupaten Kepulauan Mentawai', 186),
(93, 1, 3, 'Kabupaten Lima Puluh Kota', 236),
(94, 1, 3, 'Kabupaten Padang Pariaman', 322),
(95, 1, 3, 'Kabupaten Pasaman', 339),
(96, 1, 3, 'Kabupaten Pasaman Barat', 340),
(97, 1, 3, 'Kabupaten Pesisir Selatan', 357),
(98, 1, 3, 'Kabupaten Sijunjung', 411),
(99, 1, 3, 'Kabupaten Solok', 420),
(100, 1, 3, 'Kabupaten Solok Selatan', 422),
(101, 1, 3, 'Kabupaten Tanah Datar', 453),
(102, 1, 3, 'Kota Bukittinggi', 93),
(103, 1, 3, 'Kota Padang', 318),
(104, 1, 3, 'Kota Padangpanjang', 321),
(105, 1, 3, 'Kota Pariaman', 337),
(106, 1, 3, 'Kota Payakumbuh', 345),
(107, 1, 3, 'Kota Sawahlunto', 394),
(108, 1, 3, 'Kota Solok', 421),
(109, 1, 6, 'Kabupaten Banyuasin', 40),
(110, 1, 6, 'Kabupaten Empat Lawang', 121),
(111, 1, 6, 'Kabupaten Lahat', 220),
(112, 1, 6, 'Kabupaten Muara Enim', 292),
(113, 1, 6, 'Kabupaten Musi Banyuasin', 297),
(114, 1, 6, 'Kabupaten Musi Rawas', 298),
(115, 1, 6, 'Kabupaten Ogan Ilir', 312),
(116, 1, 6, 'Kabupaten Ogan Komering Ilir', 313),
(117, 1, 6, 'Kabupaten Ogan Komering Ulu', 314),
(118, 1, 6, 'Kabupaten Ogan Komering Ulu Selatan', 315),
(119, 1, 6, 'Kabupaten Ogan Komering Ulu Timur', 316),
(120, 1, 6, 'Kota Lubuklinggau', 242),
(121, 1, 6, 'Kota Pagar Alam', 324),
(122, 1, 6, 'Kota Palembang', 327),
(123, 1, 6, 'Kota Prabumulih', 367),
(124, 1, 8, 'Kabupaten Lampung Barat', 223),
(125, 1, 8, 'Kabupaten Lampung Selatan', 224),
(126, 1, 8, 'Kabupaten Lampung Tengah', 225),
(127, 1, 8, 'Kabupaten Lampung Timur', 226),
(128, 1, 8, 'Kabupaten Lampung Utara', 227),
(129, 1, 8, 'Kabupaten Mesuji', 282),
(130, 1, 8, 'Kabupaten Pesawaran', 355),
(131, 1, 8, 'Kabupaten Pringsewu', 368),
(132, 1, 8, 'Kabupaten Tanggamus', 458),
(133, 1, 8, 'Kabupaten Tulang Bawang', 490),
(134, 1, 8, 'Kabupaten Tulang Bawang Barat', 491),
(135, 1, 8, 'Kabupaten Way Kanan', 496),
(136, 1, 8, 'Kota Bandar Lampung', 21),
(137, 1, 8, 'Kota Metro', 283),
(138, 1, 9, 'Kabupaten Bangka', 27),
(139, 1, 9, 'Kabupaten Bangka Barat', 28),
(140, 1, 9, 'Kabupaten Bangka Selatan', 29),
(141, 1, 9, 'Kabupaten Bangka Tengah', 30),
(142, 1, 9, 'Kabupaten Belitung', 56),
(143, 1, 9, 'Kabupaten Belitung Timur', 57),
(144, 1, 9, 'Kota Pangkal Pinang', 334),
(145, 1, 10, 'Kabupaten Bintan', 71),
(146, 1, 10, 'Kabupaten Karimun', 172),
(147, 1, 10, 'Kabupaten Kepulauan Anambas', 184),
(148, 1, 10, 'Kabupaten Lingga', 237),
(149, 1, 10, 'Kabupaten Natuna', 302),
(150, 1, 10, 'Kota Batam', 48),
(151, 1, 10, 'Kota Tanjung Pinang', 462),
(152, 1, 16, 'Kabupaten Tangerang', 455),
(153, 1, 16, 'Kabupaten Serang', 402),
(154, 1, 16, 'Kabupaten Lebak', 232),
(155, 1, 16, 'Kabupaten Pandeglang', 331),
(156, 1, 16, 'Kota Tangerang', 456),
(157, 1, 16, 'Kota Serang', 403),
(158, 1, 16, 'Kota Cilegon', 106),
(159, 1, 16, 'Kota Tangerang Selatan', 457),
(160, 1, 12, 'Kabupaten Bandung', 22),
(161, 1, 12, 'Kabupaten Bandung Barat', 24),
(162, 1, 12, 'Kabupaten Bekasi', 54),
(163, 1, 12, 'Kabupaten Bogor', 78),
(164, 1, 12, 'Kabupaten Ciamis', 103),
(165, 1, 12, 'Kabupaten Cianjur', 104),
(166, 1, 12, 'Kabupaten Cirebon', 108),
(167, 1, 12, 'Kabupaten Garut', 126),
(168, 1, 12, 'Kabupaten Indramayu', 149),
(169, 1, 12, 'Kabupaten Karawang', 171),
(170, 1, 12, 'Kabupaten Kuningan', 211),
(171, 1, 12, 'Kabupaten Majalengka', 252),
(172, 1, 12, 'Kabupaten Purwakarta', 376),
(173, 1, 12, 'Kabupaten Subang', 428),
(174, 1, 12, 'Kabupaten Sukabumi', 430),
(175, 1, 12, 'Kabupaten Sumedang', 440),
(176, 1, 12, 'Kabupaten Tasikmalaya', 468),
(177, 1, 12, 'Kota Bandung', 23),
(178, 1, 12, 'Kota Banjar', 34),
(179, 1, 12, 'Kota Bekasi', 55),
(180, 1, 12, 'Kota Bogor', 79),
(181, 1, 12, 'Kota Cimahi', 107),
(182, 1, 12, 'Kota Cirebon', 109),
(183, 1, 12, 'Kota Depok', 115),
(184, 1, 12, 'Kota Sukabumi', 431),
(185, 1, 12, 'Kota Tasikmalaya', 469),
(186, 1, 11, 'Kabupaten Administrasi Kepulauan Seribu', 189),
(187, 1, 11, 'Kota Administrasi Jakarta Barat', 151),
(188, 1, 11, 'Kota Administrasi Jakarta Pusat', 152),
(189, 1, 11, 'Kota Administrasi Jakarta Selatan', 153),
(190, 1, 11, 'Kota Administrasi Jakarta Timur', 154),
(191, 1, 11, 'Kota Administrasi Jakarta Utara', 155),
(192, 1, 13, 'Kabupaten Banjarnegara', 37),
(193, 1, 13, 'Kabupaten Banyumas', 41),
(194, 1, 13, 'Kabupaten Batang', 49),
(195, 1, 13, 'Kabupaten Blora', 76),
(196, 1, 13, 'Kabupaten Boyolali', 91),
(197, 1, 13, 'Kabupaten Brebes', 92),
(198, 1, 13, 'Kabupaten Cilacap', 105),
(199, 1, 13, 'Kabupaten Demak', 113),
(200, 1, 13, 'Kabupaten Grobogan', 134),
(201, 1, 13, 'Kabupaten Jepara', 163),
(202, 1, 13, 'Kabupaten Karanganyar', 169),
(203, 1, 13, 'Kabupaten Kebumen', 177),
(204, 1, 13, 'Kabupaten Kendal', 181),
(205, 1, 13, 'Kabupaten Klaten', 196),
(206, 1, 13, 'Kabupaten Kudus', 209),
(207, 1, 13, 'Kabupaten Magelang', 249),
(208, 1, 13, 'Kabupaten Pati', 344),
(209, 1, 13, 'Kabupaten Pekalongan', 348),
(210, 1, 13, 'Kabupaten Pemalang', 352),
(211, 1, 13, 'Kabupaten Purbalingga', 375),
(212, 1, 13, 'Kabupaten Purworejo', 377),
(213, 1, 13, 'Kabupaten Rembang', 380),
(214, 1, 13, 'Kabupaten Semarang', 398),
(215, 1, 13, 'Kabupaten Sragen', 427),
(216, 1, 13, 'Kabupaten Sukoharjo', 433),
(217, 1, 13, 'Kabupaten Tegal', 472),
(218, 1, 13, 'Kabupaten Temanggung', 476),
(219, 1, 13, 'Kabupaten Wonogiri', 497),
(220, 1, 13, 'Kabupaten Wonosobo', 498),
(221, 1, 13, 'Kota Magelang', 250),
(222, 1, 13, 'Kota Pekalongan', 349),
(223, 1, 13, 'Kota Salatiga', 386),
(224, 1, 13, 'Kota Semarang', 399),
(225, 1, 13, 'Kota Surakarta', 445),
(226, 1, 13, 'Kota Tegal', 473),
(227, 1, 15, 'Kabupaten Bangkalan', 31),
(228, 1, 15, 'Kabupaten Banyuwangi', 42),
(229, 1, 15, 'Kabupaten Blitar', 74),
(230, 1, 15, 'Kabupaten Bojonegoro', 80),
(231, 1, 15, 'Kabupaten Bondowoso', 86),
(232, 1, 15, 'Kabupaten Gresik', 133),
(233, 1, 15, 'Kabupaten Jember', 160),
(234, 1, 15, 'Kabupaten Jombang', 164),
(235, 1, 15, 'Kabupaten Kediri', 178),
(236, 1, 15, 'Kabupaten Lamongan', 222),
(237, 1, 15, 'Kabupaten Lumajang', 243),
(238, 1, 15, 'Kabupaten Madiun', 247),
(239, 1, 15, 'Kabupaten Magetan', 251),
(240, 1, 15, 'Kabupaten Malang', 255),
(241, 1, 15, 'Kabupaten Mojokerto', 289),
(242, 1, 15, 'Kabupaten Nganjuk', 305),
(243, 1, 15, 'Kabupaten Ngawi', 306),
(244, 1, 15, 'Kabupaten Pacitan', 317),
(245, 1, 15, 'Kabupaten Pamekasan', 330),
(246, 1, 15, 'Kabupaten Pasuruan', 342),
(247, 1, 15, 'Kabupaten Ponorogo', 363),
(248, 1, 15, 'Kabupaten Probolinggo', 369),
(249, 1, 15, 'Kabupaten Sampang', 390),
(250, 1, 15, 'Kabupaten Sidoarjo', 409),
(251, 1, 15, 'Kabupaten Situbondo', 418),
(252, 1, 15, 'Kabupaten Sumenep', 441),
(253, 1, 15, 'Kabupaten Trenggalek', 487),
(254, 1, 15, 'Kabupaten Tuban', 489),
(255, 1, 15, 'Kabupaten Tulungagung', 492),
(256, 1, 15, 'Kota Batu', 51),
(257, 1, 15, 'Kota Blitar', 75),
(258, 1, 15, 'Kota Kediri', 179),
(259, 1, 15, 'Kota Madiun', 248),
(260, 1, 15, 'Kota Malang', 256),
(261, 1, 15, 'Kota Mojokerto', 290),
(262, 1, 15, 'Kota Pasuruan', 343),
(263, 1, 15, 'Kota Probolinggo', 370),
(264, 1, 15, 'Kota Surabaya', 444),
(265, 1, 14, 'Kabupaten Bantul', 39),
(266, 1, 14, 'Kabupaten Gunung Kidul', 135),
(267, 1, 14, 'Kabupaten Kulon Progo', 210),
(268, 1, 14, 'Kabupaten Sleman', 419),
(269, 1, 14, 'Kota Yogyakarta', 501),
(270, 1, 17, 'Kabupaten Badung', 17),
(271, 1, 17, 'Kabupaten Bangli', 32),
(272, 1, 17, 'Kabupaten Buleleng', 94),
(273, 1, 17, 'Kabupaten Gianyar', 128),
(274, 1, 17, 'Kabupaten Jembrana', 161),
(275, 1, 17, 'Kabupaten Karangasem', 170),
(276, 1, 17, 'Kabupaten Klungkung', 197),
(277, 1, 17, 'Kabupaten Tabanan', 447),
(278, 1, 17, 'Kota Denpasar', 114),
(279, 1, 18, 'Kabupaten Bima', 68),
(280, 1, 18, 'Kabupaten Dompu', 118),
(281, 1, 18, 'Kabupaten Lombok Barat', 238),
(282, 1, 18, 'Kabupaten Lombok Tengah', 239),
(283, 1, 18, 'Kabupaten Lombok Timur', 240),
(284, 1, 18, 'Kabupaten Lombok Utara', 241),
(285, 1, 18, 'Kabupaten Sumbawa', 438),
(286, 1, 18, 'Kabupaten Sumbawa Barat', 439),
(287, 1, 18, 'Kota Bima', 69),
(288, 1, 18, 'Kota Mataram', 276),
(289, 1, 19, 'Kabupaten Alor', 13),
(290, 1, 19, 'Kabupaten Belu', 58),
(291, 1, 19, 'Kabupaten Ende', 122),
(292, 1, 19, 'Kabupaten Flores Timur', 125),
(293, 1, 19, 'Kabupaten Kupang', 212),
(294, 1, 19, 'Kabupaten Lembata', 234),
(295, 1, 19, 'Kabupaten Manggarai', 269),
(296, 1, 19, 'Kabupaten Manggarai Barat', 270),
(297, 1, 19, 'Kabupaten Manggarai Timur', 271),
(298, 1, 19, 'Kabupaten Ngada', 304),
(299, 1, 19, 'Kabupaten Nagekeo', 301),
(300, 1, 19, 'Kabupaten Rote Ndao', 383),
(301, 1, 19, 'Kabupaten Sabu Raijua', 385),
(302, 1, 19, 'Kabupaten Sikka', 412),
(303, 1, 19, 'Kabupaten Sumba Barat', 434),
(304, 1, 19, 'Kabupaten Sumba Barat Daya', 435),
(305, 1, 19, 'Kabupaten Sumba Tengah', 436),
(306, 1, 19, 'Kabupaten Sumba Timur', 437),
(307, 1, 19, 'Kabupaten Timor Tengah Selatan', 479),
(308, 1, 19, 'Kabupaten Timor Tengah Utara', 480),
(309, 1, 19, 'Kota Kupang', 213),
(310, 1, 20, 'Kabupaten Bengkayang', 61),
(311, 1, 20, 'Kabupaten Kapuas Hulu', 168),
(312, 1, 20, 'Kabupaten Kayong Utara', 176),
(313, 1, 20, 'Kabupaten Ketapang', 195),
(314, 1, 20, 'Kabupaten Kubu Raya', 208),
(315, 1, 20, 'Kabupaten Landak', 228),
(316, 1, 20, 'Kabupaten Melawi', 279),
(317, 1, 20, 'Kabupaten Pontianak', 364),
(318, 1, 20, 'Kabupaten Sambas', 388),
(319, 1, 20, 'Kabupaten Sanggau', 391),
(320, 1, 20, 'Kabupaten Sekadau', 395),
(321, 1, 20, 'Kabupaten Sintang', 417),
(322, 1, 20, 'Kota Pontianak', 365),
(323, 1, 20, 'Kota Singkawang', 415),
(324, 1, 22, 'Kabupaten Balangan', 18),
(325, 1, 22, 'Kabupaten Banjar', 33),
(326, 1, 22, 'Kabupaten Barito Kuala', 43),
(327, 1, 22, 'Kabupaten Hulu Sungai Selatan', 143),
(328, 1, 22, 'Kabupaten Hulu Sungai Tengah', 144),
(329, 1, 22, 'Kabupaten Hulu Sungai Utara', 145),
(330, 1, 22, 'Kabupaten Kotabaru', 203),
(331, 1, 22, 'Kabupaten Tabalong', 446),
(332, 1, 22, 'Kabupaten Tanah Bumbu', 452),
(333, 1, 22, 'Kabupaten Tanah Laut', 454),
(334, 1, 22, 'Kabupaten Tapin', 466),
(335, 1, 22, 'Kota Banjarbaru', 35),
(336, 1, 22, 'Kota Banjarmasin', 36),
(337, 1, 21, 'Kabupaten Barito Selatan', 44),
(338, 1, 21, 'Kabupaten Barito Timur', 45),
(339, 1, 21, 'Kabupaten Barito Utara', 46),
(340, 1, 21, 'Kabupaten Gunung Mas', 136),
(341, 1, 21, 'Kabupaten Kapuas', 167),
(342, 1, 21, 'Kabupaten Katingan', 174),
(343, 1, 21, 'Kabupaten Kotawaringin Barat', 205),
(344, 1, 21, 'Kabupaten Kotawaringin Timur', 206),
(345, 1, 21, 'Kabupaten Lamandau', 221),
(346, 1, 21, 'Kabupaten Murung Raya', 296),
(347, 1, 21, 'Kabupaten Pulang Pisau', 371),
(348, 1, 21, 'Kabupaten Sukamara', 432),
(349, 1, 21, 'Kabupaten Seruyan', 405),
(350, 1, 21, 'Kota Palangka Raya', 326),
(351, 1, 23, 'Kabupaten Berau', 66),
(352, 1, 3738, 'Kabupaten Bulungan', 96),
(353, 1, 23, 'Kabupaten Kutai Barat', 214),
(354, 1, 23, 'Kabupaten Kutai Kartanegara', 215),
(355, 1, 23, 'Kabupaten Kutai Timur', 216),
(356, 1, 3738, 'Kabupaten Malinau', 257),
(357, 1, 3738, 'Kabupaten Nunukan', 311),
(358, 1, 23, 'Kabupaten Paser', 341),
(359, 1, 23, 'Kabupaten Penajam Paser Utara', 354),
(360, 1, 3738, 'Kabupaten Tana Tidung', 450),
(361, 1, 23, 'Kota Balikpapan', 19),
(362, 1, 23, 'Kota Bontang', 89),
(363, 1, 23, 'Kota Samarinda', 387),
(364, 1, 3738, 'Kota Tarakan', 467),
(365, 1, 28, 'Kabupaten Boalemo', 77),
(366, 1, 28, 'Kabupaten Bone Bolango', 88),
(367, 1, 28, 'Kabupaten Gorontalo', 129),
(368, 1, 28, 'Kabupaten Gorontalo Utara', 131),
(369, 1, 28, 'Kabupaten Pohuwato', 361),
(370, 1, 28, 'Kota Gorontalo', 130),
(371, 1, 26, 'Kabupaten Bantaeng', 38),
(372, 1, 26, 'Kabupaten Barru', 47),
(373, 1, 26, 'Kabupaten Bone', 87),
(374, 1, 26, 'Kabupaten Bulukumba', 95),
(375, 1, 26, 'Kabupaten Enrekang', 123),
(376, 1, 26, 'Kabupaten Gowa', 132),
(377, 1, 26, 'Kabupaten Jeneponto', 162),
(378, 1, 26, 'Kabupaten Kepulauan Selayar', 396),
(379, 1, 26, 'Kabupaten Luwu', 244),
(380, 1, 26, 'Kabupaten Luwu Timur', 245),
(381, 1, 26, 'Kabupaten Luwu Utara', 246),
(382, 1, 26, 'Kabupaten Maros', 275),
(383, 1, 26, 'Kabupaten Pangkajene dan Kepulauan', 333),
(384, 1, 26, 'Kabupaten Pinrang', 360),
(385, 1, 26, 'Kabupaten Sidenreng Rappang', 408),
(386, 1, 26, 'Kabupaten Sinjai', 416),
(387, 1, 26, 'Kabupaten Soppeng', 423),
(388, 1, 26, 'Kabupaten Takalar', 448),
(389, 1, 26, 'Kabupaten Tana Toraja', 451),
(390, 1, 26, 'Kabupaten Toraja Utara', 486),
(391, 1, 26, 'Kabupaten Wajo', 493),
(392, 1, 26, 'Kota Makassar', 254),
(393, 1, 26, 'Kota Palopo', 328),
(394, 1, 26, 'Kota Parepare', 336),
(395, 1, 27, 'Kabupaten Bombana', 85),
(396, 1, 27, 'Kabupaten Buton', 101),
(397, 1, 27, 'Kabupaten Buton Utara', 102),
(398, 1, 27, 'Kabupaten Kolaka', 198),
(399, 1, 27, 'Kabupaten Kolaka Utara', 199),
(400, 1, 27, 'Kabupaten Konawe', 200),
(401, 1, 27, 'Kabupaten Konawe Selatan', 201),
(402, 1, 27, 'Kabupaten Konawe Utara', 202),
(403, 1, 27, 'Kabupaten Muna', 295),
(404, 1, 27, 'Kabupaten Wakatobi', 494),
(405, 1, 27, 'Kota Bau-Bau', 53),
(406, 1, 27, 'Kota Kendari', 182),
(407, 1, 25, 'Kabupaten Banggai', 25),
(408, 1, 25, 'Kabupaten Banggai Kepulauan', 26),
(409, 1, 25, 'Kabupaten Buol', 98),
(410, 1, 25, 'Kabupaten Donggala', 119),
(411, 1, 25, 'Kabupaten Morowali', 291),
(412, 1, 25, 'Kabupaten Parigi Moutong', 338),
(413, 1, 25, 'Kabupaten Poso', 366),
(414, 1, 25, 'Kabupaten Tojo Una-Una', 482),
(415, 1, 25, 'Kabupaten Toli-Toli', 483),
(416, 1, 25, 'Kabupaten Sigi', 410),
(417, 1, 25, 'Kota Palu', 329),
(418, 1, 24, 'Kabupaten Bolaang Mongondow', 81),
(419, 1, 24, 'Kabupaten Bolaang Mongondow Selatan', 82),
(420, 1, 24, 'Kabupaten Bolaang Mongondow Timur', 83),
(421, 1, 24, 'Kabupaten Bolaang Mongondow Utara', 84),
(422, 1, 24, 'Kabupaten Kepulauan Sangihe', 188),
(423, 1, 24, 'Kabupaten Kepulauan Siau Tagulandang Biaro', 190),
(424, 1, 24, 'Kabupaten Kepulauan Talaud', 192),
(425, 1, 24, 'Kabupaten Minahasa', 285),
(426, 1, 24, 'Kabupaten Minahasa Selatan', 286),
(427, 1, 24, 'Kabupaten Minahasa Tenggara', 287),
(428, 1, 24, 'Kabupaten Minahasa Utara', 288),
(429, 1, 24, 'Kota Bitung', 73),
(430, 1, 24, 'Kota Kotamobagu', 204),
(431, 1, 24, 'Kota Manado', 267),
(432, 1, 24, 'Kota Tomohon', 485),
(433, 1, 29, 'Kabupaten Majene', 253),
(434, 1, 29, 'Kabupaten Mamasa', 262),
(435, 1, 29, 'Kabupaten Mamuju', 265),
(436, 1, 29, 'Kabupaten Mamuju Utara', 266),
(437, 1, 29, 'Kabupaten Polewali Mandar', 362),
(438, 1, 30, 'Kabupaten Buru', 99),
(439, 1, 30, 'Kabupaten Buru Selatan', 100),
(440, 1, 30, 'Kabupaten Kepulauan Aru', 185),
(441, 1, 30, 'Kabupaten Maluku Barat Daya', 258),
(442, 1, 30, 'Kabupaten Maluku Tengah', 259),
(443, 1, 30, 'Kabupaten Maluku Tenggara', 260),
(444, 1, 30, 'Kabupaten Maluku Tenggara Barat', 261),
(445, 1, 30, 'Kabupaten Seram Bagian Barat', 400),
(446, 1, 30, 'Kabupaten Seram Bagian Timur', 401),
(447, 1, 30, 'Kota Ambon', 14),
(448, 1, 30, 'Kota Tual', 488),
(449, 1, 31, 'Kabupaten Halmahera Barat', 138),
(450, 1, 31, 'Kabupaten Halmahera Tengah', 140),
(451, 1, 31, 'Kabupaten Halmahera Utara', 142),
(452, 1, 31, 'Kabupaten Halmahera Selatan', 139),
(453, 1, 31, 'Kabupaten Kepulauan Sula', 191),
(454, 1, 31, 'Kabupaten Halmahera Timur', 141),
(455, 1, 31, 'Kabupaten Pulau Morotai', 372),
(456, 1, 31, 'Kota Ternate', 477),
(457, 1, 31, 'Kota Tidore Kepulauan', 478),
(458, 1, 33, 'Kabupaten Asmat', 16),
(459, 1, 33, 'Kabupaten Biak Numfor', 67),
(460, 1, 33, 'Kabupaten Boven Digoel', 90),
(461, 1, 33, 'Kabupaten Deiyai', 111),
(462, 1, 33, 'Kabupaten Dogiyai', 117),
(463, 1, 33, 'Kabupaten Intan Jaya', 150),
(464, 1, 33, 'Kabupaten Jayapura', 157),
(465, 1, 33, 'Kabupaten Jayawijaya', 159),
(466, 1, 33, 'Kabupaten Keerom', 180),
(467, 1, 33, 'Kabupaten Kepulauan Yapen', 193),
(468, 1, 33, 'Kabupaten Lanny Jaya', 231),
(469, 1, 33, 'Kabupaten Mamberamo Raya', 263),
(470, 1, 33, 'Kabupaten Mamberamo Tengah', 264),
(471, 1, 33, 'Kabupaten Mappi', 274),
(472, 1, 33, 'Kabupaten Merauke', 281),
(473, 1, 33, 'Kabupaten Mimika', 284),
(474, 1, 33, 'Kabupaten Nabire', 299),
(475, 1, 33, 'Kabupaten Nduga', 303),
(476, 1, 33, 'Kabupaten Paniai', 335),
(477, 1, 33, 'Kabupaten Pegunungan Bintang', 347),
(478, 1, 33, 'Kabupaten Puncak', 373),
(479, 1, 33, 'Kabupaten Puncak Jaya', 374),
(480, 1, 33, 'Kabupaten Sarmi', 392),
(481, 1, 33, 'Kabupaten Supiori', 443),
(482, 1, 33, 'Kabupaten Tolikara', 484),
(483, 1, 33, 'Kabupaten Waropen', 495),
(484, 1, 33, 'Kabupaten Yahukimo', 499),
(485, 1, 33, 'Kabupaten Yalimo', 500),
(486, 1, 33, 'Kota Jayapura', 158),
(487, 1, 32, 'Kabupaten Fakfak', 124),
(488, 1, 32, 'Kabupaten Kaimana', 165),
(489, 1, 32, 'Kabupaten Manokwari', 272),
(490, 1, 32, 'Kabupaten Maybrat', 277),
(491, 1, 32, 'Kabupaten Raja Ampat', 378),
(492, 1, 32, 'Kabupaten Sorong', 424),
(493, 1, 32, 'Kabupaten Sorong Selatan', 426),
(494, 1, 32, 'Kabupaten Tambrauw', 449),
(495, 1, 32, 'Kabupaten Teluk Bintuni', 474),
(496, 1, 32, 'Kabupaten Teluk Wondama', 475),
(497, 1, 32, 'Kota Sorong', 425),
(498, 1, 32, 'Kabupaten Manokwari Selatan', 273),
(499, 1, 12, 'Kabupaten Pangandaran', 332),
(500, 1, 32, 'Kabupaten Pegunungan Arfak', 346),
(501, 1, 8, 'Kabupaten Pesisir Barat', 356);

-- --------------------------------------------------------

--
-- Struktur dari tabel `tb_country`
--

CREATE TABLE `tb_country` (
  `CNTR_ID` int(11) NOT NULL,
  `CNTR_NAME` varchar(100) NOT NULL
) ENGINE=MyISAM DEFAULT CHARSET=latin1;

--
-- Dumping data untuk tabel `tb_country`
--

INSERT INTO `tb_country` (`CNTR_ID`, `CNTR_NAME`) VALUES
(1, 'Indonesia'),
(2, 'Afghanistan'),
(3, 'Albania'),
(4, 'Algeria'),
(5, 'Andorra'),
(6, 'Angola'),
(7, 'Antigua and Barbuda'),
(8, 'Azerbaijan'),
(9, 'Argentina'),
(10, 'Australia'),
(11, 'Austria'),
(12, 'Bahrain'),
(13, 'Bangladesh'),
(14, 'Armenia'),
(15, 'Barbados'),
(16, 'Belgium'),
(17, 'Bhutan'),
(18, 'Bolivia'),
(19, 'Bosnia and Herzegovina'),
(20, 'Botswana'),
(21, 'Brazil'),
(22, 'Belize'),
(23, 'Solomon Islands'),
(24, 'Brunei Darussalam'),
(25, 'Bulgaria'),
(26, 'Myanmar'),
(27, 'Burundi'),
(28, 'Belarus'),
(29, 'Cambodia'),
(30, 'Cameroon'),
(31, 'Canada'),
(32, 'Cape Verde'),
(33, 'Central African Republic'),
(34, 'Sri Lanka'),
(35, 'Chad'),
(36, 'Chile'),
(37, 'China'),
(38, 'Taiwan'),
(39, 'Colombia'),
(40, 'Congo'),
(41, 'DR Congo'),
(42, 'Costa Rica'),
(43, 'Croatia'),
(44, 'Cuba'),
(45, 'Cyprus'),
(46, 'Czech Republic'),
(47, 'Benin'),
(48, 'Denmark'),
(49, 'Dominica'),
(50, 'Dominican Republic'),
(51, 'Ecuador'),
(52, 'El Salvador'),
(53, 'Equatorial Guinea'),
(54, 'Ethiopia'),
(55, 'Eritrea'),
(56, 'Estonia'),
(57, 'Faroe Islands'),
(58, 'Fiji'),
(59, 'Finland'),
(60, 'France'),
(61, 'Djibouti'),
(62, 'Gabon'),
(63, 'Georgia'),
(64, 'Gambia'),
(65, 'Germany'),
(66, 'Ghana'),
(67, 'Greece'),
(68, 'Grenada'),
(69, 'Guatemala'),
(70, 'Guinea'),
(71, 'Guyana'),
(72, 'Haiti'),
(73, 'Honduras'),
(74, 'Hungary'),
(75, 'Iceland'),
(76, 'India'),
(77, 'Iran'),
(78, 'Iraq'),
(79, 'Ireland'),
(80, 'Israel'),
(81, 'Italy'),
(82, 'Ivory Coast'),
(83, 'Jamaica'),
(84, 'Japan'),
(85, 'Kazakhstan'),
(86, 'Jordan'),
(87, 'Kenya'),
(88, 'North Korea'),
(89, 'South Korea'),
(90, 'Kuwait'),
(91, 'Kyrgyzstan'),
(92, 'Laos'),
(93, 'Lebanon'),
(94, 'Lesotho'),
(95, 'Latvia'),
(96, 'Liberia'),
(97, 'Libya'),
(98, 'Liechtenstein'),
(99, 'Lithuania'),
(100, 'Luxembourg'),
(101, 'Madagascar'),
(102, 'Malawi'),
(103, 'Malaysia'),
(104, 'Maldives'),
(105, 'Mali'),
(106, 'Malta'),
(107, 'Mauritania'),
(108, 'Mauritius'),
(109, 'Mexico'),
(110, 'Monaco'),
(111, 'Mongolia'),
(112, 'Moldova'),
(113, 'Montenegro'),
(114, 'Morocco'),
(115, 'Mozambique'),
(116, 'Oman'),
(117, 'Namibia'),
(118, 'Nauru'),
(119, 'Nepal'),
(120, 'Netherlands'),
(121, 'Vanuatu'),
(122, 'New Zealand'),
(123, 'Nicaragua'),
(124, 'Niger'),
(125, 'Nigeria'),
(126, 'Norway'),
(127, 'Micronesia'),
(128, 'Marshall Islands'),
(129, 'Palau'),
(130, 'Pakistan'),
(131, 'Panama'),
(132, 'Papua New Guinea'),
(133, 'Paraguay'),
(134, 'Peru'),
(135, 'Philippines'),
(136, 'Poland'),
(137, 'Portugal'),
(138, 'Guinea-Bissau'),
(139, 'Timor-Leste'),
(140, 'Qatar'),
(141, 'Romania'),
(142, 'Russia'),
(143, 'Rwanda'),
(144, 'Saint Kitts and Nevis'),
(145, 'Saint Lucia'),
(146, 'St Vincent and the Grenadines'),
(147, 'San Marino'),
(148, 'S&atilde;o Tom&eacute; and Pr&iacute;ncipe'),
(149, 'Saudi Arabia'),
(150, 'Senegal'),
(151, 'Serbia'),
(152, 'Seychelles'),
(153, 'Sierra Leone'),
(154, 'Singapore'),
(155, 'Slovakia'),
(156, 'Vietnam'),
(157, 'Slovenia'),
(158, 'Somalia'),
(159, 'South Africa'),
(160, 'Zimbabwe'),
(161, 'Spain'),
(162, 'South Sudan'),
(163, 'Sudan'),
(164, 'Suriname'),
(165, 'Swaziland'),
(166, 'Sweden'),
(167, 'Switzerland'),
(168, 'Syria'),
(169, 'Tajikistan'),
(170, 'Thailand'),
(171, 'Togo'),
(172, 'Tonga'),
(173, 'Trinidad and Tobago'),
(174, 'United Arab Emirates'),
(175, 'Tunisia'),
(176, 'Turkey'),
(177, 'Turkmenistan'),
(178, 'Tuvalu'),
(179, 'Uganda'),
(180, 'Ukraine'),
(181, 'Macedonia'),
(182, 'Egypt'),
(183, 'Tanzania'),
(184, 'United States'),
(185, 'Burkina Faso'),
(186, 'Uruguay'),
(187, 'Uzbekistan'),
(188, 'Venezuela'),
(189, 'Samoa'),
(190, 'Yemen'),
(191, 'Zambia'),
(192, 'United Kingdom');

-- --------------------------------------------------------

--
-- Struktur dari tabel `tb_courier`
--

CREATE TABLE `tb_courier` (
  `COURIER_ID` int(11) NOT NULL,
  `COURIER_NAME` varchar(100) NOT NULL,
  `COURIER_API` smallint(6) NOT NULL
) ENGINE=MyISAM DEFAULT CHARSET=latin1;

--
-- Dumping data untuk tabel `tb_courier`
--

INSERT INTO `tb_courier` (`COURIER_ID`, `COURIER_NAME`, `COURIER_API`) VALUES
(30, 'JNT', 1),
(15, 'BANDUNG EXPRESS', 0),
(19, 'JNE', 1),
(23, 'KALOG', 0),
(29, 'SAJIRA', 0),
(34, 'HERONA', 0),
(35, 'POS', 1),
(36, 'WAHANA', 1);

-- --------------------------------------------------------

--
-- Struktur dari tabel `tb_courier_address`
--

CREATE TABLE `tb_courier_address` (
  `COUADD_ID` int(11) NOT NULL,
  `COUADD_CPERSON` varchar(100) DEFAULT NULL,
  `COUADD_PHONE` varchar(20) DEFAULT NULL,
  `COUADD_ADDRESS` varchar(500) DEFAULT NULL,
  `CNTR_ID` int(11) NOT NULL,
  `STATE_ID` int(11) NOT NULL,
  `CITY_ID` int(11) NOT NULL,
  `SUBD_ID` int(11) NOT NULL,
  `COURIER_ID` int(11) NOT NULL
) ENGINE=MyISAM DEFAULT CHARSET=latin1;

--
-- Dumping data untuk tabel `tb_courier_address`
--

INSERT INTO `tb_courier_address` (`COUADD_ID`, `COUADD_CPERSON`, `COUADD_PHONE`, `COUADD_ADDRESS`, `CNTR_ID`, `STATE_ID`, `CITY_ID`, `SUBD_ID`, `COURIER_ID`) VALUES
(15, 'xxx', '(0274) 512360', 'Jl. HOS Cokroaminoto No.28, Pakuncen, Wirobrajan, Kota Yogyakarta, Daerah Istimewa Yogyakarta 55253', 1, 14, 269, 6992, 15),
(14, 'xxx', '(022) 4231333', 'Jalan peta no. 261, samping pasar burung sukohaji, Bandung', 1, 12, 177, 338, 15),
(17, 'xxx', '0888-0838-7140', 'PT Kereta Api Logistik (Bandung Kebon Kawung)', 1, 12, 177, 338, 23),
(18, 'xxx', '(0274) 555773', 'Jl. Ps. Kembang No.1, Sosromenduran,    \\r\\nGedong Tengen, Kota Yogyakarta, Daerah Istimewa Yogyakarta 55271   ', 1, 14, 269, 6990, 23);

-- --------------------------------------------------------

--
-- Struktur dari tabel `tb_courier_tariff`
--

CREATE TABLE `tb_courier_tariff` (
  `COUTAR_ID` int(11) NOT NULL,
  `O_CNTR_ID` int(11) NOT NULL,
  `O_STATE_ID` int(11) NOT NULL,
  `O_CITY_ID` int(11) NOT NULL,
  `O_SUBD_ID` int(11) NOT NULL,
  `D_CNTR_ID` int(11) NOT NULL,
  `D_STATE_ID` int(11) NOT NULL,
  `D_CITY_ID` int(11) NOT NULL,
  `D_SUBD_ID` int(11) NOT NULL,
  `RULE_ID` tinyint(4) NOT NULL,
  `COUTAR_MIN_KG` varchar(100) DEFAULT NULL,
  `COUTAR_ADMIN_FEE` varchar(50) DEFAULT NULL,
  `COUTAR_KG_FIRST` varchar(50) DEFAULT NULL,
  `COUTAR_KG_NEXT` varchar(50) DEFAULT NULL,
  `COUTAR_ETD` varchar(20) DEFAULT NULL,
  `COUTAR_NOTE` text DEFAULT NULL,
  `COURIER_ID` int(11) NOT NULL
) ENGINE=MyISAM DEFAULT CHARSET=latin1;

--
-- Dumping data untuk tabel `tb_courier_tariff`
--

INSERT INTO `tb_courier_tariff` (`COUTAR_ID`, `O_CNTR_ID`, `O_STATE_ID`, `O_CITY_ID`, `O_SUBD_ID`, `D_CNTR_ID`, `D_STATE_ID`, `D_CITY_ID`, `D_SUBD_ID`, `RULE_ID`, `COUTAR_MIN_KG`, `COUTAR_ADMIN_FEE`, `COUTAR_KG_FIRST`, `COUTAR_KG_NEXT`, `COUTAR_ETD`, `COUTAR_NOTE`, `COURIER_ID`) VALUES
(9, 1, 12, 177, 0, 1, 14, 269, 0, 2, '5', '0', '35000', '1000', '2', '', 15),
(13, 1, 12, 177, 0, 1, 15, 260, 0, 2, '5', '0', '45000', '1500', '3', '', 15),
(11, 1, 12, 177, 0, 1, 15, 260, 0, 2, '10', '0', '50000', '4000', '2', '', 23),
(12, 1, 12, 177, 0, 1, 15, 240, 3609, 2, '10', '100000', '50000', '4000', '3', '', 23),
(19, 1, 14, 269, 0, 1, 15, 240, 0, 2, '10', '0', '25000', '1000', '3', '-', 29),
(18, 1, 12, 177, 0, 1, 15, 260, 0, 1, '10', '0', '20000', '0', '2', '', 29),
(16, 1, 12, 177, 0, 1, 14, 0, 0, 2, '5', '0', '40000', '1200', '2', '', 15),
(20, 1, 14, 269, 0, 103, 1699, 0, 0, 1, '10', '0', '100000', '0', '3', '', 15),
(21, 1, 14, 269, 0, 1, 17, 0, 0, 1, '10', '0', '25000', '0', '3', '', 15),
(22, 1, 14, 269, 0, 154, 0, 0, 0, 1, '1', '0', '150000', '0', '4', '', 15),
(24, 1, 12, 177, 0, 1, 15, 264, 0, 2, '5', '0', '45000', '1500', '3-4 hari', '-', 15),
(25, 1, 12, 177, 0, 1, 14, 0, 0, 2, '10', '0', '70000', '3500', '1-2 hari', '-', 34);

-- --------------------------------------------------------

--
-- Struktur dari tabel `tb_currency`
--

CREATE TABLE `tb_currency` (
  `CURR_ID` int(11) NOT NULL,
  `CURR_NAME` varchar(100) NOT NULL
) ENGINE=MyISAM DEFAULT CHARSET=latin1;

--
-- Dumping data untuk tabel `tb_currency`
--

INSERT INTO `tb_currency` (`CURR_ID`, `CURR_NAME`) VALUES
(1, 'IDR'),
(2, 'USD');

-- --------------------------------------------------------

--
-- Struktur dari tabel `tb_customer`
--

CREATE TABLE `tb_customer` (
  `CUST_ID` int(20) NOT NULL,
  `CUST_NAME` varchar(50) NOT NULL,
  `CUST_EMAIL` varchar(100) DEFAULT NULL,
  `CUST_ADDRESS` varchar(500) DEFAULT NULL,
  `CUST_PHONE` varchar(50) NOT NULL,
  `CNTR_ID` int(11) DEFAULT NULL,
  `STATE_ID` int(11) DEFAULT NULL,
  `CITY_ID` int(11) DEFAULT NULL,
  `SUBD_ID` int(11) DEFAULT NULL,
  `BANK_ID` int(11) DEFAULT NULL,
  `CUST_ACCOUNTNO` varchar(20) DEFAULT NULL,
  `CUST_ACCOUNTNAME` varchar(20) DEFAULT NULL,
  `CHA_ID` int(11) NOT NULL,
  `USER_ID` int(11) NOT NULL,
  `CUST_CREATEDON` timestamp NULL DEFAULT NULL
) ENGINE=MyISAM DEFAULT CHARSET=utf8;

--
-- Dumping data untuk tabel `tb_customer`
--

INSERT INTO `tb_customer` (`CUST_ID`, `CUST_NAME`, `CUST_EMAIL`, `CUST_ADDRESS`, `CUST_PHONE`, `CNTR_ID`, `STATE_ID`, `CITY_ID`, `SUBD_ID`, `BANK_ID`, `CUST_ACCOUNTNO`, `CUST_ACCOUNTNAME`, `CHA_ID`, `USER_ID`, `CUST_CREATEDON`) VALUES
(15261, 'Ilham jaya', 'ilham@gmail.com', 'Bareng RT 02/05', '+62 817 1717 9091', 1, 15, 243, 4347, 1, '1234565412', 'Ilham Jaya', 2, 2, '2019-05-19 16:52:51'),
(15262, 'Munawar', 'coba@gmail.com', 'Jl. Baru', '089123456879', 1, 13, 215, 5866, 2, '123456789', 'Munawar', 7, 2, '2019-05-20 03:53:58'),
(15264, 'Haris Putra', 'coba@gmail.com', 'Banaran', '089123456879', 1, 13, 215, 5876, 1, '123456789', 'Haris Putra', 1, 6, '2019-05-21 09:03:06'),
(15265, 'Sigit', 'coba@gmail.com', '', '089123456123', 1, 1, 15, 4250, 2, '666444332123', 'Sigit', 6, 6, '2019-05-21 09:25:41'),
(15269, 'supardi', 'a@mail.com', 'Jl. Kepatihan Raya no.110', '081212348765', 1, 14, 269, 6983, 0, '', '', 9, 6, '2019-05-24 07:36:32'),
(15270, 'coba', 'coba@gmail.com', 'Jl Mawar No. 27', '08274379459', 1, 15, 240, 0, 3, '', '', 5, 6, '2019-05-27 06:46:00'),
(15271, 'Irianto', 'iriasnto@rocketmail.com', '', '085282929211', 1, 13, 198, 1458, 3, '', '', 7, 6, '2019-07-11 08:42:43'),
(15275, 'Roni', 'roni@yahoo.com', '', '085808980456', 1, 17, 270, 259, 3, '868768678', 'Roni', 7, 6, '2019-07-16 06:25:53'),
(15276, 'Yuga Adi Kusuma', '', 'Jalan Sukodami 2 No. 17, Kelurahan Mojo, Kecamatan Gubeng, Kota Surabaya 60285', '087855796998', 1, 15, 264, 6138, 3, '', '', 7, 6, '2019-07-16 08:18:16'),
(15277, 'AYUB WIRASUKMA', '', 'Jl Kepodang 3 RT 10 RW 12, Gondomanan, Kota Yogyakarta, Daerah Istimewa Yogyakarta, Indonesia.', '081332265693', 1, 14, 269, 6984, 0, '', '', 3, 65, '2019-07-16 08:33:04'),
(15278, 'Andi Santoso', '', '', '089785743634', 1, 15, 243, 4347, 0, '', '', 7, 6, '2019-08-05 06:05:15'),
(15279, 'Steffi', '', 'jl ciliwung raya no 10A, mlatiharjo, semarang timur, kota semarang, Jawa Tengah', '085640691046', 1, 13, 224, 5510, 0, '', '', 7, 6, '2019-08-05 06:09:47'),
(15280, 'Romadhoni', '', 'Jl. Veteran 1007, Warungboto, UH IV', '08976262819', 1, 14, 269, 6993, 4, '0220212121', 'Romadhoni', 4, 65, '2019-08-07 08:03:51'),
(15281, 'Kurniawan', '', 'Jln Jembatan Besi Raya RT03 RW03 NO 39, Kec:Tambora JAKARTA BARAT', '082307111854', 1, 11, 187, 2094, 0, '', '', 1, 64, '2019-08-09 07:18:55'),
(15282, 'Rojali', '', '', '08796754345', 1, 11, 188, 2098, 0, '', '', 6, 9, '2019-08-28 04:59:38'),
(15283, 'NURUL HIDAYATI ', '', 'UD. BARUNA RAYA, Jl tumenggung suryo no.40 kav.B kel. Bunulrejo, kec. Blimbing, Kota Malang, Jawa Timur 65126', '081313848517', 1, 15, 260, 3634, 0, '', '', 7, 6, '2019-09-27 03:22:13'),
(15284, 'test-customer1', '', '123', '08161182673', 1, 15, 260, 3634, 0, '', '', 7, 6, '2019-11-01 02:31:04'),
(15285, 'Sanusi Mulyo', '', 'Dsn. Bareng RT 02/05, Ds. Sriwedari', '08562933101', 1, 15, 243, 4347, 1, '1234567890', 'Sanusi Mulyo', 1, 6, '2019-12-17 02:41:30'),
(15286, 'customer1', '', 'Jl. Widuri no 49 Kasihan Bantul', '081211110000', 1, 14, 265, 543, 0, '', '', 7, 6, '2019-12-27 02:25:13'),
(15287, 'customer2', '', '', '0812-2222-0000', 1, 15, 240, 3615, 0, '', '', 4, 6, '2019-12-27 03:07:32'),
(15288, 'Fendi Budi', '', '', '086573839012', 1, 15, 259, 3509, 2, '4524234', 'Fendi Budi', 1, 6, '2020-01-21 02:59:46'),
(15289, 'nana meliana', 'nana@gmail.com', 'jl sawit No.31', '081233973762', 1, 14, 269, 6993, 3, '12343526536', 'nana meliana', 7, 9, '2020-03-02 06:14:00'),
(15295, 'a1', '', '', '081 907 755 855', 0, 0, 0, 0, 0, '', '', 7, 6, '2020-10-28 01:52:07'),
(15291, 'Diah Wiratama', '', 'Jl. Kangasem no 11, Bawen, Semarang', '0812-1111-2222', 1, 13, 214, 5483, 0, '', '', 7, 6, '2020-06-01 03:32:33'),
(15292, 'Lucas', '', '', '+62 852-5858-2233', 0, 0, 0, 0, 0, '', '', 7, 6, '2020-07-02 02:02:54'),
(15293, 'Vivi Silviana', '', 'Apartemen Mediterania Garden Residences 1, Tower Dahlia, Unit D35HK, Jl Tanjung Duren Raya Kav 5-9, Jakarta Barat', '08161182673', 1, 11, 187, 2088, 0, '', '', 1, 6, '2020-07-07 06:27:26');

-- --------------------------------------------------------

--
-- Struktur dari tabel `tb_customer_activity`
--

CREATE TABLE `tb_customer_activity` (
  `CACT_ID` int(11) NOT NULL,
  `CACT_NAME` varchar(100) NOT NULL
) ENGINE=InnoDB DEFAULT CHARSET=latin1;

--
-- Dumping data untuk tabel `tb_customer_activity`
--

INSERT INTO `tb_customer_activity` (`CACT_ID`, `CACT_NAME`) VALUES
(1, 'Product Sampling'),
(2, 'Check Stock'),
(3, 'Order'),
(4, 'Assign to CS');

-- --------------------------------------------------------

--
-- Struktur dari tabel `tb_customer_deposit`
--

CREATE TABLE `tb_customer_deposit` (
  `CUSTD_ID` int(11) NOT NULL,
  `CUSTD_DATE` timestamp NULL DEFAULT NULL,
  `ORDER_ID` int(11) DEFAULT NULL,
  `ORDV_ID` int(11) DEFAULT NULL,
  `CUSTD_DEPOSIT` decimal(10,0) DEFAULT NULL,
  `CUSTD_DEPOSIT_STATUS` tinyint(4) DEFAULT NULL,
  `CUSTD_ORDER_ID` int(11) DEFAULT NULL,
  `CUST_ID` int(11) DEFAULT NULL,
  `USER_ID` int(11) DEFAULT NULL,
  `CUSTD_PAY_DATE` timestamp NULL DEFAULT NULL,
  `CUSTD_NOTES` varchar(500) DEFAULT NULL
) ENGINE=InnoDB DEFAULT CHARSET=latin1;

--
-- Dumping data untuk tabel `tb_customer_deposit`
--

INSERT INTO `tb_customer_deposit` (`CUSTD_ID`, `CUSTD_DATE`, `ORDER_ID`, `ORDV_ID`, `CUSTD_DEPOSIT`, `CUSTD_DEPOSIT_STATUS`, `CUSTD_ORDER_ID`, `CUST_ID`, `USER_ID`, `CUSTD_PAY_DATE`, `CUSTD_NOTES`) VALUES
(145, '2020-03-18 08:10:58', 4261, NULL, '196000', 0, NULL, 15261, 2, NULL, NULL),
(146, '2020-05-05 09:35:05', NULL, NULL, '-3000', 0, NULL, 15288, NULL, NULL, 'Kekurangan ongkir sample 16-03-2020');

-- --------------------------------------------------------

--
-- Struktur dari tabel `tb_customer_log`
--

CREATE TABLE `tb_customer_log` (
  `CLOG_ID` int(11) NOT NULL,
  `CLOG_DATE` timestamp NULL DEFAULT NULL,
  `CACT_ID` int(11) NOT NULL,
  `CUST_ID` int(11) NOT NULL,
  `USER_ID` int(11) NOT NULL,
  `CHA_ID` int(11) NOT NULL,
  `FLWS_ID` tinyint(4) DEFAULT NULL
) ENGINE=InnoDB DEFAULT CHARSET=latin1;

--
-- Dumping data untuk tabel `tb_customer_log`
--

INSERT INTO `tb_customer_log` (`CLOG_ID`, `CLOG_DATE`, `CACT_ID`, `CUST_ID`, `USER_ID`, `CHA_ID`, `FLWS_ID`) VALUES
(15386, '2019-10-25 03:15:58', 4, 15279, 9, 7, 0),
(15439, '2020-01-08 08:54:06', 2, 15283, 6, 7, 4),
(15440, '2020-01-08 08:54:43', 2, 15281, 6, 1, NULL),
(15441, '2020-01-08 08:55:07', 2, 15287, 6, 4, NULL),
(15442, '2020-01-17 03:26:04', 1, 15280, 6, 4, 4),
(15443, '2020-01-17 06:34:20', 1, 15279, 6, 7, 3),
(15444, '2020-01-20 07:29:00', 4, 15285, 65, 1, 4),
(15445, '2020-01-20 08:14:20', 1, 15279, 6, 7, NULL),
(15446, '2020-01-21 08:16:45', 4, 15287, 9, 4, 0),
(15447, '2020-01-28 06:24:36', 2, 15283, 6, 7, 4),
(15448, '2020-01-28 09:04:15', 1, 15285, 6, 1, NULL),
(15449, '2020-02-04 09:07:43', 2, 15277, 6, 3, NULL),
(15450, '2020-02-04 09:09:05', 2, 15277, 6, 3, 4),
(15452, '2020-03-02 09:15:43', 2, 15289, 9, 7, NULL),
(15453, '2020-03-02 09:19:16', 2, 15282, 9, 6, 1),
(15454, '2020-03-02 09:19:16', 2, 15282, 9, 6, NULL),
(15455, '2020-03-02 09:23:18', 4, 15277, 9, 3, 2),
(15456, '2020-03-02 09:28:36', 4, 15265, 2, 6, 2),
(15457, '2020-03-02 09:44:17', 2, 15265, 2, 6, NULL),
(15458, '2020-03-02 09:53:45', 4, 15283, 9, 7, 2),
(15459, '2020-03-02 09:55:39', 2, 15283, 9, 7, NULL),
(15460, '2020-03-16 01:27:59', 1, 15288, 6, 1, NULL),
(15461, '2020-03-18 06:45:31', 4, 15261, 65, 2, 4),
(15462, '2020-03-18 06:49:08', 4, 15289, 65, 7, 4),
(15463, '2020-03-18 06:49:51', 2, 15289, 6, 7, NULL),
(15464, '2020-03-18 06:53:47', 2, 15285, 65, 1, NULL),
(15465, '2020-03-18 06:59:38', 4, 15261, 65, 2, 2),
(15467, '2020-03-18 07:54:35', 4, 15261, 65, 2, 2),
(15468, '2020-03-18 08:04:11', 2, 15261, 65, 2, 4),
(15469, '2020-03-18 08:24:57', 4, 15261, 65, 2, 2),
(15470, '2020-03-18 08:26:31', 2, 15261, 65, 2, 4),
(15472, '2020-03-31 10:45:19', 2, 15277, 65, 3, NULL);

-- --------------------------------------------------------

--
-- Struktur dari tabel `tb_docno`
--

CREATE TABLE `tb_docno` (
  `DOC_ID` int(11) NOT NULL,
  `DOC_INC` int(11) NOT NULL,
  `DOC_NO` varchar(50) NOT NULL,
  `DOC_DATE` timestamp NULL DEFAULT NULL,
  `DOC_TYPE` int(11) DEFAULT NULL,
  `DOC_NOTES` varchar(500) DEFAULT NULL,
  `ORDER_ID` int(11) DEFAULT NULL
) ENGINE=MyISAM DEFAULT CHARSET=latin1;

-- --------------------------------------------------------

--
-- Struktur dari tabel `tb_followup`
--

CREATE TABLE `tb_followup` (
  `FLWP_ID` int(11) NOT NULL,
  `FLWP_DATE` timestamp NULL DEFAULT NULL,
  `FLWP_NOTES` varchar(500) DEFAULT NULL,
  `FLWS_ID` tinyint(4) DEFAULT NULL,
  `FLWC_ID` tinyint(4) DEFAULT NULL,
  `CLOG_ID` int(11) NOT NULL
) ENGINE=InnoDB DEFAULT CHARSET=latin1;

--
-- Dumping data untuk tabel `tb_followup`
--

INSERT INTO `tb_followup` (`FLWP_ID`, `FLWP_DATE`, `FLWP_NOTES`, `FLWS_ID`, `FLWC_ID`, `CLOG_ID`) VALUES
(136, '2020-01-08 07:58:52', '', 4, 0, 15439),
(137, '2020-01-19 17:00:00', 'tes', 0, NULL, 15444),
(138, '2020-01-21 07:43:11', '', 1, 0, 15442),
(139, '2020-01-21 07:43:30', '', 4, NULL, 15442),
(140, '2020-01-21 07:55:32', '', 1, NULL, 15443),
(141, '2020-01-21 07:56:40', '', 3, NULL, 15443),
(142, '2020-01-20 17:00:00', 'tes', 0, NULL, 15446),
(144, '2020-01-28 08:12:18', '', 4, 0, 15447),
(145, '2020-02-06 06:40:35', '', 4, 0, 15450),
(146, '2020-03-02 09:21:38', 'follow up via WA hasilnya masih menunggu', 1, NULL, 15453),
(147, '2020-03-01 17:00:00', 'cek stock honeycon 5m', 0, NULL, 15455),
(148, '2020-03-02 09:24:18', '', 2, NULL, 15455),
(149, '2020-03-01 17:00:00', 'tes', 0, NULL, 15456),
(150, '2020-03-02 09:50:41', 'tes check stock', 0, 0, 15456),
(151, '2020-03-02 09:50:56', '', 0, 0, 15456),
(152, '2020-03-02 09:51:04', '', 2, NULL, 15456),
(153, '2020-03-01 17:00:00', 'cek stock honeycon kuning 10m', 0, NULL, 15458),
(154, '2020-03-02 09:54:54', '', 2, NULL, 15458),
(155, '2020-03-17 17:00:00', 'parasut honey', 0, NULL, 15461),
(156, '2020-03-18 06:47:46', '', 4, 0, 15461),
(157, '2020-03-17 17:00:00', 'tes', 0, NULL, 15462),
(158, '2020-03-18 06:51:59', '', 4, 0, 15462),
(159, '2020-03-18 06:54:46', 'tes', 4, 0, 15444),
(160, '2020-03-17 17:00:00', 'tes', 0, NULL, 15465),
(161, '2020-03-18 07:02:32', 'parasut honey', 2, 0, 15465),
(162, '2020-03-18 07:57:15', 'parasut honeycon 1 roll', 0, 0, 15467),
(163, '2020-03-18 08:03:53', '', 2, NULL, 15467),
(164, '2020-03-18 08:11:48', '', 4, 0, 15468),
(165, '2020-03-17 17:00:00', 'parasut', 0, NULL, 15469),
(166, '2020-03-18 08:25:56', 'parasut', 2, NULL, 15469),
(167, '2020-03-18 08:27:35', '', 4, NULL, 15470);

-- --------------------------------------------------------

--
-- Struktur dari tabel `tb_followup_closed`
--

CREATE TABLE `tb_followup_closed` (
  `FLWC_ID` tinyint(4) NOT NULL,
  `FLWC_NAME` varchar(100) NOT NULL
) ENGINE=InnoDB DEFAULT CHARSET=latin1;

--
-- Dumping data untuk tabel `tb_followup_closed`
--

INSERT INTO `tb_followup_closed` (`FLWC_ID`, `FLWC_NAME`) VALUES
(1, 'Barang Tidak Cocok'),
(2, 'Harga Terlalu Mahal'),
(3, 'Stock Tidak Ada/Cukup'),
(4, 'Sudah Beli di Tempat Lain'),
(5, 'Order Batal'),
(6, 'Belum Ada Kebutuhan');

-- --------------------------------------------------------

--
-- Struktur dari tabel `tb_followup_status`
--

CREATE TABLE `tb_followup_status` (
  `FLWS_ID` tinyint(4) NOT NULL,
  `FLWS_NAME` varchar(100) NOT NULL
) ENGINE=InnoDB DEFAULT CHARSET=latin1;

--
-- Dumping data untuk tabel `tb_followup_status`
--

INSERT INTO `tb_followup_status` (`FLWS_ID`, `FLWS_NAME`) VALUES
(0, 'Open'),
(1, 'In Progress'),
(2, 'Check Stock'),
(3, 'Product Sampling'),
(4, 'Order'),
(5, 'Closed');

-- --------------------------------------------------------

--
-- Struktur dari tabel `tb_group`
--

CREATE TABLE `tb_group` (
  `GRP_ID` int(11) NOT NULL,
  `GRP_NAME` varchar(100) NOT NULL
) ENGINE=MyISAM DEFAULT CHARSET=latin1;

--
-- Dumping data untuk tabel `tb_group`
--

INSERT INTO `tb_group` (`GRP_ID`, `GRP_NAME`) VALUES
(1, 'Customer Service'),
(14, 'Supervisor'),
(3, 'Superuser'),
(2, 'Product Management'),
(15, 'Custom Management');

-- --------------------------------------------------------

--
-- Struktur dari tabel `tb_group_access`
--

CREATE TABLE `tb_group_access` (
  `GACC_ID` int(11) NOT NULL,
  `GRP_ID` int(11) NOT NULL,
  `MOD_ID` int(11) NOT NULL,
  `GACC_ADD` tinyint(1) NOT NULL,
  `GACC_EDIT` tinyint(1) NOT NULL,
  `GACC_DELETE` tinyint(1) NOT NULL,
  `GACC_VIEWALL` tinyint(1) NOT NULL
) ENGINE=MyISAM DEFAULT CHARSET=utf8;

--
-- Dumping data untuk tabel `tb_group_access`
--

INSERT INTO `tb_group_access` (`GACC_ID`, `GRP_ID`, `MOD_ID`, `GACC_ADD`, `GACC_EDIT`, `GACC_DELETE`, `GACC_VIEWALL`) VALUES
(52, 1, 10, 0, 0, 0, 1),
(95, 1, 29, 1, 1, 0, 0),
(87, 2, 27, 1, 1, 0, 1),
(44, 1, 1, 1, 0, 0, 0),
(88, 2, 28, 1, 1, 0, 1),
(60, 1, 15, 0, 0, 0, 1),
(12, 1, 0, 0, 1, 0, 1),
(50, 1, 2, 1, 1, 0, 0),
(19, 3, 9, 1, 1, 1, 1),
(40, 8, 1, 1, 1, 1, 1),
(53, 1, 12, 0, 0, 0, 1),
(94, 14, 29, 0, 0, 0, 1),
(56, 1, 11, 0, 0, 0, 1),
(89, 14, 26, 1, 1, 1, 1),
(83, 1, 26, 1, 1, 1, 0),
(62, 1, 14, 1, 0, 0, 0),
(90, 14, 28, 1, 1, 1, 1),
(92, 14, 27, 1, 1, 1, 1),
(91, 14, 25, 1, 1, 1, 1),
(81, 1, 25, 1, 1, 1, 0),
(78, 1, 20, 0, 0, 0, 1),
(77, 1, 13, 0, 0, 0, 1),
(80, 1, 24, 1, 1, 1, 1),
(96, 1, 34, 1, 1, 1, 0),
(97, 2, 31, 0, 1, 0, 1),
(98, 2, 34, 0, 1, 0, 1),
(99, 2, 33, 0, 1, 0, 1),
(100, 1, 36, 0, 0, 0, 0),
(101, 1, 37, 0, 0, 0, 0),
(102, 1, 38, 0, 0, 0, 0),
(103, 15, 40, 1, 1, 1, 1),
(104, 15, 41, 1, 1, 1, 1),
(105, 15, 42, 1, 1, 1, 1),
(106, 15, 43, 1, 1, 1, 1),
(107, 15, 45, 1, 1, 1, 1),
(108, 15, 46, 1, 1, 1, 1),
(109, 15, 44, 1, 1, 1, 1),
(110, 15, 39, 1, 1, 1, 1);

-- --------------------------------------------------------

--
-- Struktur dari tabel `tb_log_sample`
--

CREATE TABLE `tb_log_sample` (
  `LSAM_ID` int(11) NOT NULL,
  `LSAM_DATE` timestamp NULL DEFAULT NULL,
  `LSAM_NOTES` varchar(500) DEFAULT NULL,
  `LSAM_COST` decimal(10,0) DEFAULT NULL,
  `LSAM_DEPOSIT` decimal(10,0) DEFAULT NULL,
  `LSAM_COST_ACTUAL` decimal(10,0) DEFAULT NULL,
  `LSAM_PAYDATE` timestamp NULL DEFAULT NULL,
  `LSAM_DELDATE` timestamp NULL DEFAULT NULL,
  `LSAM_RCPNO` varchar(100) NOT NULL,
  `COURIER_ID` int(11) NOT NULL,
  `LSAM_SERVICE_TYPE` varchar(35) DEFAULT NULL,
  `CITY_ID` int(11) NOT NULL,
  `CUST_ID` int(11) NOT NULL,
  `BANK_ID` int(11) NOT NULL,
  `USER_ID` int(11) NOT NULL,
  `CLOG_ID` int(11) NOT NULL
) ENGINE=InnoDB DEFAULT CHARSET=latin1;

--
-- Dumping data untuk tabel `tb_log_sample`
--

INSERT INTO `tb_log_sample` (`LSAM_ID`, `LSAM_DATE`, `LSAM_NOTES`, `LSAM_COST`, `LSAM_DEPOSIT`, `LSAM_COST_ACTUAL`, `LSAM_PAYDATE`, `LSAM_DELDATE`, `LSAM_RCPNO`, `COURIER_ID`, `LSAM_SERVICE_TYPE`, `CITY_ID`, `CUST_ID`, `BANK_ID`, `USER_ID`, `CLOG_ID`) VALUES
(87, '2020-01-17 03:26:04', 'Taslan Bening Taslan Milky Parasut DIAMOND Parasut Bening Parasut Metalik Parasut Milky Parasut Oxford Parasut Silver Parasut Super Parasut Tipis Parasut Loreng Bening / Biway Taslan GN', '6000', NULL, '6000', '2020-01-16 17:00:00', '2020-01-19 17:00:00', '765776567', 19, 'CTC', 269, 15280, 2, 6, 15442),
(88, '2020-01-17 06:34:20', 'Kain Drifit Hijau Stabill', '11000', NULL, '11000', '2020-01-16 17:00:00', '2020-01-19 17:00:00', '44534534534534', 19, 'REG', 269, 15279, 2, 6, 15443),
(89, '2020-01-20 08:14:20', 'tes', '11000', NULL, NULL, '2020-01-19 17:00:00', NULL, '', 19, 'REG', 269, 15279, 2, 6, 15445),
(90, '2020-01-28 09:04:15', 'tes', '0', NULL, NULL, '2020-01-27 17:00:00', NULL, '', 30, 'COD', 269, 15285, 2, 6, 15448),
(91, '2020-03-16 01:27:59', 'tes', '16000', NULL, '19000', '2020-04-29 17:00:00', '2020-04-29 17:00:00', '63653456456', 19, 'REG', 269, 15288, 2, 6, 15460);

-- --------------------------------------------------------

--
-- Struktur dari tabel `tb_log_stock`
--

CREATE TABLE `tb_log_stock` (
  `LSTOCK_ID` int(11) NOT NULL,
  `LSTOCK_DATE` timestamp NULL DEFAULT NULL,
  `LSTOCK_COLOR` varchar(50) DEFAULT NULL,
  `LSTOCK_AMOUNT` float DEFAULT NULL,
  `LSTOCK_CNOTES` varchar(500) DEFAULT NULL,
  `LSTOCK_VNOTES` varchar(500) DEFAULT NULL,
  `LSTOCK_STATUS` tinyint(4) DEFAULT NULL,
  `PRO_ID` int(11) NOT NULL,
  `UMEA_ID` int(11) NOT NULL,
  `CUST_ID` int(11) NOT NULL,
  `USER_ID` int(11) NOT NULL,
  `CLOG_ID` int(11) NOT NULL
) ENGINE=InnoDB DEFAULT CHARSET=latin1;

--
-- Dumping data untuk tabel `tb_log_stock`
--

INSERT INTO `tb_log_stock` (`LSTOCK_ID`, `LSTOCK_DATE`, `LSTOCK_COLOR`, `LSTOCK_AMOUNT`, `LSTOCK_CNOTES`, `LSTOCK_VNOTES`, `LSTOCK_STATUS`, `PRO_ID`, `UMEA_ID`, `CUST_ID`, `USER_ID`, `CLOG_ID`) VALUES
(136, '2020-01-08 08:54:06', 'biru', 1.5, '', '', 1, 24, 9, 15283, 6, 15439),
(137, '2020-01-08 08:54:43', 'merah', 1, '', '', 0, 16, 9, 15281, 6, 15440),
(138, '2020-01-08 08:55:07', 'kuning', 1, '', NULL, NULL, 35, 9, 15287, 6, 15441),
(139, '2020-01-28 06:24:36', 'hitam', 10, '', '', 1, 35, 8, 15283, 6, 15447),
(140, '2020-02-04 09:07:43', 'putih', 10, 'ditulis', 'adanya warna hitam', 0, 38, 8, 15277, 6, 15449),
(141, '2020-02-04 09:09:05', 'merah', 10, 'cek warna hitam', '', 1, 38, 8, 15277, 6, 15450),
(143, '2020-03-02 09:15:43', 'merah', 5, '', 'adanya warna kuning dan hitam', 0, 22, 5, 15289, 9, 15452),
(144, '2020-03-02 09:19:16', 'kuning', 5, '', '', 1, 17, 2, 15282, 9, 15453),
(145, '2020-03-02 09:19:16', 'kuning', 5, '', NULL, NULL, 17, 2, 15282, 9, 15454),
(146, '2020-03-02 09:44:17', 'biru', 2, '', NULL, NULL, 35, 9, 15265, 2, 15457),
(147, '2020-03-02 09:55:39', 'kuning', 10, '', NULL, NULL, 38, 8, 15283, 9, 15459),
(148, '2020-03-18 06:49:51', 'hitam', 1, '', NULL, NULL, 35, 9, 15289, 6, 15463),
(149, '2020-03-18 06:53:47', 'biru', 1, '', NULL, NULL, 38, 9, 15285, 65, 15464),
(151, '2020-03-18 08:04:11', 'biru', 1, '', '', 1, 35, 9, 15261, 65, 15468),
(152, '2020-03-18 08:26:31', 'biru', 1, '', '', 1, 22, 9, 15261, 65, 15470),
(154, '2020-03-31 10:45:19', 'biru', 1, '', '', 1, 22, 9, 15277, 65, 15472);

-- --------------------------------------------------------

--
-- Struktur dari tabel `tb_module`
--

CREATE TABLE `tb_module` (
  `MOD_ID` int(11) NOT NULL,
  `MOD_NAME` varchar(100) NOT NULL
) ENGINE=MyISAM DEFAULT CHARSET=utf8;

--
-- Dumping data untuk tabel `tb_module`
--

INSERT INTO `tb_module` (`MOD_ID`, `MOD_NAME`) VALUES
(1, 'Customer'),
(2, 'Order'),
(3, 'Bank'),
(4, 'Channel'),
(8, 'Vendor'),
(19, 'Product Type'),
(12, 'Area'),
(14, 'Courier'),
(15, 'Product'),
(16, 'Unit Measure'),
(20, 'Product Option'),
(24, 'Calculator'),
(25, 'Product Sampling CS'),
(26, 'Check Stock CS'),
(27, 'Product Sampling PM'),
(28, 'Check Stock PM'),
(29, 'Follow Up'),
(30, 'Report'),
(31, 'Order SS'),
(32, 'Vendor Bank'),
(33, 'Payment To Vendor'),
(34, 'Customer Deposit'),
(35, 'Vendor Deposit'),
(36, 'Sample to Order'),
(37, 'Check Stock to Order'),
(38, 'Income by CS'),
(39, 'Producer'),
(40, 'Producer Bank'),
(41, 'Producer Category'),
(42, 'Producer Type'),
(43, 'Producer Product'),
(44, 'Size'),
(45, 'Project Type'),
(46, 'Project Activity'),
(47, 'Project Criteria'),
(48, 'Payment To Producer'),
(49, 'Price Change'),
(50, 'Shipcost Difference'),
(51, 'Order Custom'),
(52, 'Follow Up VR'),
(53, 'Assign Producer');

-- --------------------------------------------------------

--
-- Struktur dari tabel `tb_order`
--

CREATE TABLE `tb_order` (
  `ORDER_ID` int(11) NOT NULL,
  `CUST_ID` int(20) NOT NULL,
  `ORDER_DATE` timestamp NULL DEFAULT NULL,
  `ORDER_NOTES` varchar(500) DEFAULT NULL,
  `ORDER_TOTAL` decimal(10,0) DEFAULT NULL,
  `ORDER_DISCOUNT` decimal(10,0) DEFAULT NULL,
  `ORDER_DEPOSIT` decimal(10,0) DEFAULT NULL,
  `ORDER_SHIPCOST` decimal(10,0) DEFAULT NULL,
  `ORDER_TAX` decimal(10,0) DEFAULT NULL,
  `ORDER_GRAND_TOTAL` decimal(10,0) DEFAULT NULL,
  `ORDER_DP` decimal(10,0) DEFAULT NULL,
  `ORDER_STATUS` smallint(6) DEFAULT NULL,
  `ORDER_STATUS_CANCEL` smallint(6) DEFAULT NULL,
  `BANK_ID` int(11) DEFAULT NULL,
  `ORDER_PAYMENT_DATE` date DEFAULT '0000-00-00',
  `USER_ID` int(20) DEFAULT NULL,
  `CHA_ID` int(20) DEFAULT NULL
) ENGINE=InnoDB DEFAULT CHARSET=latin1;

--
-- Dumping data untuk tabel `tb_order`
--

INSERT INTO `tb_order` (`ORDER_ID`, `CUST_ID`, `ORDER_DATE`, `ORDER_NOTES`, `ORDER_TOTAL`, `ORDER_DISCOUNT`, `ORDER_DEPOSIT`, `ORDER_SHIPCOST`, `ORDER_TAX`, `ORDER_GRAND_TOTAL`, `ORDER_DP`, `ORDER_STATUS`, `ORDER_STATUS_CANCEL`, `BANK_ID`, `ORDER_PAYMENT_DATE`, `USER_ID`, `CHA_ID`) VALUES
(4255, 15277, '2020-03-17 07:26:47', '', '161000', '0', NULL, '14000', '0', '175000', NULL, 2, NULL, 2, '2020-03-17', 6, 3),
(4256, 15287, '2020-03-17 07:30:28', '', '140000', '0', NULL, '24000', '0', '164000', NULL, 2, NULL, 2, '2020-03-17', 6, 4),
(4257, 15281, '2020-03-17 07:53:49', '', '161000', '0', NULL, '32000', '0', '193000', NULL, 2, NULL, 2, '2020-03-17', 6, 1),
(4259, 15283, '2020-01-08 07:58:52', NULL, '3750000', NULL, NULL, NULL, NULL, NULL, NULL, NULL, NULL, NULL, '0000-00-00', 6, 7),
(4261, 15261, '2020-03-18 08:10:05', '', '120000', '0', NULL, '76000', '0', '196000', NULL, 5, 3, 2, '2020-03-18', 6, 2),
(4262, 15261, '2020-03-18 08:11:48', NULL, '2100000', NULL, NULL, NULL, NULL, NULL, NULL, NULL, NULL, NULL, '0000-00-00', 65, 2),
(4263, 15261, '2020-03-18 08:27:35', NULL, '2100000', NULL, NULL, NULL, NULL, NULL, NULL, NULL, NULL, NULL, '0000-00-00', 65, 2),
(4265, 15277, '2020-03-20 04:20:45', '', '510000', '0', NULL, '48000', '0', '558000', NULL, 2, NULL, 3, '2020-03-20', 6, 3),
(4266, 15283, '2020-03-20 04:44:42', '', '372500', '0', NULL, '59000', '0', '431500', NULL, 2, NULL, 2, '2020-03-20', 6, 7),
(4267, 15282, '2020-03-20 06:18:06', '', '161000', '0', NULL, '54000', '0', '215000', NULL, 2, NULL, 2, '2020-03-20', 6, 6),
(4269, 15265, '2020-03-24 09:43:19', '', '288000', NULL, NULL, NULL, NULL, NULL, NULL, NULL, NULL, NULL, '0000-00-00', 6, 6),
(4270, 15283, '2020-03-26 03:30:52', '', '2290000', NULL, NULL, NULL, NULL, NULL, NULL, 5, NULL, NULL, '0000-00-00', 6, 7),
(4271, 15283, '2020-03-26 03:43:21', '', '2495000', '0', NULL, '58500', '0', '2553500', NULL, 2, NULL, 3, '2020-03-26', 6, 7);

-- --------------------------------------------------------

--
-- Struktur dari tabel `tb_order_detail`
--

CREATE TABLE `tb_order_detail` (
  `ORDD_ID` int(11) NOT NULL,
  `ORDER_ID` int(11) DEFAULT NULL,
  `PRO_ID` int(11) DEFAULT NULL,
  `VEND_ID` int(11) DEFAULT NULL,
  `UMEA_ID` int(11) NOT NULL,
  `ORDD_QUANTITY` float DEFAULT NULL,
  `ORDD_WEIGHT` float DEFAULT NULL,
  `ORDD_OPTION` varchar(50) DEFAULT NULL,
  `ORDD_PRICE` decimal(10,0) DEFAULT NULL,
  `ORDD_PRICE_VENDOR` decimal(10,0) DEFAULT NULL,
  `ORDD_QUANTITY_VENDOR` float DEFAULT NULL,
  `ORDD_OPTION_VENDOR` varchar(50) DEFAULT NULL
) ENGINE=InnoDB DEFAULT CHARSET=latin1;

--
-- Dumping data untuk tabel `tb_order_detail`
--

INSERT INTO `tb_order_detail` (`ORDD_ID`, `ORDER_ID`, `PRO_ID`, `VEND_ID`, `UMEA_ID`, `ORDD_QUANTITY`, `ORDD_WEIGHT`, `ORDD_OPTION`, `ORDD_PRICE`, `ORDD_PRICE_VENDOR`, `ORDD_QUANTITY_VENDOR`, `ORDD_OPTION_VENDOR`) VALUES
(419, 4255, 17, 880, 2, 1, 1, 'merah', '80000', '70000', 1, NULL),
(420, 4255, 34, 880, 5, 1, 0.8, 'hijau', '81000', '72000', 1, 'hijau'),
(421, 4256, 17, 874, 2, 1, 1, 'kuning', '80000', '70000', 1, NULL),
(422, 4256, 23, 874, 5, 1, 0.2, 'hijau', '60000', '55000', 1, NULL),
(423, 4257, 17, 874, 2, 1, 1, 'tes', '80000', '70000', 1, NULL),
(424, 4257, 34, 874, 5, 1, 0.8, 'tes', '81000', '72000', 1, NULL),
(426, 4259, 24, 872, 8, 150, 20, 'biru', '25000', '20000', NULL, NULL),
(428, 4261, 17, 874, 2, 1.5, 1.5, '', '80000', '70000', 1.5, NULL),
(429, 4262, 35, 881, 8, 100, 15, 'biru', '21000', '18000', NULL, NULL),
(430, 4263, 22, 881, 8, 120, 22, 'biru', '17500', '15000', NULL, NULL),
(432, 4265, 39, 882, 5, 10, 2, 'merah', '27500', '23000', 10, NULL),
(433, 4265, 40, 882, 5, 5, 1, 'hitam', '47000', '41000', 5, NULL),
(434, 4266, 39, 882, 5, 5, 1, 'kuning', '27500', '23000', 5, NULL),
(435, 4266, 40, 883, 5, 5, 1, 'hitam', '47000', '41000', 5, NULL),
(436, 4267, 17, 874, 2, 1, 1, 'hijau', '80000', '70000', 1, NULL),
(437, 4267, 34, 880, 5, 1, 0.8, 'kuning', '81000', '72000', 1, NULL),
(439, 4269, 34, 881, 5, 3, 2.4, 'biru', '96000', '87000', 3, NULL),
(440, 4270, 39, 882, 5, 10, 2, 'hitam', '27500', '23000', 10, NULL),
(441, 4270, 40, 882, 5, 5, 1, 'hijau', '48000', '42000', 5, NULL),
(442, 4270, 40, 882, 8, 50, 10, 'hijau', '35500', '30500', 50, NULL),
(443, 4271, 39, 882, 5, 10, 2, 'hitam', '27500', '23000', 10, NULL),
(444, 4271, 40, 882, 5, 10, 2, 'putih', '47000', '42000', 10, NULL),
(445, 4271, 40, 882, 8, 50, 10, 'merah', '35000', '30500', 50, NULL);

-- --------------------------------------------------------

--
-- Struktur dari tabel `tb_order_letter`
--

CREATE TABLE `tb_order_letter` (
  `ORDL_ID` int(11) NOT NULL,
  `ORDL_DATE` timestamp NULL DEFAULT NULL,
  `ORDER_ID` int(11) DEFAULT NULL,
  `ORDL_TYPE` tinyint(4) DEFAULT NULL,
  `ORDL_NO` int(11) DEFAULT NULL,
  `ORDL_LNO` varchar(20) DEFAULT NULL,
  `ORDL_NOTES` varchar(1000) DEFAULT NULL,
  `ORDL_DOC` tinyint(4) DEFAULT NULL
) ENGINE=InnoDB DEFAULT CHARSET=latin1;

--
-- Dumping data untuk tabel `tb_order_letter`
--

INSERT INTO `tb_order_letter` (`ORDL_ID`, `ORDL_DATE`, `ORDER_ID`, `ORDL_TYPE`, `ORDL_NO`, `ORDL_LNO`, `ORDL_NOTES`, `ORDL_DOC`) VALUES
(1, '2020-05-13 17:00:00', 4265, 1, 1, '001/OPS/QUO/V/2020', '1. Proses order max 2 hari setelah pembayaran dilakukan.\\r\\n2. Info Pengiriman :\\r\\n-Pengiriman dari Kota Bandung, menggunakan JNE REG estimasi 1-2 Hari.\\r\\n3. Transaksi tanpa Pajak. Pembayaran dalam dapat ditransfer melalui Bank BCA: 8020169363 atau Bank Mandiri: 1240004177276 atas nama Istofani Api Diany.', 1),
(2, '2020-05-16 17:00:00', 21, 1, 2, '002/OPS/QUO/V/2020', '1. Proses order max 2 hari setelah pembayaran dilakukan.\\r\\n2. Info Pengiriman : menggunakan kurir JNE OKE estimasi \\r\\n3. Transaksi tanpa Pajak. Pembayaran dalam dapat ditransfer melalui Bank BCA: 8020169363 atau Bank Mandiri: 1240004177276 atas nama Istofani Api Diany.', 3),
(3, '2020-05-31 17:00:00', 21, 2, 3, '003/OPS/INV/VI/2020', '1. Proses order max 2 hari setelah pembayaran dilakukan.\\r\\n2. Info Pengiriman : menggunakan kurir JNE OKE estimasi \\r\\n3. Transaksi tanpa Pajak. Pembayaran dalam dapat ditransfer melalui Bank BCA: 8020169363 atau Bank Mandiri: 1240004177276 atas nama Istofani Api Diany.', 3),
(4, '2020-06-11 17:00:00', 23, 1, 4, '004/OPS/QUO/VI/2020', '1. Proses order max 2 hari setelah pembayaran dilakukan.\\r\\n2. Info Pengiriman : menggunakan kurir POS Paket Jumbo Ekonomi estimasi 4.-5 hari\\r\\n3. Transaksi tanpa pajak. Dibayar secara cicilan, dapat ditransfer melalui Bank BCA: 8020169363 atau Bank Mandiri: 1240004177276 atas nama Istofani Api Diany.', 3),
(5, '2020-06-11 17:00:00', 23, 2, 5, '005/OPS/INV/VI/2020', '1. Proses order max 2 hari setelah pembayaran dilakukan.\\r\\n2. Info Pengiriman : menggunakan kurir POS Paket Jumbo Ekonomi estimasi 4.-5 hari\\r\\n3. Transaksi tanpa pajak. Dibayar secara cicilan, dapat ditransfer melalui Bank BCA: 8020169363 atau Bank Mandiri: 1240004177276 atas nama Istofani Api Diany.', 3),
(6, '2020-06-11 17:00:00', 25, 2, 6, '006/OPS/INV/VI/2020', '1. Proses order max 2 hari setelah pembayaran dilakukan.\\r\\n2. Info Pengiriman : menggunakan kurir WAHANA Normal estimasi 5 hari\\r\\n3. Transaksi tanpa pajak. Dibayar secara cicilan, dapat ditransfer melalui Bank BCA: 8020169363 atau Bank Mandiri: 1240004177276 atas nama Istofani Api Diany.', 3);

-- --------------------------------------------------------

--
-- Struktur dari tabel `tb_order_vendor`
--

CREATE TABLE `tb_order_vendor` (
  `ORDV_ID` int(11) NOT NULL,
  `ORDER_ID` int(11) DEFAULT NULL,
  `VEND_ID` int(11) DEFAULT NULL,
  `ORDV_WEIGHT` float DEFAULT NULL,
  `ORDV_WEIGHT_VENDOR` float DEFAULT NULL,
  `ORDV_SHIPCOST` decimal(10,0) DEFAULT NULL,
  `ORDV_SHIPCOST_VENDOR` decimal(10,0) DEFAULT NULL,
  `ORDV_SHIPCOST_PAY` decimal(10,0) DEFAULT NULL,
  `ORDV_ADDCOST_VENDOR` decimal(10,0) DEFAULT NULL,
  `ORDV_DISCOUNT_VENDOR` decimal(10,0) DEFAULT NULL,
  `ORDV_TOTAL` decimal(10,0) DEFAULT NULL,
  `ORDV_TOTAL_VENDOR` decimal(10,0) DEFAULT NULL,
  `ORDV_DELIVERY_DATE` date DEFAULT '0000-00-00',
  `ORDV_RECEIPT_NO` varchar(30) DEFAULT NULL,
  `COURIER_ID` int(11) DEFAULT NULL,
  `ORDV_SERVICE_TYPE` varchar(20) DEFAULT NULL,
  `ORDV_ETD` varchar(20) DEFAULT NULL,
  `PAYTOV_ID` int(11) DEFAULT NULL
) ENGINE=InnoDB DEFAULT CHARSET=latin1;

--
-- Dumping data untuk tabel `tb_order_vendor`
--

INSERT INTO `tb_order_vendor` (`ORDV_ID`, `ORDER_ID`, `VEND_ID`, `ORDV_WEIGHT`, `ORDV_WEIGHT_VENDOR`, `ORDV_SHIPCOST`, `ORDV_SHIPCOST_VENDOR`, `ORDV_SHIPCOST_PAY`, `ORDV_ADDCOST_VENDOR`, `ORDV_DISCOUNT_VENDOR`, `ORDV_TOTAL`, `ORDV_TOTAL_VENDOR`, `ORDV_DELIVERY_DATE`, `ORDV_RECEIPT_NO`, `COURIER_ID`, `ORDV_SERVICE_TYPE`, `ORDV_ETD`, `PAYTOV_ID`) VALUES
(359, 4256, 874, 1.2, NULL, '24000', NULL, NULL, NULL, NULL, '164000', '149000', '0000-00-00', NULL, 19, 'REG', '7-8 Hari', NULL),
(360, 4255, 880, 1.8, NULL, '14000', NULL, NULL, NULL, NULL, '175000', '156000', '0000-00-00', NULL, 30, 'EZ', ' Hari', NULL),
(363, 4257, 874, 1.8, NULL, '32000', NULL, NULL, NULL, NULL, '193000', '174000', '0000-00-00', NULL, 19, 'REG', '2-3 Hari', NULL),
(365, 4259, 872, NULL, NULL, NULL, NULL, NULL, NULL, NULL, NULL, NULL, '0000-00-00', NULL, NULL, NULL, NULL, NULL),
(367, 4261, 874, 1.5, NULL, '76000', NULL, NULL, NULL, NULL, '196000', '181000', '0000-00-00', NULL, 30, 'EZ', ' Hari', NULL),
(368, 4262, 881, NULL, NULL, NULL, NULL, NULL, NULL, NULL, NULL, NULL, '0000-00-00', NULL, NULL, NULL, NULL, NULL),
(369, 4263, 881, NULL, NULL, NULL, NULL, NULL, NULL, NULL, NULL, NULL, '0000-00-00', NULL, NULL, NULL, NULL, NULL),
(373, 4265, 882, 3, NULL, '48000', NULL, NULL, NULL, NULL, '558000', '483000', '0000-00-00', NULL, 19, 'REG', '1-2 Hari', NULL),
(374, 4266, 882, 1, NULL, '18000', NULL, NULL, NULL, NULL, '155500', '133000', '0000-00-00', NULL, 19, 'OKE', '2-3 Hari', NULL),
(375, 4266, 883, 1, NULL, '41000', NULL, NULL, NULL, NULL, '276000', '246000', '0000-00-00', NULL, 19, 'YES', '1-1 Hari', NULL),
(376, 4267, 874, 1, NULL, '16000', NULL, NULL, NULL, NULL, '96000', '86000', '0000-00-00', NULL, 19, 'REG', '2-3 Hari', NULL),
(377, 4267, 880, 0.8, NULL, '38000', NULL, NULL, NULL, NULL, '119000', '110000', '0000-00-00', NULL, 19, 'YES', '1-1 Hari', NULL),
(379, 4269, 881, NULL, NULL, NULL, NULL, NULL, NULL, NULL, NULL, NULL, '0000-00-00', NULL, NULL, NULL, NULL, NULL),
(380, 4270, 882, NULL, NULL, NULL, NULL, NULL, NULL, NULL, NULL, NULL, '0000-00-00', NULL, NULL, NULL, NULL, NULL),
(381, 4271, 882, 14, NULL, '58500', NULL, NULL, NULL, NULL, '2553500', '2233500', '0000-00-00', NULL, 15, '', '3', NULL);

-- --------------------------------------------------------

--
-- Struktur dari tabel `tb_order_vendor_old`
--

CREATE TABLE `tb_order_vendor_old` (
  `ORDV_ID` int(11) NOT NULL,
  `ORDER_ID` int(11) DEFAULT NULL,
  `VEND_ID` int(11) DEFAULT NULL,
  `ORDV_WEIGHT` float DEFAULT NULL,
  `ORDV_WEIGHT_VENDOR` float DEFAULT NULL,
  `ORDV_SHIPCOST` decimal(10,0) DEFAULT NULL,
  `ORDV_SHIPCOST_VENDOR` decimal(10,0) DEFAULT NULL,
  `ORDV_SHIPCOST_PAY` decimal(10,0) DEFAULT NULL,
  `ORDV_ADDCOST_VENDOR` decimal(10,0) DEFAULT NULL,
  `ORDV_DISCOUNT_VENDOR` decimal(10,0) DEFAULT NULL,
  `ORDV_TOTAL` decimal(10,0) DEFAULT NULL,
  `ORDV_TOTAL_VENDOR` decimal(10,0) DEFAULT NULL,
  `ORDV_DELIVERY_DATE` date DEFAULT '0000-00-00',
  `ORDV_RECEIPT_NO` varchar(30) DEFAULT NULL,
  `COURIER_ID` int(11) DEFAULT NULL,
  `ORDV_SERVICE_TYPE` varchar(20) DEFAULT NULL,
  `ORDV_ETD` varchar(20) DEFAULT NULL,
  `PAYTOV_ID` int(11) DEFAULT NULL
) ENGINE=InnoDB DEFAULT CHARSET=latin1;

--
-- Dumping data untuk tabel `tb_order_vendor_old`
--

INSERT INTO `tb_order_vendor_old` (`ORDV_ID`, `ORDER_ID`, `VEND_ID`, `ORDV_WEIGHT`, `ORDV_WEIGHT_VENDOR`, `ORDV_SHIPCOST`, `ORDV_SHIPCOST_VENDOR`, `ORDV_SHIPCOST_PAY`, `ORDV_ADDCOST_VENDOR`, `ORDV_DISCOUNT_VENDOR`, `ORDV_TOTAL`, `ORDV_TOTAL_VENDOR`, `ORDV_DELIVERY_DATE`, `ORDV_RECEIPT_NO`, `COURIER_ID`, `ORDV_SERVICE_TYPE`, `ORDV_ETD`, `PAYTOV_ID`) VALUES
(344, 4250, 872, 0.2, NULL, '27000', NULL, NULL, NULL, NULL, '62000', '57000', '0000-00-00', NULL, 19, 'REG', '3-6 Hari', NULL),
(345, 4250, 874, 1, NULL, '24000', NULL, NULL, NULL, NULL, '104000', '94000', '0000-00-00', NULL, 19, 'REG', '7-8 Hari', NULL),
(348, 4251, 872, 0.2, NULL, '29000', NULL, NULL, NULL, NULL, '64000', '59000', '0000-00-00', NULL, 19, 'REG', '3-6 Hari', NULL),
(349, 4251, 874, 1, NULL, '24000', NULL, NULL, NULL, NULL, '104000', '94000', '0000-00-00', NULL, 19, 'REG', '7-8 Hari', NULL),
(351, 4252, 872, 0.2, NULL, '32000', NULL, NULL, NULL, NULL, '67000', '62000', '0000-00-00', NULL, 30, 'EZ', ' Hari', NULL),
(352, 4252, 874, 1, NULL, '49000', NULL, NULL, NULL, NULL, '129000', '119000', '0000-00-00', NULL, 30, 'EZ', ' Hari', NULL),
(357, 4255, 874, 1, NULL, '7000', NULL, NULL, NULL, NULL, '87000', '77000', '0000-00-00', NULL, 30, 'EZ', ' Hari', NULL),
(358, 4255, 880, 0.8, NULL, '7000', NULL, '7000', '0', '0', '88000', '79000', '0000-00-00', NULL, 30, 'EZ', ' Hari', 213),
(361, 4257, 874, 1, NULL, '16000', NULL, NULL, NULL, NULL, '96000', '86000', '0000-00-00', NULL, 19, 'REG', '2-3 Hari', NULL),
(362, 4257, 880, 0.8, NULL, '16000', NULL, NULL, NULL, NULL, '97000', '88000', '0000-00-00', NULL, 19, 'REG', '2-3 Hari', NULL),
(371, 4265, 882, 2, NULL, '32000', NULL, NULL, NULL, NULL, '307000', '262000', '0000-00-00', NULL, 19, 'REG', '1-2 Hari', NULL),
(372, 4265, 883, 1, NULL, '16000', NULL, NULL, NULL, NULL, '251000', '221000', '0000-00-00', NULL, 19, 'REG', '1-2 Hari', NULL);

-- --------------------------------------------------------

--
-- Struktur dari tabel `tb_payment_to_vendor`
--

CREATE TABLE `tb_payment_to_vendor` (
  `PAYTOV_ID` int(11) NOT NULL,
  `PAYTOV_DATE` timestamp NULL DEFAULT NULL,
  `VBA_ID` int(11) DEFAULT NULL,
  `PAYTOV_SHIPCOST_STATUS` tinyint(4) DEFAULT NULL,
  `PAYTOV_DEPOSIT` decimal(10,0) DEFAULT NULL,
  `PAYTOV_TOTAL` decimal(10,0) DEFAULT NULL
) ENGINE=InnoDB DEFAULT CHARSET=latin1;

--
-- Dumping data untuk tabel `tb_payment_to_vendor`
--

INSERT INTO `tb_payment_to_vendor` (`PAYTOV_ID`, `PAYTOV_DATE`, `VBA_ID`, `PAYTOV_SHIPCOST_STATUS`, `PAYTOV_DEPOSIT`, `PAYTOV_TOTAL`) VALUES
(212, '2020-03-13 04:02:06', 2, 1, '0', '326000'),
(213, '2020-03-17 07:39:38', 5, 1, '0', '79000');

-- --------------------------------------------------------

--
-- Struktur dari tabel `tb_poption`
--

CREATE TABLE `tb_poption` (
  `POPT_ID` int(11) NOT NULL,
  `POPT_NAME` varchar(100) NOT NULL,
  `POPT_PICTURE` varchar(225) NOT NULL,
  `PRO_ID` int(11) NOT NULL
) ENGINE=MyISAM DEFAULT CHARSET=latin1;

--
-- Dumping data untuk tabel `tb_poption`
--

INSERT INTO `tb_poption` (`POPT_ID`, `POPT_NAME`, `POPT_PICTURE`, `PRO_ID`) VALUES
(19, 'Cover Oxford Cambray 321', '', 24),
(18, 'Cover Oxford Cambray 123', '', 24);

-- --------------------------------------------------------

--
-- Struktur dari tabel `tb_producer`
--

CREATE TABLE `tb_producer` (
  `PRDU_ID` int(11) NOT NULL,
  `PRDU_NAME` varchar(100) NOT NULL,
  `PRDU_CPERSON` varchar(100) DEFAULT NULL,
  `PRDU_ADDRESS` varchar(500) DEFAULT NULL,
  `CNTR_ID` int(11) NOT NULL,
  `STATE_ID` int(11) NOT NULL,
  `CITY_ID` int(11) NOT NULL,
  `SUBD_ID` int(11) NOT NULL,
  `PRDU_PHONE` varchar(20) DEFAULT NULL,
  `PRDU_EMAIL` varchar(100) DEFAULT NULL,
  `PRDU_STATUS` smallint(6) DEFAULT NULL,
  `PRDUC_ID` smallint(6) NOT NULL,
  `PRDUT_ID` smallint(6) NOT NULL
) ENGINE=InnoDB DEFAULT CHARSET=latin1;

--
-- Dumping data untuk tabel `tb_producer`
--

INSERT INTO `tb_producer` (`PRDU_ID`, `PRDU_NAME`, `PRDU_CPERSON`, `PRDU_ADDRESS`, `CNTR_ID`, `STATE_ID`, `CITY_ID`, `SUBD_ID`, `PRDU_PHONE`, `PRDU_EMAIL`, `PRDU_STATUS`, `PRDUC_ID`, `PRDUT_ID`) VALUES
(4, 'Penjahit Inna Pertiwi', 'Inna Pertiwi', 'Jl. Pajajaran 1 no 10', 1, 14, 268, 5790, '08122223344', '', 1, 1, 5),
(6, 'Art Fashion', 'Abi', 'Jl. Imogiri Barat No.2, Bakung, Bangunharjo, Kec. Sewon, Bantul, Daerah Istimewa Yogyakarta 55188', 1, 14, 265, 539, '0821-3602-9466', '', 1, 1, 3),
(7, 'Arto Konveksi', 'Arto Konveksi', 'Jl Kerajinan no. 5 RT 08 Pemukiman Industri Kecil (PIK) Gunung Sempu, Kasih, Tamantirto, Kec. Kasihan, Bantul, Daerah Istimewa Yogyakarta 55183', 1, 14, 265, 543, '0856-3330-071', '', 1, 1, 3),
(8, 'Luciffer', 'Luciffer', 'Jl. Damai, mudal RT 01/RW 19, SARIHARJO, NGAGLIK, SLEMAN, Wonorejo, Sariharjo, Kec. Ngaglik, Kabupaten Sleman, Daerah Istimewa Yogyakarta 55581', 1, 14, 268, 5788, '0856-4110-4278', '', 1, 1, 3),
(9, 'Inpitro Konveksi', 'Inpitro Konveksi', 'RT 07 No 52, Sampangan, Wirokerten, Kec. Banguntapan, Bantul, Daerah Istimewa Yogyakarta 55194', 1, 14, 265, 538, '0812-1597-6840', '', 1, 1, 3),
(10, 'Gidas Apparel', 'Gidas Apparel', 'Sorogenen I, Sorogenan I, Purwomartani, Kec. Kalasan, Kabupaten Sleman, Daerah Istimewa Yogyakarta 55571', 1, 14, 268, 5784, '0821-3724-0629', '', 1, 1, 3),
(11, 'Manual Art ', 'Manual Art ', 'Malangrejo RT6 RW 35 Wedomartani, Ngemplak, Sleman, Yogyakarta', 1, 14, 268, 5789, '0856-4338-0051', '', 1, 1, 3),
(12, 'Mulia Collection', 'Mulia Collection', 'Ngablak, Sitimulyo, Piyungan, Bantul', 1, 14, 265, 547, '0812-2714-9957 ', '', 1, 1, 3),
(13, 'Titik Terang T-shirt', 'Titik Terang T-shirt', 'Tempel, Selomartani, Kalasan, Sleman, Yogyakarta', 1, 14, 268, 5784, '0857 2942 5270', '', 1, 1, 3),
(14, 'Rendra Konveksi', 'Rendra Konveksi', 'Jalan Delima No. 2 Condongcatur, Depok, Sleman', 1, 14, 268, 5781, '0856-4303-8160', '', 1, 1, 3),
(15, 'Mukena Distro', 'Mukena Distro', 'Jatigrit, Srimartani, Kec. Piyungan, Bantul, Daerah Istimewa Yogyakarta 55792', 1, 14, 265, 547, '0815-7804-5670', '', 1, 1, 3),
(16, 'Rafa Modiste', 'Rafa Modiste', 'Jl. Garuda No.254, Pelem Mulong, Banguntapan, Kec. Banguntapan, Kotagede, Daerah Istimewa Yogyakarta 55198', 1, 14, 265, 538, '0878-3985-8227', '', 1, 1, 5),
(17, 'Kingkin Konfeksi Gamis Kaos ', 'Ibu Darsih ', 'Wojo RT 04 No 121B Sewon, Bantul', 1, 14, 265, 539, '0858-7867-5156', '', 1, 1, 3),
(18, 'Tas Seminar Jogja', 'Tas Seminar Jogja', 'perum sidorejo gg bima A1, Ngestiharjo, kasihan, Sonopakis Kidul, Ngestiharjo, Kasihan, Bantul Regency, Special Region of Yogyakarta 55182', 1, 14, 265, 543, '0878-3122-3999', '', 1, 1, 3),
(19, 'Zano Production', 'Zano Production', 'Jl. Godean KM4 kenteng Nusa indah, Gg.Arumdalu no.171 nogotirto gamping sleman Yogyakarta', 1, 14, 268, 5782, '0817279503', '', 1, 1, 3),
(20, 'Jogja Konveksi', 'Jogja Konveksi', 'Jl. Godean KM 6,5, Gg. Merpati No. 32, RT 02/10 Nglarang Lor Sidoarum, Godean, Sleman ', 1, 14, 268, 5783, '0811-2773-433', '', 1, 1, 3),
(22, 'Cello Cloth', 'Cello Cloth', 'Jalan Paleman RT. 4, Rukeman, Kasihan, Geblagan, Tamantirto, Kasihan, Bantul ', 1, 14, 265, 543, '0852-6228-8482', '', 1, 1, 3),
(23, 'Somah Collection', 'Somah Collection', 'Gedongkiwo MJ l No.720 RT 42 RW 0 Gedongkiwo, Mantrijeron, Yogyakarta', 1, 14, 269, 6988, '0856-0158-7956', '', 1, 1, 3),
(24, 'Konveksi Gemilang 354', 'Konveksi Gemilang 354', 'Jl. kalangan, RT.7/RW.4, Panasan, Wanglu, Kec. Trucuk, Kabupaten Klaten, Jawa Tengah 57467', 1, 13, 205, 2744, '0813-2849-1277', '', 1, 1, 3),
(25, 'Just Konveksi', 'Just Konveksi', 'Jl. Sembung, Minggiran, Sendangtirto, Kec. Berbah, Kabupaten Sleman, Daerah Istimewa Yogyakarta 55573', 1, 14, 268, 5779, '0838-6948-1965', '', 1, 1, 3),
(26, 'Jangkrik Production', 'Jangkrik Production', 'Jl. Jomegatan No.314, Tegal Kenanga, Ngestiharjo, Kec. Kasihan, Bantul, Daerah Istimewa Yogyakarta 55184', 1, 14, 265, 543, '0877-0536-3463', '', 1, 1, 3),
(27, 'Ozza Konveksi', 'Ozza Konveksi', 'jalan depokan II, peleman RT 32, RW.10, Rejowinangun, Kec. Kotagede, Kota Yogyakarta, Daerah Istimewa Yogyakarta 55171', 1, 14, 269, 6986, '0896-1577-2461', '', 1, 1, 3),
(29, 'Indo Konveksi ', 'Indo Konveksi ', 'Jl. Jati Pratama, Kutu Dukuh, Sinduadi, Kec. Mlati, Kabupaten Sleman, Daerah Istimewa Yogyakarta 55284', 1, 14, 268, 5786, '0858-8121-1266', '', 1, 1, 3),
(30, 'Konveksi Blus', 'Pak Aan', 'Jl. Wirosaban Barat 145, Sorosutan Umbulharjo', 1, 14, 269, 6993, '081312344556', '', 1, 1, 3),
(31, 'Koveksi Top Markotop', 'Doni', '', 1, 13, 225, 6164, '0812-2233-4455', '', 1, 1, 3);

-- --------------------------------------------------------

--
-- Struktur dari tabel `tb_producer_bank`
--

CREATE TABLE `tb_producer_bank` (
  `PBA_ID` int(11) NOT NULL,
  `PBA_ACCNAME` varchar(100) NOT NULL,
  `PBA_ACCNO` varchar(100) NOT NULL,
  `PRDU_ID` int(11) NOT NULL,
  `BANK_ID` int(11) NOT NULL,
  `PBA_PRIMARY` tinyint(11) NOT NULL
) ENGINE=MyISAM DEFAULT CHARSET=latin1;

--
-- Dumping data untuk tabel `tb_producer_bank`
--

INSERT INTO `tb_producer_bank` (`PBA_ID`, `PBA_ACCNAME`, `PBA_ACCNO`, `PRDU_ID`, `BANK_ID`, `PBA_PRIMARY`) VALUES
(1, 'Konveksi Gemilang 354', '123', 24, 3, 1),
(2, 'Konveksi TOP', '123', 31, 3, 1);

-- --------------------------------------------------------

--
-- Struktur dari tabel `tb_producer_category`
--

CREATE TABLE `tb_producer_category` (
  `PRDUC_ID` smallint(6) NOT NULL,
  `PRDUC_NAME` varchar(100) NOT NULL
) ENGINE=InnoDB DEFAULT CHARSET=latin1;

--
-- Dumping data untuk tabel `tb_producer_category`
--

INSERT INTO `tb_producer_category` (`PRDUC_ID`, `PRDUC_NAME`) VALUES
(1, 'Fashion'),
(2, 'Furniture');

-- --------------------------------------------------------

--
-- Struktur dari tabel `tb_producer_product`
--

CREATE TABLE `tb_producer_product` (
  `PRDUP_ID` smallint(6) NOT NULL,
  `PRDUP_NAME` varchar(100) NOT NULL,
  `PRDUC_ID` smallint(6) NOT NULL
) ENGINE=InnoDB DEFAULT CHARSET=latin1;

--
-- Dumping data untuk tabel `tb_producer_product`
--

INSERT INTO `tb_producer_product` (`PRDUP_ID`, `PRDUP_NAME`, `PRDUC_ID`) VALUES
(1, 'Kemeja/Shirt', 1),
(2, 'Kaos/T-shirt', 1),
(20, 'Blus/Blouse', 1),
(21, 'Jaket/Jacket', 1),
(22, 'Rok/Skirt', 1),
(23, 'Gaun/Dress', 1),
(24, 'Outer', 1),
(25, 'Jas', 1),
(26, 'Celana/Pants', 1),
(27, 'Celana Terusan/Jumpsuit', 1),
(28, 'Rompi/Vest', 1),
(29, 'Mukena', 1),
(30, 'Piyama', 1),
(31, 'Khimar', 1),
(32, 'Kebaya', 1),
(33, 'Gamis Pria', 1);

-- --------------------------------------------------------

--
-- Struktur dari tabel `tb_producer_product_property`
--

CREATE TABLE `tb_producer_product_property` (
  `PRDPP_ID` smallint(6) NOT NULL,
  `PRDPP_NAME` varchar(100) NOT NULL,
  `PRDUP_ID` smallint(6) NOT NULL
) ENGINE=InnoDB DEFAULT CHARSET=latin1;

--
-- Dumping data untuk tabel `tb_producer_product_property`
--

INSERT INTO `tb_producer_product_property` (`PRDPP_ID`, `PRDPP_NAME`, `PRDUP_ID`) VALUES
(5, 'Kerah/Collar', 1),
(6, 'Saku/Pocket', 1),
(31, 'Lengan/Sleeve', 1),
(32, 'Manset/Cuff', 1),
(33, 'Potongan Bahu/Yoke', 1),
(34, 'Lipit Punggung/Pleat', 1),
(35, 'Placket', 1),
(36, 'Saku/Pocket', 2),
(37, 'Kerah/Collar', 2),
(38, 'Placket ', 2),
(39, 'Cuff/Manset', 2),
(40, 'Lengan/Sleeve', 2),
(41, 'Lengan/Sleeve', 20),
(42, 'Kerah/Collar', 20),
(43, 'Manset/Cuff', 20),
(44, 'Saku/Pocket', 20),
(45, 'Placket', 20),
(46, 'Kerah/Collar', 21),
(47, 'Ban Pinggang', 22),
(48, 'Saku/Pocket', 22),
(49, 'Lipit/Pleat', 22),
(50, 'Manset/Cuff', 21),
(51, 'Lengan/Sleeve', 21),
(52, 'Saku/Pocket', 21),
(53, 'Hoodie', 21),
(54, 'Resleting/Zipper', 21),
(55, 'Kancing/Button', 21),
(56, 'Resleting/Zipper', 20),
(57, 'Kancing/Button', 20),
(58, 'Kancing/Button', 2),
(59, 'Kancing/Button', 1),
(60, 'Kancing/Button', 22),
(61, 'Resleting/Zipper', 22),
(62, 'Kerah/Collar', 23),
(63, 'Lengan/Sleeve', 23),
(64, 'Manset/Cuff', 23),
(65, 'Resleting/Zipper', 23),
(66, 'Kancing/Button', 23),
(67, 'Siluet', 22),
(68, 'Siluet', 23),
(69, 'Kerah/Collar', 24),
(70, 'Lengan/Sleeve', 24),
(71, 'Manset/Cuff', 24),
(72, 'Saku/Pocket', 24),
(73, 'Kelepak Kerah/Lapel', 25),
(74, 'Belahan Belakang/Vent', 25),
(75, 'Ban Pinggang', 26),
(76, 'Saku/Pocket', 26),
(77, 'Resleting/Zipper', 26),
(78, 'Bentuk Leher/Neckline', 2),
(79, 'Bentuk Leher/Neckline', 23),
(80, 'Bentuk Leher/Neckline', 20),
(81, 'Kancing/Button', 25),
(82, 'Saku/Pocket', 25),
(83, 'Panjang Lengan/Sleeve', 25),
(84, 'Jenis Lengan/Type of Sleeve', 20),
(85, 'Jenis Celana/Type of Pants', 26),
(86, 'Saku/Pocket', 28),
(87, 'Resleting/Zipper', 28),
(88, 'Kancing/Button', 28),
(89, 'Siluet', 26),
(90, 'Panjang Celana', 26),
(91, 'Saku/Pocket', 27),
(92, 'Resleting/Zipper', 27),
(93, 'Kerah/Collar', 27),
(94, 'Panjang Jumpsuit', 27),
(95, 'Kancing/Button', 27),
(96, 'Jenis Rok/Type of Skirt', 22),
(97, 'Kerah/Collar', 30),
(98, 'Lengan/Slevee', 30),
(99, 'Kancing/Button', 30),
(100, 'Saku/Pocket', 30),
(101, 'Jenis Lengan/Type of Sleeve', 30),
(102, 'Jenis Lengan/Type of sleeve', 23),
(103, 'Jenis Lengan/Type of Sleeve', 2),
(104, 'Kerah/Collar', 32),
(105, 'Jenis Lengan/Type of Sleeve', 32),
(106, 'Bentuk Leher/Neckline', 32),
(107, 'Lengan/Sleeve', 32),
(108, 'Kancing/Button', 32),
(109, 'Resleting/Zipper', 32),
(110, 'Manset/Cuff', 32),
(111, 'Jenis Kebaya', 32),
(112, 'Model Pet', 31),
(113, 'Panjang Khimar', 31),
(114, 'Kerah/Collar', 33),
(115, 'Lengan/Sleeve', 33),
(116, 'Saku/Pocket', 33),
(117, 'Placket', 33),
(118, 'Kancing/Button', 33),
(119, 'Manset/Cuff', 33),
(123, 'Jenis Lengan/Type of Sleeve', 24),
(124, 'Kancing/Button', 24),
(125, 'Bentuk Leher/Neckline', 24),
(126, 'Bentuk Leher/Neckline', 27),
(127, 'Panjang Lengan/Sleeve', 27),
(128, 'Jenis Lengan/Type of Sleeve', 27),
(129, 'Model Celana', 27),
(130, 'Manset/Cuff', 27),
(131, 'Kancing/Button', 26),
(132, 'Bentuk Leher/Neckline', 33),
(133, 'Jenis Rok/Type of Skirt', 23),
(134, 'Bur', 21),
(135, 'Panjang Mukena', 29),
(136, 'Tali', 29),
(137, 'Model Celana', 30),
(138, 'Panjang Celana', 30),
(139, 'Bentuk Leher/Neckline', 28),
(140, 'Kerah/Collar', 28);

-- --------------------------------------------------------

--
-- Struktur dari tabel `tb_producer_type`
--

CREATE TABLE `tb_producer_type` (
  `PRDUT_ID` smallint(6) NOT NULL,
  `PRDUT_NAME` varchar(100) NOT NULL
) ENGINE=InnoDB DEFAULT CHARSET=latin1;

--
-- Dumping data untuk tabel `tb_producer_type`
--

INSERT INTO `tb_producer_type` (`PRDUT_ID`, `PRDUT_NAME`) VALUES
(1, 'Bordir'),
(2, 'Garmen'),
(3, 'Konveksi'),
(4, 'Sablon'),
(5, 'Penjahit');

-- --------------------------------------------------------

--
-- Struktur dari tabel `tb_producer_x_product`
--

CREATE TABLE `tb_producer_x_product` (
  `PRDXP_ID` int(11) NOT NULL,
  `PRDU_ID` int(11) NOT NULL,
  `PRDUP_ID` smallint(6) NOT NULL
) ENGINE=InnoDB DEFAULT CHARSET=latin1;

--
-- Dumping data untuk tabel `tb_producer_x_product`
--

INSERT INTO `tb_producer_x_product` (`PRDXP_ID`, `PRDU_ID`, `PRDUP_ID`) VALUES
(16, 1, 2),
(18, 4, 1),
(19, 5, 2),
(20, 6, 2),
(21, 8, 2),
(22, 8, 1),
(23, 8, 21),
(24, 24, 21),
(25, 24, 28),
(26, 24, 1),
(27, 24, 25),
(28, 24, 26),
(29, 24, 20),
(30, 7, 2),
(31, 30, 20),
(32, 31, 26),
(33, 31, 27);

-- --------------------------------------------------------

--
-- Struktur dari tabel `tb_product`
--

CREATE TABLE `tb_product` (
  `PRO_ID` int(11) NOT NULL,
  `PRO_NAME` varchar(100) NOT NULL,
  `PRO_DESC` text NOT NULL,
  `PRO_WEIGHT` decimal(10,2) NOT NULL,
  `PRO_PICTURE` varchar(225) NOT NULL,
  `PRO_STATUS` tinyint(4) NOT NULL,
  `PRO_AVAIL` tinyint(4) NOT NULL,
  `PRO_PRICE` decimal(10,0) NOT NULL,
  `PRO_UNIT` smallint(6) NOT NULL,
  `PRO_VOL_PRICE` decimal(10,0) NOT NULL,
  `PRO_VOL_UNIT` smallint(6) NOT NULL,
  `PRO_PRICE_VENDOR` decimal(10,0) NOT NULL,
  `PRO_VOL_PRICE_VENDOR` decimal(10,0) NOT NULL,
  `PRO_TOTAL_COUNT` smallint(6) NOT NULL,
  `PRO_TOTAL_UNIT` smallint(6) NOT NULL,
  `PRO_TOTAL_WEIGHT` decimal(10,2) NOT NULL,
  `VEND_ID` int(11) NOT NULL,
  `CURR_ID` int(11) NOT NULL,
  `CITY_ID` int(11) NOT NULL,
  `TYPE_ID` int(11) NOT NULL,
  `STYPE_ID` int(11) NOT NULL,
  `PRO_CREATEDON` datetime DEFAULT NULL,
  `PRO_CREATEDBY` int(11) DEFAULT NULL,
  `PRO_EDITEDON` datetime DEFAULT NULL,
  `PRO_EDITEDBY` int(11) DEFAULT NULL
) ENGINE=MyISAM DEFAULT CHARSET=latin1;

--
-- Dumping data untuk tabel `tb_product`
--

INSERT INTO `tb_product` (`PRO_ID`, `PRO_NAME`, `PRO_DESC`, `PRO_WEIGHT`, `PRO_PICTURE`, `PRO_STATUS`, `PRO_AVAIL`, `PRO_PRICE`, `PRO_UNIT`, `PRO_VOL_PRICE`, `PRO_VOL_UNIT`, `PRO_PRICE_VENDOR`, `PRO_VOL_PRICE_VENDOR`, `PRO_TOTAL_COUNT`, `PRO_TOTAL_UNIT`, `PRO_TOTAL_WEIGHT`, `VEND_ID`, `CURR_ID`, `CITY_ID`, `TYPE_ID`, `STYPE_ID`, `PRO_CREATEDON`, `PRO_CREATEDBY`, `PRO_EDITEDON`, `PRO_EDITEDBY`) VALUES
(23, 'Kain Kaos PE 40 Loreng', '-', '0.20', '', 1, 0, '60000', 5, '57000', 8, '55000', '50000', 100, 9, '20.00', 874, 1, 269, 2, 5, '2019-08-29 10:44:08', 6, '2020-01-31 13:08:23', 6),
(16, 'Kain Denim Cobra', 'Kain Denim Cobra', '0.25', 'Kain_Denim_COBRA.jpg', 1, 0, '35000', 8, '36000', 8, '30000', '31000', 100, 9, '25.00', 872, 1, 193, 2, 10, '2019-07-16 09:48:03', 6, '2020-01-31 13:07:58', 6),
(17, 'Drifit Sulkul Stabilo', 'Drifit Sulkul Stabilo', '1.00', 'drifit_sulkul_stabilo.jpg', 1, 0, '80000', 2, '75000', 2, '70000', '60000', 26, 2, '26.00', 874, 1, 269, 2, 9, '2019-07-23 15:22:00', 6, '2020-01-31 11:13:24', 6),
(22, 'Kain Parasut', '-', '0.18', '', 1, 0, '20500', 5, '17500', 8, '16000', '15000', 120, 9, '22.00', 881, 1, 177, 2, 15, '2019-08-29 10:10:39', 6, '2020-01-31 13:10:09', 6),
(24, 'Cover Oxford Cambray', '-', '0.20', 'cover_oxford_cambray.jpg', 1, 0, '35000', 5, '25000', 8, '30000', '20000', 100, 9, '20.00', 872, 1, 193, 2, 5, '2019-09-24 11:16:50', 6, '2020-03-27 11:22:25', 6),
(34, 'Kain Kanvas SR-10', 'Kain Kanvas SR-10 adalah kain kanvas PE yang dipakai untuk sofa tahan air', '0.80', '', 1, 0, '81000', 5, '79000', 5, '72000', '71000', 52, 9, '42.00', 880, 1, 265, 2, 5, '2019-09-27 10:25:03', 6, '2020-01-31 13:08:11', 6),
(35, 'Parasut Honeycon', '-', '0.15', 'notif.png', 1, 0, '24000', 8, '21000', 8, '20000', '18000', 100, 9, '15.00', 881, 1, 177, 2, 15, '2019-09-27 10:27:55', 6, '2020-01-31 13:36:33', 6),
(38, 'Kain Parasut Honey Cons (WP)', '-', '0.15', '', 1, 0, '18500', 8, '14500', 8, '14000', '12000', 100, 9, '15.00', 881, 1, 177, 2, 15, '2020-01-30 16:59:46', 6, '2020-01-31 13:10:28', 6),
(39, 'Taslan Milky', '', '0.20', '', 1, 0, '27500', 5, '0', 0, '23000', '0', 0, 0, '0.00', 882, 1, 177, 2, 0, '2020-03-20 11:14:42', 6, NULL, NULL),
(40, 'Kanvas Marsoto (Katun)', '-', '0.20', '', 1, 0, '47000', 5, '35000', 8, '41000', '30000', 50, 9, '10.00', 883, 1, 177, 2, 0, '2020-03-20 11:15:24', 6, '2020-03-26 10:33:41', 6);

-- --------------------------------------------------------

--
-- Struktur dari tabel `tb_project`
--

CREATE TABLE `tb_project` (
  `PRJ_ID` int(11) NOT NULL,
  `CUST_ID` int(20) NOT NULL,
  `PRJ_DATE` timestamp NULL DEFAULT NULL,
  `PRJ_NOTES` varchar(500) DEFAULT NULL,
  `PRJ_SUBTOTAL` decimal(10,0) DEFAULT NULL,
  `PRJ_DISCOUNT` decimal(10,0) DEFAULT NULL,
  `PRJ_DEPOSIT` decimal(10,0) DEFAULT NULL,
  `PRJ_ADDCOST` decimal(10,0) DEFAULT NULL,
  `PRJ_TAX` decimal(10,0) DEFAULT NULL,
  `PRJ_TOTAL` decimal(10,0) DEFAULT NULL,
  `PRJ_SHIPCOST` decimal(10,0) DEFAULT NULL,
  `PRJ_GRAND_TOTAL` decimal(10,0) DEFAULT NULL,
  `PRJ_STATUS` smallint(6) DEFAULT NULL,
  `PRJ_PAYMENT_METHOD` smallint(6) DEFAULT NULL,
  `BANK_ID` int(11) DEFAULT NULL,
  `PRJ_PAYMENT_DATE` date DEFAULT '0000-00-00',
  `PRJ_DURATION_EXP` smallint(6) DEFAULT NULL,
  `PRJ_DURATION_EST` smallint(6) DEFAULT NULL,
  `PRJ_DURATION_ACT` smallint(6) DEFAULT NULL,
  `COURIER_ID` int(11) DEFAULT NULL,
  `PRJ_SERVICE_TYPE` varchar(20) DEFAULT NULL,
  `PRJ_ETD` varchar(20) DEFAULT NULL,
  `USER_ID` int(20) DEFAULT NULL,
  `CHA_ID` int(20) DEFAULT NULL,
  `PRJT_ID` smallint(6) NOT NULL
) ENGINE=InnoDB DEFAULT CHARSET=latin1;

--
-- Dumping data untuk tabel `tb_project`
--

INSERT INTO `tb_project` (`PRJ_ID`, `CUST_ID`, `PRJ_DATE`, `PRJ_NOTES`, `PRJ_SUBTOTAL`, `PRJ_DISCOUNT`, `PRJ_DEPOSIT`, `PRJ_ADDCOST`, `PRJ_TAX`, `PRJ_TOTAL`, `PRJ_SHIPCOST`, `PRJ_GRAND_TOTAL`, `PRJ_STATUS`, `PRJ_PAYMENT_METHOD`, `BANK_ID`, `PRJ_PAYMENT_DATE`, `PRJ_DURATION_EXP`, `PRJ_DURATION_EST`, `PRJ_DURATION_ACT`, `COURIER_ID`, `PRJ_SERVICE_TYPE`, `PRJ_ETD`, `USER_ID`, `CHA_ID`, `PRJT_ID`) VALUES
(39, 15278, '2020-11-26 06:51:02', NULL, NULL, NULL, NULL, NULL, NULL, NULL, NULL, NULL, 0, NULL, NULL, '0000-00-00', NULL, NULL, NULL, NULL, NULL, NULL, 6, 7, 1),
(40, 15277, '2020-11-26 06:58:06', NULL, NULL, NULL, NULL, NULL, NULL, NULL, NULL, NULL, 0, NULL, NULL, '0000-00-00', NULL, NULL, NULL, NULL, NULL, NULL, 6, 3, 1);

-- --------------------------------------------------------

--
-- Struktur dari tabel `tb_project_activity`
--

CREATE TABLE `tb_project_activity` (
  `PRJA_ID` smallint(6) NOT NULL,
  `PRJA_NAME` varchar(30) NOT NULL,
  `PRJA_ORDER` smallint(6) NOT NULL,
  `PRJT_ID` smallint(6) NOT NULL
) ENGINE=InnoDB DEFAULT CHARSET=latin1;

--
-- Dumping data untuk tabel `tb_project_activity`
--

INSERT INTO `tb_project_activity` (`PRJA_ID`, `PRJA_NAME`, `PRJA_ORDER`, `PRJT_ID`) VALUES
(1, 'Cutting', 1, 1),
(2, 'Making', 2, 1),
(3, 'Trimming', 3, 1),
(4, 'Finishing', 4, 1),
(5, 'Sent', 5, 1),
(6, 'In Progress', 1, 2),
(7, 'Complete', 2, 2),
(8, 'Sent', 3, 2),
(9, 'In Progress', 1, 3),
(10, 'Complete', 2, 3),
(11, 'Sent', 3, 3);

-- --------------------------------------------------------

--
-- Struktur dari tabel `tb_project_criteria`
--

CREATE TABLE `tb_project_criteria` (
  `PRJC_ID` smallint(6) NOT NULL,
  `PRJC_NAME` varchar(30) NOT NULL
) ENGINE=InnoDB DEFAULT CHARSET=latin1;

--
-- Dumping data untuk tabel `tb_project_criteria`
--

INSERT INTO `tb_project_criteria` (`PRJC_ID`, `PRJC_NAME`) VALUES
(1, 'Kerapian'),
(2, 'Kebersihan'),
(3, 'Ketepatan Waktu');

-- --------------------------------------------------------

--
-- Struktur dari tabel `tb_project_detail`
--

CREATE TABLE `tb_project_detail` (
  `PRJD_ID` int(11) NOT NULL,
  `PRJ_ID` int(11) NOT NULL,
  `PRDUP_ID` smallint(6) NOT NULL,
  `PRJD_IMG` varchar(500) DEFAULT NULL,
  `PRJD_MATERIAL` varchar(200) DEFAULT NULL,
  `PRJD_NOTES` varchar(500) DEFAULT NULL,
  `PRJD_QTY` smallint(6) DEFAULT NULL,
  `PRJD_BUDGET` decimal(10,0) DEFAULT NULL,
  `PRJD_PRICE` decimal(10,0) DEFAULT NULL,
  `SIZG_ID` smallint(6) DEFAULT NULL,
  `PRDU_ID` int(11) DEFAULT NULL,
  `PRJD_DURATION` smallint(6) DEFAULT NULL,
  `PRJD_WEIGHT_EST` float DEFAULT NULL,
  `PRJD_SHIPCOST` decimal(10,0) DEFAULT NULL,
  `PRJD_ETD` varchar(20) DEFAULT NULL
) ENGINE=InnoDB DEFAULT CHARSET=latin1;

--
-- Dumping data untuk tabel `tb_project_detail`
--

INSERT INTO `tb_project_detail` (`PRJD_ID`, `PRJ_ID`, `PRDUP_ID`, `PRJD_IMG`, `PRJD_MATERIAL`, `PRJD_NOTES`, `PRJD_QTY`, `PRJD_BUDGET`, `PRJD_PRICE`, `SIZG_ID`, `PRDU_ID`, `PRJD_DURATION`, `PRJD_WEIGHT_EST`, `PRJD_SHIPCOST`, `PRJD_ETD`) VALUES
(37, 39, 20, 'blus1.jpg', NULL, NULL, 10, '100000', NULL, 1, NULL, NULL, NULL, NULL, NULL),
(38, 40, 2, NULL, NULL, NULL, 15, '80000', NULL, 1, NULL, NULL, NULL, NULL, NULL);

-- --------------------------------------------------------

--
-- Struktur dari tabel `tb_project_detail_model`
--

CREATE TABLE `tb_project_detail_model` (
  `PRJDM_ID` int(11) NOT NULL,
  `PRJD_ID` int(11) NOT NULL,
  `PRDPP_ID` smallint(6) DEFAULT NULL,
  `PRJDM_IMG` varchar(100) DEFAULT NULL,
  `PRJDM_NOTES` varchar(500) DEFAULT NULL,
  `PRJDM_MATERIAL` varchar(50) DEFAULT NULL,
  `PRJDM_COLOR` varchar(30) DEFAULT NULL
) ENGINE=InnoDB DEFAULT CHARSET=latin1;

-- --------------------------------------------------------

--
-- Struktur dari tabel `tb_project_detail_quantity`
--

CREATE TABLE `tb_project_detail_quantity` (
  `PRJDQ_ID` int(11) NOT NULL,
  `PRJD_ID` int(11) NOT NULL,
  `SIZE_ID` smallint(6) NOT NULL,
  `PRJDQ_QTY` smallint(6) DEFAULT NULL,
  `PRJDQ_PRICE` decimal(10,0) DEFAULT NULL,
  `PRJDQ_PRICE_PRODUCER` decimal(10,0) DEFAULT NULL
) ENGINE=InnoDB DEFAULT CHARSET=latin1;

--
-- Dumping data untuk tabel `tb_project_detail_quantity`
--

INSERT INTO `tb_project_detail_quantity` (`PRJDQ_ID`, `PRJD_ID`, `SIZE_ID`, `PRJDQ_QTY`, `PRJDQ_PRICE`, `PRJDQ_PRICE_PRODUCER`) VALUES
(49, 37, 1, 5, NULL, NULL),
(50, 37, 2, 5, NULL, NULL);

-- --------------------------------------------------------

--
-- Struktur dari tabel `tb_project_payment`
--

CREATE TABLE `tb_project_payment` (
  `PRJP_ID` int(11) NOT NULL,
  `PRJ_ID` int(11) NOT NULL,
  `PRJP_DATE` timestamp NULL DEFAULT NULL,
  `PRJP_NOTES` varchar(500) DEFAULT NULL,
  `PRJP_PERCENTAGE` float DEFAULT NULL,
  `PRJP_AMOUNT` decimal(10,0) DEFAULT NULL,
  `BANK_ID` int(11) DEFAULT NULL,
  `PRJP_PAYMENT_DATE` date DEFAULT '0000-00-00'
) ENGINE=InnoDB DEFAULT CHARSET=latin1;

-- --------------------------------------------------------

--
-- Struktur dari tabel `tb_project_payment_to_producer`
--

CREATE TABLE `tb_project_payment_to_producer` (
  `PRJP2P_ID` int(11) NOT NULL,
  `PRJD_ID` int(11) NOT NULL,
  `PRJP2P_DATE` timestamp NULL DEFAULT NULL,
  `PRJP2P_NOTES` varchar(500) DEFAULT NULL,
  `PRJP2P_AMOUNT` decimal(10,0) DEFAULT NULL,
  `BANK_ID` int(11) DEFAULT NULL,
  `PRJP2P_STATUS` tinyint(4) DEFAULT NULL
) ENGINE=MyISAM DEFAULT CHARSET=latin1;

-- --------------------------------------------------------

--
-- Struktur dari tabel `tb_project_producer`
--

CREATE TABLE `tb_project_producer` (
  `PRJPR_ID` int(11) NOT NULL,
  `PRJD_ID` int(11) NOT NULL,
  `PRDU_ID` int(11) NOT NULL,
  `PRJPR_DURATION` smallint(6) DEFAULT NULL,
  `PRJPR_PRICE` decimal(10,0) DEFAULT NULL,
  `PRJPR_NOTES` varchar(500) DEFAULT NULL,
  `PRJPR_IMG` varchar(500) DEFAULT NULL
) ENGINE=InnoDB DEFAULT CHARSET=latin1;

--
-- Dumping data untuk tabel `tb_project_producer`
--

INSERT INTO `tb_project_producer` (`PRJPR_ID`, `PRJD_ID`, `PRDU_ID`, `PRJPR_DURATION`, `PRJPR_PRICE`, `PRJPR_NOTES`, `PRJPR_IMG`) VALUES
(20, 37, 30, 16, '80000', '', ''),
(21, 38, 8, 15, '70000', '', '');

-- --------------------------------------------------------

--
-- Struktur dari tabel `tb_project_producer_detail`
--

CREATE TABLE `tb_project_producer_detail` (
  `PRJPRD_ID` int(11) NOT NULL,
  `PRJPR_ID` int(11) NOT NULL,
  `PRJDQ_ID` int(11) NOT NULL,
  `PRJPRD_PRICE` decimal(10,0) DEFAULT NULL
) ENGINE=MyISAM DEFAULT CHARSET=latin1;

--
-- Dumping data untuk tabel `tb_project_producer_detail`
--

INSERT INTO `tb_project_producer_detail` (`PRJPRD_ID`, `PRJPR_ID`, `PRJDQ_ID`, `PRJPRD_PRICE`) VALUES
(27, 20, 49, '7000'),
(26, 20, 50, '70000');

-- --------------------------------------------------------

--
-- Struktur dari tabel `tb_project_progress`
--

CREATE TABLE `tb_project_progress` (
  `PRJPG_ID` int(11) NOT NULL,
  `PRJD_ID` int(11) NOT NULL,
  `PRJA_ID` int(11) NOT NULL,
  `PRJPG_DATE` timestamp NULL DEFAULT NULL,
  `PRJPG_IMG` varchar(500) DEFAULT NULL,
  `PRJPG_NOTES` varchar(500) DEFAULT NULL
) ENGINE=InnoDB DEFAULT CHARSET=latin1;

--
-- Dumping data untuk tabel `tb_project_progress`
--

INSERT INTO `tb_project_progress` (`PRJPG_ID`, `PRJD_ID`, `PRJA_ID`, `PRJPG_DATE`, `PRJPG_IMG`, `PRJPG_NOTES`) VALUES
(1, 11, 1, '2020-03-06 09:44:56', 'potongan-badan-depan.png', 'ok'),
(4, 11, 3, '2020-03-10 02:30:56', '', 'tes'),
(9, 19, 1, '2020-06-12 03:49:33', '', ''),
(10, 19, 3, '2020-06-12 03:49:41', '', ''),
(11, 19, 4, '2020-06-13 09:12:02', '', ''),
(12, 19, 5, '2020-06-14 09:15:57', '', 'Sudah dikirim dengan kurir indah cargo no resi 123'),
(13, 20, 5, '2020-06-22 06:55:57', '', 'sudah selesai dan dikirim');

-- --------------------------------------------------------

--
-- Struktur dari tabel `tb_project_review`
--

CREATE TABLE `tb_project_review` (
  `PRJR_ID` smallint(6) NOT NULL,
  `PRJD_ID` int(11) NOT NULL,
  `PRJC_ID` smallint(6) NOT NULL,
  `PRJR_POINT` smallint(6) NOT NULL,
  `PRJR_NOTES` varchar(200) NOT NULL
) ENGINE=InnoDB DEFAULT CHARSET=latin1;

-- --------------------------------------------------------

--
-- Struktur dari tabel `tb_project_shipment`
--

CREATE TABLE `tb_project_shipment` (
  `PRJS_ID` int(11) NOT NULL,
  `PRJD_ID` int(11) NOT NULL,
  `PRJS_DATE` timestamp NULL DEFAULT NULL,
  `PRJS_NOTES` varchar(500) DEFAULT NULL,
  `PRJS_QTY` int(11) DEFAULT NULL,
  `PRJS_STATUS` tinyint(4) DEFAULT NULL,
  `PRJS_SHIPCOST` decimal(10,0) DEFAULT NULL,
  `COURIER_ID` int(11) DEFAULT NULL,
  `PRJS_SERVICE_TYPE` varchar(20) DEFAULT NULL,
  `PRJS_RECIEPT_NO` varchar(20) DEFAULT NULL
) ENGINE=MyISAM DEFAULT CHARSET=latin1;

-- --------------------------------------------------------

--
-- Struktur dari tabel `tb_project_type`
--

CREATE TABLE `tb_project_type` (
  `PRJT_ID` smallint(6) NOT NULL,
  `PRJT_NAME` varchar(30) NOT NULL
) ENGINE=InnoDB DEFAULT CHARSET=latin1;

--
-- Dumping data untuk tabel `tb_project_type`
--

INSERT INTO `tb_project_type` (`PRJT_ID`, `PRJT_NAME`) VALUES
(1, 'Custom'),
(2, 'Design'),
(3, 'Pattern');

-- --------------------------------------------------------

--
-- Struktur dari tabel `tb_size`
--

CREATE TABLE `tb_size` (
  `SIZE_ID` smallint(6) NOT NULL,
  `SIZE_NAME` varchar(100) NOT NULL,
  `SIZG_ID` smallint(6) NOT NULL
) ENGINE=InnoDB DEFAULT CHARSET=latin1;

--
-- Dumping data untuk tabel `tb_size`
--

INSERT INTO `tb_size` (`SIZE_ID`, `SIZE_NAME`, `SIZG_ID`) VALUES
(1, 'M', 1),
(2, 'L', 1),
(3, 'XL', 1),
(4, 'S', 6),
(5, 'M', 6),
(6, 'L', 6),
(7, '10', 7),
(8, '11', 7),
(9, 'AllSize', 1);

-- --------------------------------------------------------

--
-- Struktur dari tabel `tb_size_group`
--

CREATE TABLE `tb_size_group` (
  `SIZG_ID` smallint(6) NOT NULL,
  `SIZG_NAME` varchar(100) NOT NULL
) ENGINE=InnoDB DEFAULT CHARSET=latin1;

--
-- Dumping data untuk tabel `tb_size_group`
--

INSERT INTO `tb_size_group` (`SIZG_ID`, `SIZG_NAME`) VALUES
(1, 'General'),
(5, 'Ukuran Internasional'),
(6, 'Ukuran Nana Meliana'),
(7, 'Ukuran Celana Nana Meliana');

-- --------------------------------------------------------

--
-- Struktur dari tabel `tb_size_type`
--

CREATE TABLE `tb_size_type` (
  `SIZP_ID` smallint(6) NOT NULL,
  `SIZP_NAME` varchar(100) NOT NULL,
  `PRDUP_ID` smallint(6) NOT NULL
) ENGINE=InnoDB DEFAULT CHARSET=latin1;

--
-- Dumping data untuk tabel `tb_size_type`
--

INSERT INTO `tb_size_type` (`SIZP_ID`, `SIZP_NAME`, `PRDUP_ID`) VALUES
(1, 'Chest', 2),
(4, 'Length', 2),
(5, 'Full Shoulder', 2),
(6, 'Armhole', 2),
(7, 'Sleeve Length', 2),
(9, 'Sleeve Open', 2),
(10, 'Neck Open', 2),
(11, 'Front Neck Drop', 2),
(12, 'Collar Rib', 2),
(13, 'Upline Neck Drop', 2),
(14, 'Neck', 1),
(15, 'Chest', 1),
(16, 'Waist', 1),
(17, 'Sleeve Length', 1),
(18, 'Full Shoulder', 1),
(19, 'Back Length', 1),
(20, 'Armhole', 1),
(21, 'Collar', 1),
(22, 'Cuff', 1),
(23, 'Lingkar Badan/Chest', 20),
(24, 'Lingkar Pinggang/Waist', 20),
(26, 'Lingkar Leher', 20),
(27, 'Lingkar Panggul/Hip', 20),
(28, 'Panjang Lengan/Sleeve Length', 20),
(29, 'Lingkar Lubang Lengan/Armhole', 20),
(30, 'Bahu ke bahu /Full Shoulder', 20),
(31, 'Panjang Bahu/Shoulder Width', 20),
(32, 'Panjang blus dari bahu tertinggi', 20),
(33, 'Lebar Muka', 20),
(34, 'Lingkar Pergelangan Tangan', 20),
(35, 'Panjang Punggung', 20),
(36, 'Lingkar Badan/Chest', 21),
(37, 'Panjang Lengan/Sleeve', 21),
(38, 'Lingkar Lubang Lengan/Armhole', 21),
(39, 'Lingkar Badan/Chest', 25),
(40, 'Lingkar Pinggang/Waist', 25),
(41, 'Lingkar Panggul/Hip', 25),
(42, 'Lebar Bahu/Full Shoulder', 25),
(43, 'Lebar Muka', 25),
(44, 'Panjang Belakang Jas', 25),
(45, 'Lingkar Leher', 25),
(46, 'Panjang Punggung', 25),
(47, 'Lingkar Lubang Lengan/Armhole', 25),
(48, 'Lingkar Siku', 25),
(49, 'Panjang Lengan/Sleeve Length', 25),
(50, 'Lingkar Pergelangan Tangan', 25),
(51, 'Panjang Siku', 25),
(52, 'Panjang Jaket', 21),
(53, 'Lebar Bur', 21),
(54, 'Lingkar Pergelangan Tangan', 21),
(55, 'Bahu ke bahu/Full Shoulder', 21),
(56, 'Lebar Bahu/Shoulder Width', 21),
(57, 'Panjang Hoodie', 21),
(58, 'Panjang Rok', 22),
(59, 'Lingkar Pinggang', 22),
(60, 'Lingkar Bawah', 22),
(61, 'Lingkar Pinggul', 22),
(62, 'Lingkar Pinggang/Waist', 32),
(63, 'Lingkar Pinggul/Hip', 32),
(64, 'Lebar Punggung', 32),
(65, 'Panjang Lengan/Sleeve Length', 32),
(66, 'Lingkar Pergelangan Tangan', 32),
(67, 'Panjang Kebaya dari Bahu', 32),
(68, 'Lingkar Lubang Lengan/Armhole', 33),
(69, 'Panjang Belakang/Back Length', 33),
(70, 'Lingkar Badan/Chest', 33),
(71, 'Kerah/Collar', 33),
(72, 'Manset/Cuff', 33),
(73, 'Bahu ke Bahu/Full Shoulder', 33),
(74, 'Panjang Lengan/Sleeve Length', 33),
(75, 'Lingkar Badan/Chest', 30),
(78, 'Panjang Piyama dari Bahu Tertinggi', 30),
(79, 'Lingkar Lubang Lengan/Armhole', 30),
(80, 'Lingkar Pinggang/Waist', 30),
(81, 'Panjang Celana', 30),
(82, 'Lingkar Pinggul/Hip', 30),
(83, 'Lingkar Kaki', 30),
(84, 'Lingkar Pesak', 30),
(85, 'Panjang Rompi dari Bahu', 28),
(86, 'Bahu ke Bahu/Full Shoulder', 28),
(87, 'Lingkar Badan/Chest', 28),
(88, 'Lingkar Pinggang/Waist', 28),
(89, 'Lingkar Pinggul/Hip', 28),
(90, 'Kerah/Collar', 28),
(91, 'Lingkar Badan/Chest', 24),
(92, 'Lingkar Pinggul/Hip', 24),
(93, 'Panjang Outer dari Bahu Tertinggi', 24),
(94, 'Panjang Lengan/Sleeve Length', 24),
(95, 'Lingkar Lubang Lengan/Armhole', 24),
(96, 'Lingkar Pergelangan Tangan', 24),
(97, 'Panjang Celana', 26),
(98, 'Lingkar Pinggang/Waist', 26),
(99, 'Lingkar Pinggul/Hip', 26),
(100, 'Lingkar Paha', 26),
(101, 'Lebar Manset/Cuff Width', 20),
(102, 'Panjang Manset', 20),
(103, 'Lingkar Lubang Lengan/Armhole', 28),
(104, 'Lingkar Paha', 27),
(105, 'Panjang Jumpsuit dari Bahu tertinggi', 27),
(106, 'Bahu ke bahu /Full Shoulder', 23),
(107, 'Lebar Manset/Cuff Width', 23),
(108, 'Lebar Muka', 23),
(109, 'Lingkar Badan/Chest', 23),
(110, 'Lingkar Leher', 23),
(111, ' Lingkar Lubang Lengan/Armhole', 23),
(112, 'Lingkar Panggul/Hip', 23),
(113, 'Lingkar Pergelangan Tangan', 23),
(114, 'Lingkar Pinggang/Waist', 23),
(115, 'Panjang Bahu/Shoulder Width', 23),
(116, 'Panjang gaun dari bahu tertinggi', 23),
(117, 'Panjang Lengan/Sleeve Length', 23),
(118, 'Panjang Manset', 23),
(119, 'Panjang Punggung', 23),
(120, 'Bahu ke bahu /Full Shoulder', 32),
(121, 'Lebar Manset/Cuff Width', 32),
(122, 'Lebar Muka', 32),
(123, 'Lingkar Badan/Chest', 32),
(124, 'Lingkar Leher', 32),
(125, 'Lingkar Lubang Lengan/Armhole', 32),
(126, 'Panjang Bahu/Shoulder Width', 32),
(127, 'Panjang Manset', 32),
(128, 'Panjang Punggung', 32),
(129, 'Lebar Punggung', 20),
(130, 'Bahu ke bahu /Full Shoulder', 24),
(131, 'Lebar Manset/Cuff Width', 24),
(132, 'Lebar Muka', 24),
(133, 'Lebar Punggung', 24),
(134, 'Lingkar Leher', 24),
(135, 'Lingkar Pinggang/Waist', 24),
(136, 'Panjang Bahu/Shoulder Width', 24),
(137, 'Panjang Manset', 24),
(138, ' Panjang Punggung', 24),
(139, 'Bahu ke bahu /Full Shoulder', 30),
(140, 'Lebar Manset/Cuff Width', 30),
(141, ' Bahu ke bahu /Full Shoulder', 27),
(142, 'Lebar Manset/Cuff Width', 27),
(143, 'Lebar Muka', 27),
(144, ' Lebar Punggung', 27),
(145, 'Lingkar Badan/Chest', 27),
(146, 'Lingkar Leher', 27),
(147, 'Lingkar Lubang Lengan/Armhole', 27),
(148, 'Lingkar Panggul/Hip', 27),
(149, 'Lingkar Pergelangan Tangan', 27),
(150, 'Lingkar Pinggang/Waist', 27),
(151, 'Panjang Bahu/Shoulder Width', 27),
(152, 'Panjang Lengan/Sleeve Length', 27),
(153, ' Panjang Manset', 27),
(154, 'Panjang Punggung', 27);

-- --------------------------------------------------------

--
-- Struktur dari tabel `tb_size_value`
--

CREATE TABLE `tb_size_value` (
  `SIZV_ID` smallint(6) NOT NULL,
  `SIZV_VALUE` float NOT NULL,
  `PRDUP_ID` smallint(6) NOT NULL,
  `SIZG_ID` smallint(6) NOT NULL,
  `SIZP_ID` smallint(6) NOT NULL,
  `SIZE_ID` smallint(6) NOT NULL
) ENGINE=InnoDB DEFAULT CHARSET=latin1;

--
-- Dumping data untuk tabel `tb_size_value`
--

INSERT INTO `tb_size_value` (`SIZV_ID`, `SIZV_VALUE`, `PRDUP_ID`, `SIZG_ID`, `SIZP_ID`, `SIZE_ID`) VALUES
(1, 10, 2, 1, 1, 1),
(3, 87, 26, 1, 98, 1);

-- --------------------------------------------------------

--
-- Struktur dari tabel `tb_state`
--

CREATE TABLE `tb_state` (
  `STATE_ID` int(11) NOT NULL,
  `STATE_NAME` varchar(100) DEFAULT NULL,
  `CNTR_ID` int(11) DEFAULT NULL
) ENGINE=MyISAM DEFAULT CHARSET=latin1;

--
-- Dumping data untuk tabel `tb_state`
--

INSERT INTO `tb_state` (`STATE_ID`, `STATE_NAME`, `CNTR_ID`) VALUES
(1, 'Nanggroe Aceh Darussalam', 1),
(2, 'Sumatera Utara', 1),
(3, 'Sumatera Barat', 1),
(4, 'Riau', 1),
(5, 'Jambi', 1),
(6, 'Sumatera Selatan', 1),
(7, 'Bengkulu', 1),
(8, 'Lampung', 1),
(9, 'Kepulauan Bangka Belitung', 1),
(10, 'Kepulauan Riau', 1),
(11, 'Daerah Khusus Ibukota Jakarta', 1),
(12, 'Jawa Barat', 1),
(13, 'Jawa Tengah', 1),
(14, 'Daerah Istimewa Yogyakarta', 1),
(15, 'Jawa Timur', 1),
(16, 'Banten', 1),
(17, 'Bali', 1),
(18, 'Nusa Tenggara Barat', 1),
(19, 'Nusa Tenggara Timur', 1),
(20, 'Kalimantan Barat', 1),
(21, 'Kalimantan Tengah', 1),
(22, 'Kalimantan Selatan', 1),
(23, 'Kalimantan Timur', 1),
(24, 'Sulawesi Utara', 1),
(25, 'Sulawesi Tengah', 1),
(26, 'Sulawesi Selatan', 1),
(27, 'Sulawesi Tenggara', 1),
(28, 'Gorontalo', 1),
(29, 'Sulawesi Barat', 1),
(30, 'Maluku', 1),
(31, 'Maluku Utara', 1),
(32, 'Papua Barat', 1),
(33, 'Papua', 1),
(34, 'Badakhshan', 2),
(35, 'Badghis', 2),
(36, 'Baghlan', 2),
(37, 'Balkh', 2),
(38, 'Bamyan', 2),
(39, 'Daykundi', 2),
(40, 'Farah', 2),
(41, 'Faryab', 2),
(42, 'Ghazni', 2),
(43, 'Ghor', 2),
(44, 'Helmand', 2),
(45, 'Herat', 2),
(46, 'Jowzjan', 2),
(47, 'Kabul', 2),
(48, 'Kandahar', 2),
(49, 'Kapisa', 2),
(50, 'Khost', 2),
(51, 'Konar', 2),
(52, 'Kunduz', 2),
(53, 'Laghman', 2),
(54, 'Logar', 2),
(55, 'Nangarhar', 2),
(56, 'Nimruz', 2),
(57, 'Nurestan', 2),
(58, 'Oruzgan', 2),
(59, 'Paktia', 2),
(60, 'Paktika', 2),
(61, 'Panjshir', 2),
(62, 'Parvan', 2),
(63, 'Samangan', 2),
(64, 'Sare Pol', 2),
(65, 'Takhar', 2),
(66, 'Wardak', 2),
(67, 'Zabol', 2),
(68, 'Berat', 3),
(69, 'Dib&euml;r', 3),
(70, 'Durr&euml;s', 3),
(71, 'Elbasan', 3),
(72, 'Fier', 3),
(73, 'Gjirokast&euml;r', 3),
(74, 'Kor&ccedil;&euml;', 3),
(75, 'Kuk&euml;s', 3),
(76, 'Lezh&euml;', 3),
(77, 'Shkod&euml;r', 3),
(78, 'Tirana', 3),
(79, 'Vlor&euml;', 3),
(80, 'Adrar', 4),
(81, 'A&iuml;n Defla', 4),
(82, 'A&iuml;n T&eacute;mouchent', 4),
(83, 'Algiers', 4),
(84, 'Annaba', 4),
(85, 'Batna', 4),
(86, 'B&eacute;char', 4),
(87, 'B&eacute;ja&iuml;a', 4),
(88, 'Biskra', 4),
(89, 'Blida', 4),
(90, 'Bordj Bou Arr&eacute;ridj', 4),
(91, 'Bouira', 4),
(92, 'Boumerds', 4),
(93, 'Chlef', 4),
(94, 'Constantine', 4),
(95, 'Djelfa', 4),
(96, 'El Bayadh', 4),
(97, 'El Oued', 4),
(98, 'El Taref', 4),
(99, 'Gharda&iuml;a', 4),
(100, 'Guelma', 4),
(101, 'Illizi', 4),
(102, 'Jijel', 4),
(103, 'Khenchela', 4),
(104, 'Laghouat', 4),
(105, 'Mascara', 4),
(106, 'M&eacute;d&eacute;a', 4),
(107, 'Mila', 4),
(108, 'Mostaganem', 4),
(109, 'M&apos;Sila', 4),
(110, 'Na&acirc;ma', 4),
(111, 'Oran', 4),
(112, 'Ouargla', 4),
(113, 'Oum El Bouaghi', 4),
(114, 'Relizane', 4),
(115, 'Sa&iuml;da', 4),
(116, 'S&eacute;tif', 4),
(117, 'Sidi Bel Abbes', 4),
(118, 'Skikda', 4),
(119, 'Souk Ahras', 4),
(120, 'Tamanrasset', 4),
(121, 'T&eacute;bessa', 4),
(122, 'Tiaret', 4),
(123, 'Tindouf', 4),
(124, 'Tipaza', 4),
(125, 'Tissemsilt', 4),
(126, 'Tizi Ouzou', 4),
(127, 'Tlemcen', 4),
(128, 'Andorra la Vella', 5),
(129, 'Canillo', 5),
(130, 'Encamp', 5),
(131, 'Escaldes-Engordany', 5),
(132, 'La Massana', 5),
(133, 'Ordino', 5),
(134, 'Sant Juli&agrave; de L&ograve;ria', 5),
(135, 'Bengo', 6),
(136, 'Benguela', 6),
(137, 'Bi&eacute;', 6),
(138, 'Cabinda', 6),
(139, 'Cuando Cubango', 6),
(140, 'Cuanza Norte', 6),
(141, 'Cuanza Sul', 6),
(142, 'Cunene', 6),
(143, 'Huambo', 6),
(144, 'Hu&iacute;la', 6),
(145, 'Luanda', 6),
(146, 'Lunda Norte', 6),
(147, 'Lunda Sul', 6),
(148, 'Malanje', 6),
(149, 'Moxico', 6),
(150, 'Namibe', 6),
(151, 'U&iacute;ge', 6),
(152, 'Zaire', 6),
(153, 'Saint George', 7),
(154, 'Saint John', 7),
(155, 'Saint Mary', 7),
(156, 'Saint Paul', 7),
(157, 'Saint Peter', 7),
(158, 'Saint Philip', 7),
(159, 'Absheron', 8),
(160, 'Aran', 8),
(161, 'Daghlig Shirvan', 8),
(162, 'Ganja-Gazakh', 8),
(163, 'Guba-Khachmaz', 8),
(164, 'Kalbajar-Lachin', 8),
(165, 'Lankaran', 8),
(166, 'Nakhchivan', 8),
(167, 'Shaki-Zaqatala', 8),
(168, 'Yukhari Garabakh', 8),
(169, 'Buenos Aires', 9),
(170, 'Catamarca', 9),
(171, 'Chaco', 9),
(172, 'Chubut', 9),
(173, 'C&oacute;rdoba', 9),
(174, 'Corrientes', 9),
(175, 'Entre R&iacute;os', 9),
(176, 'Formosa', 9),
(177, 'Jujuy', 9),
(178, 'La Pampa', 9),
(179, 'La Rioja', 9),
(180, 'Mendoza', 9),
(181, 'Misiones', 9),
(182, 'Neuqu&eacute;n', 9),
(183, 'R&iacute;o Negro', 9),
(184, 'Salta', 9),
(185, 'San Juan', 9),
(186, 'San Luis', 9),
(187, 'Santa Cruz', 9),
(188, 'Santa Fe', 9),
(189, 'Santiago del Estero', 9),
(190, 'Tierra del Fuego', 9),
(191, 'Tucum&aacute;n', 9),
(192, 'Australian Capital Territory', 10),
(193, 'Jervis Bay Territory', 10),
(194, 'New South Wales', 10),
(195, 'Northern Territory', 10),
(196, 'Queensland', 10),
(197, 'South Australia', 10),
(198, 'Tasmania', 10),
(199, 'Victoria', 10),
(200, 'Western Australia', 10),
(201, 'Burgenland', 11),
(202, 'Carinthia', 11),
(203, 'Lower', 11),
(204, 'Austria', 11),
(205, 'Salzburg', 11),
(206, 'Styria', 11),
(207, 'Tyrol', 11),
(208, 'Upper', 11),
(209, 'Austria', 11),
(210, 'Vienna', 11),
(211, 'Vorarlberg', 11),
(212, 'Capital', 12),
(213, 'Central', 12),
(214, 'Muharraq', 12),
(215, 'Northern', 12),
(216, 'Southern', 12),
(217, 'Barisal', 13),
(218, 'Chittagong', 13),
(219, 'Dhaka', 13),
(220, 'Khulna', 13),
(221, 'Rajshahi', 13),
(222, 'Sylhet', 13),
(223, 'Rangpur', 13),
(224, 'Aragatsotn', 14),
(225, 'Ararat', 14),
(226, 'Armavir', 14),
(227, 'Gegharkunik', 14),
(228, 'Kotayk', 14),
(229, 'Lori', 14),
(230, 'Shirak', 14),
(231, 'Syunik', 14),
(232, 'Tavush', 14),
(233, 'Vayots', 14),
(234, 'Dzor', 14),
(235, 'Christ Church', 15),
(236, 'Saint Andrew', 15),
(237, 'Saint George', 15),
(238, 'Saint James', 15),
(239, 'Saint John', 15),
(240, 'Saint Joseph', 15),
(241, 'Saint Lucy', 15),
(242, 'Saint Michael', 15),
(243, 'Saint Peter', 15),
(244, 'Saint Philip', 15),
(245, 'Saint Thomas', 15),
(246, 'Antwerp', 16),
(247, 'Limburg', 16),
(248, 'Flemish Brabant', 16),
(249, 'East Flanders', 16),
(250, 'West Flanders', 16),
(251, 'Hainaut', 16),
(252, 'Walloon Brabant', 16),
(253, 'Namur', 16),
(254, 'Li&egrave;ge', 16),
(255, 'Luxembourg', 16),
(256, 'Dagana', 17),
(257, 'Gasa', 17),
(258, 'Punakha', 17),
(259, 'Tsirang', 17),
(260, 'Wangdue', 17),
(261, 'Phodrang', 17),
(262, 'Bumthang', 17),
(263, 'Sarpang', 17),
(264, 'Trongsa', 17),
(265, 'Zhemgang', 17),
(266, 'Chukha', 17),
(267, 'Haa', 17),
(268, 'Paro', 17),
(269, 'Samtse', 17),
(270, 'Thimphu', 17),
(271, 'Lhuntse', 17),
(272, 'Mongar', 17),
(273, 'Pemagatshel', 17),
(274, 'Samdrup', 17),
(275, 'Jongkhar', 17),
(276, 'Trashigang', 17),
(277, 'Trashiyangtse', 17),
(278, 'Beni', 18),
(279, 'Chuquisaca', 18),
(280, 'Cochabamba', 18),
(281, 'La Paz', 18),
(282, 'Oruro', 18),
(283, 'Pando', 18),
(284, 'Potos&iacute;', 18),
(285, 'Santa Cruz', 18),
(286, 'Tarija', 18),
(287, 'Una-Sana', 19),
(288, 'Central Bosnia', 19),
(289, 'Posavina', 19),
(290, 'Herzegovina-Neretva', 19),
(291, 'Tuzla', 19),
(292, 'West Herzegovina', 19),
(293, 'Zenica-Doboj', 19),
(294, 'Sarajevo', 19),
(295, 'Bosnian Podrinje', 19),
(296, 'Canton 10', 19),
(297, 'Central District', 20),
(298, 'Ghanzi District', 20),
(299, 'Kgalagadi District', 20),
(300, 'Kgatleng District', 20),
(301, 'Kweneng District', 20),
(302, 'North-East District', 20),
(303, 'North-West District', 20),
(304, 'South-East District', 20),
(305, 'Southern District', 20),
(306, 'Gaborone City', 20),
(307, 'Francistown City of', 20),
(308, 'Lobatse Town', 20),
(309, 'Selebi-Phikwe Town', 20),
(310, 'Jwaneng Town', 20),
(311, 'Sowa Township', 20),
(312, 'Paran&aacute;', 21),
(313, 'Rio Grande do Sul', 21),
(314, 'Santa Catarina', 21),
(315, 'Esp&iacute;rito Santo', 21),
(316, 'Minas Gerais', 21),
(317, 'Rio de Janeiro', 21),
(318, 'S&atilde;o Paulo', 21),
(319, 'Distrito Federal', 21),
(320, 'Goi&aacute;s', 21),
(321, 'Mato Grosso', 21),
(322, 'Mato Grosso do Sul', 21),
(323, 'Alagoas', 21),
(324, 'Bahia', 21),
(325, 'Cear&aacute;', 21),
(326, 'Maranh&atilde;o', 21),
(327, 'Para&iacute;ba', 21),
(328, 'Pernambuco', 21),
(329, 'Piau&iacute;', 21),
(330, 'Rio Grande do Norte', 21),
(331, 'Sergipe', 21),
(332, 'Acre', 21),
(333, 'Amap&aacute;', 21),
(334, 'Amazonas', 21),
(335, 'Par&aacute;', 21),
(336, 'Rond&ocirc;nia', 21),
(337, 'Roraima', 21),
(338, 'Tocantins', 21),
(339, 'Belize', 22),
(340, 'Cayo', 22),
(341, 'Corozal', 22),
(342, 'Orange Walk', 22),
(343, 'Stann Creek', 22),
(344, 'Toledo', 22),
(345, 'Central', 23),
(346, 'Choiseul', 23),
(347, 'Guadalcanal', 23),
(348, 'Isabel', 23),
(349, 'Makira-Ulawa', 23),
(350, 'Malaita', 23),
(351, 'Rennell and Bellona', 23),
(352, 'Temotu', 23),
(353, 'Western', 23),
(354, 'Honiara City', 23),
(355, 'Belait', 24),
(356, 'Brunei and Muara', 24),
(357, 'Temburong', 24),
(358, 'Tutong', 24),
(359, 'Blagoevgrad', 25),
(360, 'Burgas', 25),
(361, 'Dobrich', 25),
(362, 'Gabrovo', 25),
(363, 'Haskovo', 25),
(364, 'Kardzhali', 25),
(365, 'Kyustendil', 25),
(366, 'Lovech', 25),
(367, 'Montana', 25),
(368, 'Pazardzhik', 25),
(369, 'Pernik', 25),
(370, 'Pleven', 25),
(371, 'Plovdiv', 25),
(372, 'Razgrad', 25),
(373, 'Ruse', 25),
(374, 'Shumen', 25),
(375, 'Silistra', 25),
(376, 'Sliven', 25),
(377, 'Smolyan', 25),
(378, 'Sofia-Capital', 25),
(379, 'Sofia Province', 25),
(380, 'Stara Zagora', 25),
(381, 'Targovishte', 25),
(382, 'Varna', 25),
(383, 'Veliko Tarnovo', 25),
(384, 'Vidin', 25),
(385, 'Vratsa', 25),
(386, 'Yambol', 25),
(387, 'Chin', 26),
(388, 'Kachin', 26),
(389, 'Kayah', 26),
(390, 'Kayin', 26),
(391, 'Mon', 26),
(392, 'Rakhine', 26),
(393, 'Shan', 26),
(394, 'Ayeyarwady', 26),
(395, 'Bago', 26),
(396, 'Magway', 26),
(397, 'Mandalay', 26),
(398, 'Sagaing', 26),
(399, 'Tanintharyi', 26),
(400, 'Yangon', 26),
(401, 'Danu', 26),
(402, 'Kokang', 26),
(403, 'Naga', 26),
(404, 'Pa Laung', 26),
(405, 'Pa-O', 26),
(406, 'Wa', 26),
(407, 'Naypyidaw', 26),
(408, 'Bubanza', 27),
(409, 'Bujumbura Mairie', 27),
(410, 'Bujumbura Rural', 27),
(411, 'Bururi', 27),
(412, 'Cankuzo', 27),
(413, 'Cibitoke', 27),
(414, 'Gitega', 27),
(415, 'Karuzi', 27),
(416, 'Kayanza', 27),
(417, 'Kirundo', 27),
(418, 'Makamba', 27),
(419, 'Muramvya', 27),
(420, 'Muyinga', 27),
(421, 'Mwaro', 27),
(422, 'Ngozi', 27),
(423, 'Rutana', 27),
(424, 'Ruyigi', 27),
(425, 'Brest Region', 28),
(426, 'Gomel Region', 28),
(427, 'Grodno Region', 28),
(428, 'Mogilev Region', 28),
(429, 'Minsk Region', 28),
(430, 'Vitebsk Region', 28),
(431, 'Minsk City', 28),
(432, 'Banteay', 29),
(433, 'Meanchey', 29),
(434, 'Battambang', 29),
(435, 'Kampong Cham', 29),
(436, 'Kampong Chhnang', 29),
(437, 'Kampong Speu', 29),
(438, 'Kampong Thom', 29),
(439, 'Kampot', 29),
(440, 'Kandal', 29),
(441, 'Koh Kong', 29),
(442, 'Krati&eacute;', 29),
(443, 'Mondulkiri', 29),
(444, 'Oddar Meancheay', 29),
(445, 'Pursat', 29),
(446, 'Preah Vihear', 29),
(447, 'Prey Veng', 29),
(448, 'Ratanakiri', 29),
(449, 'Siem Reap', 29),
(450, 'Stung Treng', 29),
(451, 'Svay Rieng', 29),
(452, 'Tak&eacute;o', 29),
(453, 'Kep', 29),
(454, 'Phnom Penh', 29),
(455, 'Sihanoukville', 29),
(456, 'Pailin', 29),
(457, 'Adamawa', 30),
(458, 'Centre', 30),
(459, 'East', 30),
(460, 'Far North', 30),
(461, 'Littoral', 30),
(462, 'North', 30),
(463, 'Northwest', 30),
(464, 'South', 30),
(465, 'Southwest', 30),
(466, 'West', 30),
(467, 'Alberta', 31),
(468, 'British Columbia', 31),
(469, 'Manitoba', 31),
(470, 'New Brunswick', 31),
(471, 'Newfoundland and Labrador', 31),
(472, 'Nova Scotia', 31),
(473, 'Ontario', 31),
(474, 'Prince Edward Island', 31),
(475, 'Quebec Saskatchewan', 31),
(476, 'Northwest Territories', 31),
(477, 'Nunavut', 31),
(478, 'Yukon', 31),
(479, 'Boa Vista', 32),
(480, 'Brava', 32),
(481, 'Maio', 32),
(482, 'Mosteiros', 32),
(483, 'Paul', 32),
(484, 'Porto Novo', 32),
(485, 'Praia', 32),
(486, 'Ribeira Grande', 32),
(487, 'Sal', 32),
(488, 'Santa Catarina', 32),
(489, 'Santa Cruz', 32),
(490, 'S&atilde;o Domingos', 32),
(491, 'S&atilde;o Filipe', 32),
(492, 'S&atilde;o Miguel', 32),
(493, 'S&atilde;o Vicente', 32),
(494, 'Tarrafal', 32),
(495, 'Ribeira Brava', 32),
(496, 'Ribeira Grande de Santiago', 32),
(497, 'Santa Catarina do Fogo', 32),
(498, 'S&atilde;o Loureno dos rg&atilde;os', 32),
(499, 'S&atilde;o Salvador do Mundo', 32),
(500, 'Tarrafal de S&atilde;o Nicolau', 32),
(501, 'Bamingui-Bangoran', 33),
(502, 'Basse-Kotto', 33),
(503, 'Haute-Kotto', 33),
(504, 'Haut-Mbomou', 33),
(505, 'K&eacute;mo', 33),
(506, 'Lobaye', 33),
(507, 'Mamb&eacute;r&eacute;-Kad&eacute;&iuml;', 33),
(508, 'Mbomou', 33),
(509, 'Nana-Mamb&eacute;r&eacute;', 33),
(510, 'Ombella-M&apos;Poko', 33),
(511, 'Ouaka', 33),
(512, 'Ouham', 33),
(513, 'Ouham-Pend&eacute;', 33),
(514, 'Vakaga', 33),
(515, 'Nana-Gr&eacute;bizi', 33),
(516, 'Sangha-Mba&eacute;r&eacute;', 33),
(517, 'Bangui', 33),
(518, 'Central Province', 34),
(519, 'Eastern Province', 34),
(520, 'North Central Province', 34),
(521, 'Northern Province', 34),
(522, 'North Western Province', 34),
(523, 'Sabaragamuwa Province', 34),
(524, 'Southern Province', 34),
(525, 'Uva Province', 34),
(526, 'Western Province', 34),
(527, 'Batha', 35),
(528, 'Chari-Baguirmi', 35),
(529, 'Hadjer-Lamis', 35),
(530, 'Wadi Fira', 35),
(531, 'Bahr el Gazel', 35),
(532, 'Borkou', 35),
(533, 'Ennedi', 35),
(534, 'Gu&eacute;ra', 35),
(535, 'Kanem', 35),
(536, 'Lac', 35),
(537, 'Logone Occidental', 35),
(538, 'Logone Oriental', 35),
(539, 'Mandoul', 35),
(540, 'Mayo-Kebbi Est', 35),
(541, 'Mayo-Kebbi Ouest', 35),
(542, 'Moyen-Chari', 35),
(543, 'Ouadda&iuml;', 35),
(544, 'Salamat', 35),
(545, 'Sila', 35),
(546, 'Tandjil&eacute;', 35),
(547, 'Tibesti', 35),
(548, 'N&apos;Djamena', 35),
(549, 'Arica and Parinacota', 36),
(550, 'Tarapac&aacute;', 36),
(551, 'Antofagasta', 36),
(552, 'Atacama', 36),
(553, 'Coquimbo', 36),
(554, 'Valpara&iacute;so', 36),
(555, 'O&apos;Higgins', 36),
(556, 'Maule', 36),
(557, 'Biob&iacute;o', 36),
(558, 'Araucan&iacute;a', 36),
(559, 'Los R&iacute;os', 36),
(560, 'Los Lagos', 36),
(561, 'Ais&eacute;n', 36),
(562, 'Magallanes', 36),
(563, 'Santiago Metropolitan', 36),
(564, 'Anhui', 37),
(565, 'Fujian', 37),
(566, 'Gansu', 37),
(567, 'Guangdong', 37),
(568, 'Guizhou', 37),
(569, 'Hainan', 37),
(570, 'Hebei', 37),
(571, 'Heilongjiang', 37),
(572, 'Henan', 37),
(573, 'Hubei', 37),
(574, 'Hunan', 37),
(575, 'Jiangsu', 37),
(576, 'Jiangxi', 37),
(577, 'Jilin', 37),
(578, 'Liaoning', 37),
(579, 'Qinghai', 37),
(580, 'Shaanxi', 37),
(581, 'Shandong', 37),
(582, 'Shanxi', 37),
(583, 'Sichuan', 37),
(584, 'Yunnan', 37),
(585, 'Zhejiang', 37),
(586, 'Guangxi', 37),
(587, 'Inner Mongolia (Nei Mongol)', 37),
(588, 'Ningxia', 37),
(589, 'Tibet (Xizang)', 37),
(590, 'Xinjiang', 37),
(591, 'Beijing', 37),
(592, 'Chongqing', 37),
(593, 'Shanghai', 37),
(594, 'Tianjin', 37),
(595, 'Hong Kong', 37),
(596, 'Macau', 37),
(597, 'Kaohsiung', 38),
(598, 'New Taipei', 38),
(599, 'Taichung', 38),
(600, 'Tainan', 38),
(601, 'Taipei', 38),
(602, 'Amazonas', 39),
(603, 'Antioquia', 39),
(604, 'Arauca', 39),
(605, 'Atl&aacute;ntico', 39),
(606, 'Bol&iacute;var', 39),
(607, 'Boyac&aacute;', 39),
(608, 'Caldas', 39),
(609, 'Caquet&aacute;', 39),
(610, 'Casanare', 39),
(611, 'Cauca', 39),
(612, 'Cesar', 39),
(613, 'Choc&oacute;', 39),
(614, 'C&oacute;rdoba', 39),
(615, 'Cundinamarca', 39),
(616, 'Guain&iacute;a', 39),
(617, 'Guaviare', 39),
(618, 'Huila', 39),
(619, 'La Guajira', 39),
(620, 'Magdalena', 39),
(621, 'Meta', 39),
(622, 'Nari&ntilde;o', 39),
(623, 'N. Santander', 39),
(624, 'Putumayo', 39),
(625, 'Quind&iacute;o', 39),
(626, 'Risaralda', 39),
(627, 'San Andr&eacute;s', 39),
(628, 'Santander', 39),
(629, 'Sucre', 39),
(630, 'Tolima', 39),
(631, 'Valle del Cauca', 39),
(632, 'Vaup&eacute;s', 39),
(633, 'Vichada', 39),
(634, 'Bogot&aacute;', 39),
(635, 'Bouenza', 40),
(636, 'Cuvette', 40),
(637, 'Cuvette-Ouest', 40),
(638, 'Kouilou', 40),
(639, 'L&eacute;koumou', 40),
(640, 'Brazzaville', 40),
(641, 'Likouala', 40),
(642, 'Niari', 40),
(643, 'Plateaux', 40),
(644, 'Pool', 40),
(645, 'Sangha', 40),
(646, 'Pointe Noire', 40),
(647, 'Bandundu', 41),
(648, 'Bas-Congo', 41),
(649, '&Eacute;quateur', 41),
(650, 'Kasai-Occidental', 41),
(651, 'Kasai-Oriental', 41),
(652, 'Katanga', 41),
(653, 'Kinshasa (city-province)', 41),
(654, 'Maniema', 41),
(655, 'North Kivu', 41),
(656, 'Orientale', 41),
(657, 'South Kivu', 41),
(658, 'Alajuela', 42),
(659, 'Cartago', 42),
(660, 'Guanacaste', 42),
(661, 'Heredia', 42),
(662, 'Lim&oacute;n', 42),
(663, 'Puntarenas', 42),
(664, 'San Jos&eacute;', 42),
(665, 'Bjelovar-Bilogora', 43),
(666, 'Brod-Posavina', 43),
(667, 'Dubrovnik-Neretva', 43),
(668, 'Istria', 43),
(669, 'Karlovac', 43),
(670, 'Koprivnica-Krizevci', 43),
(671, 'Krapina-Zagorje', 43),
(672, 'Lika-Senj', 43),
(673, 'Medimurje', 43),
(674, 'Osijek-Baranja', 43),
(675, 'Pozega-Slavonia', 43),
(676, 'Primorje-Gorski Kotar', 43),
(677, 'Sibenik-Knin', 43),
(678, 'Sisak-Moslavina', 43),
(679, 'Split-Dalmatia', 43),
(680, 'Varazdin', 43),
(681, 'Virovitica-Podravina', 43),
(682, 'Vukovar-Syrmia', 43),
(683, 'Zadar', 43),
(684, 'Zagreb', 43),
(685, 'City of Zagreb', 43),
(686, 'Pinar del Ro', 44),
(687, 'Artemisa', 44),
(688, 'Havana', 44),
(689, 'Mayabeque', 44),
(690, 'Matanzas', 44),
(691, 'Cienfuegos', 44),
(692, 'Villa Clara', 44),
(693, 'Sancti Spritus', 44),
(694, 'Ciego de vila', 44),
(695, 'Camagey', 44),
(696, 'Las Tunas', 44),
(697, 'Granma', 44),
(698, 'Holgun', 44),
(699, 'Santiago de Cuba', 44),
(700, 'Guantnamo', 44),
(701, 'Isla de la Juventud', 44),
(702, 'Nicosia', 45),
(703, 'Famagusta', 45),
(704, 'Kyrenia', 45),
(705, 'Larnaca', 45),
(706, 'Limassol', 45),
(707, 'Paphos', 45),
(708, 'Central Bohemia', 46),
(709, 'Hradec Kr&aacute;lov&eacute;', 46),
(710, 'Karlovy Vary', 46),
(711, 'Liberec', 46),
(712, 'Moravia-Silesia', 46),
(713, 'Olomouc', 46),
(714, 'Pardubice', 46),
(715, 'Plzen', 46),
(716, 'Prague', 46),
(717, 'South Bohemia', 46),
(718, 'South Moravia', 46),
(719, '&Ucirc;st&iacute; nad Labem', 46),
(720, 'Vysocina', 46),
(721, 'Zl&iacute;n', 46),
(722, 'Alibori', 47),
(723, 'Atakora', 47),
(724, 'Atlantique', 47),
(725, 'Borgou', 47),
(726, 'Collines', 47),
(727, 'Donga', 47),
(728, 'Kouffo', 47),
(729, 'Littoral', 47),
(730, 'Mono', 47),
(731, 'Ou&eacute;m&eacute;', 47),
(732, 'Plateau', 47),
(733, 'Zou', 47),
(734, 'Capital Region of Denmark', 48),
(735, 'Central Denmark Region', 48),
(736, 'North Denmark Region', 48),
(737, 'Region Zealand', 48),
(738, 'Region of Southern Denmark', 48),
(739, 'Saint Andrew', 49),
(740, 'Saint David', 49),
(741, 'Saint George', 49),
(742, 'Saint John', 49),
(743, 'Saint Joseph', 49),
(744, 'Saint Luke', 49),
(745, 'Saint Mark', 49),
(746, 'Saint Patrick', 49),
(747, 'Saint Paul', 49),
(748, 'Saint Peter', 49),
(749, 'Azua', 50),
(750, 'Baoruco', 50),
(751, 'Barahona', 50),
(752, 'Dajab&oacute;n', 50),
(753, 'Distrito Nacional', 50),
(754, 'Duarte', 50),
(755, 'El&iacute;as Pi&ntilde;a', 50),
(756, 'El Seibo', 50),
(757, 'Espaillat', 50),
(758, 'Hato Mayor', 50),
(759, 'Hermanas Mirabal', 50),
(760, 'Independencia', 50),
(761, 'La Altagracia', 50),
(762, 'La Romana', 50),
(763, 'La Vega', 50),
(764, 'Mar&iacute;a Trinidad S&aacute;nchez', 50),
(765, 'Monse&ntilde;or Nouel', 50),
(766, 'Monte Cristi', 50),
(767, 'Monte Plata', 50),
(768, 'Pedernales', 50),
(769, 'Peravia', 50),
(770, 'Puerto Plata', 50),
(771, 'Saman&aacute;', 50),
(772, 'San Crist&oacute;bal', 50),
(773, 'San Jos&eacute; de Ocoa', 50),
(774, 'San Juan', 50),
(775, 'San Pedro de Macor&iacute;s', 50),
(776, 'S&aacute;nchez Ram&iacute;rez', 50),
(777, 'Santiago', 50),
(778, 'Santiago Rodr&iacute;guez', 50),
(779, 'Santo Domingo', 50),
(780, 'Valverde', 50),
(781, 'Azuay', 51),
(782, 'Bol&iacute;var', 51),
(783, 'Ca&ntilde;ar', 51),
(784, 'Carchi', 51),
(785, 'Chimborazo', 51),
(786, 'Cotopaxi', 51),
(787, 'El Oro', 51),
(788, 'Esmeraldas', 51),
(789, 'Gal&aacute;pagos', 51),
(790, 'Guayas', 51),
(791, 'Imbabura', 51),
(792, 'Loja', 51),
(793, 'Los R&iacute;os', 51),
(794, 'Manab&iacute;', 51),
(795, 'Morona-Santiago', 51),
(796, 'Napo', 51),
(797, 'Orellana', 51),
(798, 'Pastaza', 51),
(799, 'Pichincha', 51),
(800, 'Santa Elena', 51),
(801, 'Santo Domingo de los Ts&aacute;chilas', 51),
(802, 'Sucumb&iacute;os', 51),
(803, 'Tungurahua', 51),
(804, 'Zamora-Chinchipe', 51),
(805, 'Ahuachap&aacute;n', 52),
(806, 'Caba&ntilde;as', 52),
(807, 'Chalatenango', 52),
(808, 'Cuscatl&aacute;n', 52),
(809, 'La Libertad', 52),
(810, 'La Paz', 52),
(811, 'La Uni&oacute;n', 52),
(812, 'Moraz&aacute;n', 52),
(813, 'San Miguel', 52),
(814, 'San Salvador', 52),
(815, 'San Vicente', 52),
(816, 'Santa Ana', 52),
(817, 'Sonsonate', 52),
(818, 'Usulut&aacute;n', 52),
(819, 'Annob&oacute;n', 53),
(820, 'Bioko Norte', 53),
(821, 'Bioko Sur', 53),
(822, 'Centro Sur', 53),
(823, 'Ki&eacute;-Ntem', 53),
(824, 'Litoral', 53),
(825, 'Wele-Nzas', 53),
(826, 'Addis Ababa', 54),
(827, 'Afar', 54),
(828, 'Amhara', 54),
(829, 'Benishangul-Gumuz', 54),
(830, 'Dire Dawa', 54),
(831, 'Gambela', 54),
(832, 'Harari', 54),
(833, 'Oromia', 54),
(834, 'Somali', 54),
(835, 'SNNPR', 54),
(836, 'Tigray', 54),
(837, 'Akele Guzay', 55),
(838, 'Barka', 55),
(839, 'Denkalia', 55),
(840, 'Hamasien', 55),
(841, 'Sahel', 55),
(842, 'Semhar', 55),
(843, 'Senhit', 55),
(844, 'Seraye', 55),
(845, 'Harjumaa', 56),
(846, 'Hiiumaa', 56),
(847, 'Ida-Virumaa', 56),
(848, 'J&auml;rvamaa', 56),
(849, 'J&otilde;gevamaa', 56),
(850, 'L&auml;&auml;nemaa', 56),
(851, 'L&auml;&auml;ne-Virumaa', 56),
(852, 'P&auml;rnumaa', 56),
(853, 'P&otilde;lvamaa', 56),
(854, 'Raplamaa', 56),
(855, 'Saaremaa', 56),
(856, 'Tartumaa', 56),
(857, 'Valgamaa', 56),
(858, 'Viljandimaa', 56),
(859, 'V&otilde;rumaa', 56),
(860, 'Ei&eth;is', 57),
(861, 'Eystur', 57),
(862, 'F&aacute;mjins', 57),
(863, 'Fuglafjar&eth;ar', 57),
(864, 'Fugloyar', 57),
(865, 'Hovs', 57),
(866, 'H&uacute;sa', 57),
(867, 'H&uacute;sav&iacute;kar', 57),
(868, 'Hvalbiar', 57),
(869, 'Hvannasunds', 57),
(870, 'Klaksv&iacute;kar', 57),
(871, 'Kunoy', 57),
(872, 'Kv&iacute;v&iacute;kar', 57),
(873, 'Nes', 57),
(874, 'Porkeris', 57),
(875, 'Runav&iacute;kar', 57),
(876, 'Sands', 57),
(877, 'Sj&oacute;var', 57),
(878, 'Sk&aacute;lav&iacute;kar', 57),
(879, 'Skopunar', 57),
(880, 'Sk&uacute;voyar', 57),
(881, 'S&oslash;rv&aacute;gs', 57),
(882, 'Sumbiar', 57),
(883, 'Sunda', 57),
(884, 'T&oacute;rshavnar', 57),
(885, 'Tv&oslash;royrar', 57),
(886, 'V&aacute;gar', 57),
(887, 'V&aacute;gs', 57),
(888, 'Vestmanna', 57),
(889, 'Vi&eth;arei&eth;is', 57),
(890, 'Ba', 58),
(891, 'Bua', 58),
(892, 'Cakaudrove', 58),
(893, 'Kadavu', 58),
(894, 'Lau', 58),
(895, 'Lomaiviti Province', 58),
(896, 'Macuata', 58),
(897, 'Nadroga-Navosa', 58),
(898, 'Naitasiri', 58),
(899, 'Namosi', 58),
(900, 'Ra', 58),
(901, 'Rewa', 58),
(902, 'Serua', 58),
(903, 'Tailevu', 58),
(904, '&Aring;land', 59),
(905, 'Central Finland', 59),
(906, 'Central Ostrobothnia', 59),
(907, 'Finland Proper', 59),
(908, 'Kainuu', 59),
(909, 'Kymenlaakso', 59),
(910, 'Lapland', 59),
(911, 'North Karelia', 59),
(912, 'Northern Ostrobothnia', 59),
(913, 'Northern Savonia', 59),
(914, 'Ostrobothnia', 59),
(915, 'P&auml;ij&auml;nne Tavastia', 59),
(916, 'Pirkanmaa', 59),
(917, 'Satakunta', 59),
(918, 'South Karelia', 59),
(919, 'Southern Ostrobothnia', 59),
(920, 'Southern Savonia', 59),
(921, 'Tavastia Proper', 59),
(922, 'Uusimaa', 59),
(923, 'Alsace', 60),
(924, 'Aquitaine', 60),
(925, 'Auvergne', 60),
(926, 'Burgundy', 60),
(927, 'Brittany', 60),
(928, 'Centre', 60),
(929, 'Champagne-Ardenne', 60),
(930, 'Corsica', 60),
(931, 'Franche-Comt&eacute;', 60),
(932, '&Icirc;le-de-France', 60),
(933, 'Languedoc-Roussillon', 60),
(934, 'Limousin', 60),
(935, 'Lorraine', 60),
(936, 'Midi-Pyr&eacute;n&eacute;es', 60),
(937, 'Nord-Pas-de-Calais', 60),
(938, 'Lower Normandy', 60),
(939, 'Upper Normandy', 60),
(940, 'Pays de la Loire', 60),
(941, 'Picardy', 60),
(942, 'Poitou-Charentes', 60),
(943, 'Provence-Alpes-C&ocirc;te d&apos;Azur', 60),
(944, 'Rh&ocirc;ne-Alpes', 60),
(945, 'Ali Sabieh', 61),
(946, 'Arta', 61),
(947, 'Dikhil', 61),
(948, 'Djibouti', 61),
(949, 'Obock', 61),
(950, 'Tadjourah', 61),
(951, 'Estuaire', 62),
(952, 'Haut-Ogoou&eacute;', 62),
(953, 'Moyen-Ogoou&eacute;', 62),
(954, 'Ngouni&eacute;', 62),
(955, 'Nyanga', 62),
(956, 'Ogoou&eacute;-Ivindo', 62),
(957, 'Ogoou&eacute;-Lolo', 62),
(958, 'Ogoou&eacute;-Maritime', 62),
(959, 'Woleu-Ntem', 62),
(960, 'Abkhazia', 63),
(961, 'Adjara', 63),
(962, 'Guria', 63),
(963, 'Imereti', 63),
(964, 'Kakheti', 63),
(965, 'Kvemo Kartli', 63),
(966, 'Mtskheta-Mtianeti', 63),
(967, 'Racha-Lechkhumi and Kvemo Svaneti', 63),
(968, 'Samegrelo-Zemo Svaneti', 63),
(969, 'Samtskhe-Javakheti', 63),
(970, 'Shida Kartli', 63),
(971, 'Tbilisi', 63),
(972, 'Lower River', 64),
(973, 'Central River', 64),
(974, 'North Bank', 64),
(975, 'Upper River', 64),
(976, 'Western', 64),
(977, 'Banjul', 64),
(978, 'Baden-Wrttemberg', 65),
(979, 'Bavaria', 65),
(980, 'Brandenburg', 65),
(981, 'Hesse', 65),
(982, 'Lower Saxony', 65),
(983, 'Mecklenburg-Vorpommern', 65),
(984, 'North Rhine-Westphalia', 65),
(985, 'Rhineland-Palatinate', 65),
(986, 'Saarland', 65),
(987, 'Saxony', 65),
(988, 'Saxony-Anhalt', 65),
(989, 'Schleswig-Holstein', 65),
(990, 'Thuringia', 65),
(991, 'Berlin', 65),
(992, 'Bremen', 65),
(993, 'Hamburg', 65),
(994, 'Ashanti', 66),
(995, 'Brong-Ahafo', 66),
(996, 'Central', 66),
(997, 'Eastern', 66),
(998, 'Greater Accra', 66),
(999, 'Northern', 66),
(1000, 'Upper East', 66),
(1001, 'Upper West', 66),
(1002, 'Volta', 66),
(1003, 'Western', 66),
(1004, 'Attica', 67),
(1005, 'Central Greece', 67),
(1006, 'Central Macedonia', 67),
(1007, 'Crete', 67),
(1008, 'East Macedonia and Thrace', 67),
(1009, 'Epirus', 67),
(1010, 'Ionian Islands', 67),
(1011, 'North Aegean', 67),
(1012, 'Peloponnese', 67),
(1013, 'South Aegean', 67),
(1014, 'Thessaly', 67),
(1015, 'West Greece', 67),
(1016, 'West Macedonia', 67),
(1017, 'Carriacou and Petite Martinique', 68),
(1018, 'aint Andrew', 68),
(1019, 'Saint David', 68),
(1020, 'Saint George', 68),
(1021, 'Saint John', 68),
(1022, 'Saint Mark', 68),
(1023, 'Saint Patrick', 68),
(1024, 'Alta Verapaz', 69),
(1025, 'Baja Verapaz', 69),
(1026, 'Chimaltenango', 69),
(1027, 'Chiquimula', 69),
(1028, 'Petn', 69),
(1029, 'El Progreso', 69),
(1030, 'El Quich', 69),
(1031, 'Escuintla', 69),
(1032, 'Guatemala', 69),
(1033, 'Huehuetenango', 69),
(1034, 'Izabal', 69),
(1035, 'Jalapa', 69),
(1036, 'Jutiapa', 69),
(1037, 'Quetzaltenango', 69),
(1038, 'Retalhuleu', 69),
(1039, 'Sacatepquez', 69),
(1040, 'San Marcos', 69),
(1041, 'Santa Rosa', 69),
(1042, 'Solol', 69),
(1043, 'Suchitepquez', 69),
(1044, 'Totonicapn', 69),
(1045, 'Zacapa', 69),
(1046, 'Bok&eacute;', 70),
(1047, 'Conakry', 70),
(1048, 'Faranah', 70),
(1049, 'Kankan', 70),
(1050, 'Kindia', 70),
(1051, 'Lab&eacute;', 70),
(1052, 'Mamou', 70),
(1053, 'Nz&eacute;r&eacute;kor&eacute;', 70),
(1054, 'Barima-Waini', 71),
(1055, 'Pomeroon-Supenaam', 71),
(1056, 'Essequibo Islands-West Demerara', 71),
(1057, 'Demerara-Mahaica', 71),
(1058, 'Mahaica-Berbice', 71),
(1059, 'East Berbice-Corentyne', 71),
(1060, 'Cuyuni-Mazaruni', 71),
(1061, 'Potaro-Siparuni', 71),
(1062, 'Upper Takutu-Upper Essequibo', 71),
(1063, 'Upper Demerara-Berbice', 71),
(1064, 'Artibonite', 72),
(1065, 'Centre', 72),
(1066, 'Grand&apos;Anse', 72),
(1067, 'Nippes', 72),
(1068, 'Nord', 72),
(1069, 'Nord-Est', 72),
(1070, 'Nord-Ouest', 72),
(1071, 'Ouest', 72),
(1072, 'Sud-Est', 72),
(1073, 'Sud', 72),
(1074, 'Atl&aacute;ntida', 73),
(1075, 'Bay Islands', 73),
(1076, 'Choluteca', 73),
(1077, 'Col&oacute;n', 73),
(1078, 'Comayagua', 73),
(1079, 'Cop&aacute;n', 73),
(1080, 'Cort&eacute;s', 73),
(1081, 'El Para&iacute;so', 73),
(1082, 'Francisco Moraz&aacute;n', 73),
(1083, 'Gracias a Dios', 73),
(1084, 'Intibuc&aacute;', 73),
(1085, 'La Paz', 73),
(1086, 'Lempira', 73),
(1087, 'Ocotepeque', 73),
(1088, 'Olancho', 73),
(1089, 'Santa B&aacute;rbara', 73),
(1090, 'Valle', 73),
(1091, 'Yoro', 73),
(1092, 'B&aacute;cs-Kiskun', 74),
(1093, 'Baranya', 74),
(1094, 'B&eacute;k&eacute;s', 74),
(1095, 'Borsod-Aba&uacute;j-Zempl&eacute;n', 74),
(1096, 'Budapest', 74),
(1097, 'Csongr&aacute;d', 74),
(1098, 'Fej&eacute;r', 74),
(1099, 'Gyor-Moson-Sopron', 74),
(1100, 'Hajd&uacute;-Bihar', 74),
(1101, 'Heves', 74),
(1102, 'J&aacute;sz-Nagykun-Szolnok', 74),
(1103, 'Kom&aacute;rom-Esztergom', 74),
(1104, 'N&oacute;gr&aacute;d', 74),
(1105, 'Pest', 74),
(1106, 'Somogy', 74),
(1107, 'Szabolcs-Szatm&aacute;r-Bereg', 74),
(1108, 'Tolna', 74),
(1109, 'Vas', 74),
(1110, 'Veszpr&eacute;m', 74),
(1111, 'Zala', 74),
(1112, '&Aacute;rness&yacute;sla', 75),
(1113, 'Austur-Bar&eth;astrandars&yacute;sla', 75),
(1114, 'Austur-H&uacute;navatnss&yacute;sla', 75),
(1115, 'Austur-Skaftafellss&yacute;sla', 75),
(1116, 'Borgarfjar&eth;ars&yacute;sla', 75),
(1117, 'Dalas&yacute;sla', 75),
(1118, 'Eyjafjar&eth;ars&yacute;sla', 75),
(1119, 'Gullbringus&yacute;sla', 75),
(1120, 'Kj&oacute;sars&yacute;sla', 75),
(1121, 'M&yacute;ras&yacute;sla', 75),
(1122, 'Nor&eth;ur-&Iacute;safjar&eth;ars&yacute;sla', 75),
(1123, 'Nor&eth;ur-M&uacute;las&yacute;sla', 75),
(1124, 'Nor&eth;ur-&THORN;ingeyjars&yacute;sla', 75),
(1125, 'Rang&aacute;rvallas&yacute;sla', 75),
(1126, 'Skagafjar&eth;ars&yacute;sla', 75),
(1127, 'Sn&aelig;fellsnes-og Hnappadalss&yacute;sla', 75),
(1128, 'Strandas&yacute;sla', 75),
(1129, 'Su&eth;ur-M&uacute;las&yacute;sla', 75),
(1130, 'Su&eth;ur-&THORN;ingeyjars&yacute;sla', 75),
(1131, 'Vestur-Bar&eth;astrandars&yacute;sla', 75),
(1132, 'Vestur-H&uacute;navatnss&yacute;sla', 75),
(1133, 'Vestur-&Iacute;safjar&eth;ars&yacute;sla', 75),
(1134, 'Vestur-Skaftafellss&yacute;sla', 75),
(1135, 'Andhra Pradesh', 76),
(1136, 'Arunachal Pradesh', 76),
(1137, 'Assam', 76),
(1138, 'Bihar', 76),
(1139, 'Chhattisgarh', 76),
(1140, 'Delhi', 76),
(1141, 'Goa', 76),
(1142, 'Gujarat', 76),
(1143, 'Haryana', 76),
(1144, 'Himachal Pradesh', 76),
(1145, 'Jammu and Kashmir', 76),
(1146, 'Jharkhand', 76),
(1147, 'Karnataka', 76),
(1148, 'Kerala', 76),
(1149, 'Madhya Pradesh', 76),
(1150, 'Maharashtra', 76),
(1151, 'Manipur', 76),
(1152, 'Meghalaya', 76),
(1153, 'Mizoram', 76),
(1154, 'Nagaland', 76),
(1155, 'Orissa', 76),
(1156, 'Punjab', 76),
(1157, 'Rajasthan', 76),
(1158, 'Sikkim', 76),
(1159, 'Tamil Nadu', 76),
(1160, 'Tripura', 76),
(1161, 'Uttar Pradesh', 76),
(1162, 'Uttarakhand', 76),
(1163, 'West Bengal', 76),
(1164, 'Andaman and Nicobar Islands', 76),
(1165, 'Chandigarh', 76),
(1166, 'Dadra and Nagar Haveli', 76),
(1167, 'National Capital Territory of Delhi', 76),
(1168, 'Daman and Diu', 76),
(1169, 'Lakshadweep', 76),
(1170, 'Pondicherry', 76),
(1171, 'Alborz', 77),
(1172, 'Ardabil', 77),
(1173, 'Bushehr', 77),
(1174, 'Chaharmahal and Bakhtiari', 77),
(1175, 'East Azerbaijan', 77),
(1176, 'Isfahan', 77),
(1177, 'Fars', 77),
(1178, 'Gilan', 77),
(1179, 'Golestan', 77),
(1180, 'Hamadan', 77),
(1181, 'Hormozgan', 77),
(1182, 'Ilam', 77),
(1183, 'Kerman', 77),
(1184, 'Kermanshah', 77),
(1185, 'Khuzestan', 77),
(1186, 'Kohgiluyeh and Boyer-Ahmad', 77),
(1187, 'Kurdistan', 77),
(1188, 'Lorestan', 77),
(1189, 'Markazi', 77),
(1190, 'Mazandaran', 77),
(1191, 'North Khorasan', 77),
(1192, 'Qazvin', 77),
(1193, 'Qom', 77),
(1194, 'Razavi Khorasan', 77),
(1195, 'Semnan', 77),
(1196, 'Sistan and Baluchestan', 77),
(1197, 'South Khorasan', 77),
(1198, 'Tehran', 77),
(1199, 'West Azerbaijan', 77),
(1200, 'Yazd', 77),
(1201, 'Zanjan', 77),
(1202, 'Anbar', 78),
(1203, 'Arbil', 78),
(1204, 'Babylon', 78),
(1205, 'Baghdad', 78),
(1206, 'Basra', 78),
(1207, 'Dhi Qar', 78),
(1208, 'Diyala', 78),
(1209, 'Dohuk', 78),
(1210, 'Karbala', 78),
(1211, 'Kirkuk', 78),
(1212, 'Maysan', 78),
(1213, 'Muthanna', 78),
(1214, 'Najaf', 78),
(1215, 'Nineveh', 78),
(1216, 'Qadisiyyah', 78),
(1217, 'Saladin', 78),
(1218, 'Sulaymaniyah', 78),
(1219, 'Wasit', 78),
(1220, 'Galway', 79),
(1221, 'Leitrim', 79),
(1222, 'Mayo', 79),
(1223, 'Roscommon', 79),
(1224, 'Sligo', 79),
(1225, 'Clare', 79),
(1226, 'Cork', 79),
(1227, 'Kerry', 79),
(1228, 'Limerick', 79),
(1229, 'Tipperary', 79),
(1230, 'Waterford', 79),
(1231, 'Carlow', 79),
(1232, 'Dublin', 79),
(1233, 'Kildare', 79),
(1234, 'Kilkenny', 79),
(1235, 'Laois', 79),
(1236, 'Longford', 79),
(1237, 'Louth', 79),
(1238, 'Meath', 79),
(1239, 'Offaly', 79),
(1240, 'Westmeath', 79),
(1241, 'Wexford', 79),
(1242, 'Wicklow', 79),
(1243, 'Antrim', 79),
(1244, 'Armagh', 79),
(1245, 'Cavan', 79),
(1246, 'Donegal', 79),
(1247, 'Down', 79),
(1248, 'Fermanagh', 79),
(1249, 'Londonderry', 79),
(1250, 'Monaghan', 79),
(1251, 'Tyrone', 79),
(1252, 'Center District', 80),
(1253, 'Haifa', 80),
(1254, 'Jerusalem', 80),
(1255, 'Judea and Samaria', 80),
(1256, 'North District', 80),
(1257, 'South District', 80),
(1258, 'Tel Aviv', 80),
(1259, 'Abruzzo', 81),
(1260, 'Aosta Valley', 81),
(1261, 'Apulia', 81),
(1262, 'Basilicata', 81),
(1263, 'Calabria', 81),
(1264, 'Campania', 81),
(1265, 'Emilia-Romagna', 81),
(1266, 'Friuli-Venezia Giulia', 81),
(1267, 'Lazio', 81),
(1268, 'Liguria', 81),
(1269, 'Lombardy', 81),
(1270, 'Marche', 81),
(1271, 'Molise', 81),
(1272, 'Piedmont', 81),
(1273, 'Sardinia', 81),
(1274, 'Sicily', 81),
(1275, 'Trentino-Alto Adige/Sdtirol', 81),
(1276, 'Tuscany', 81),
(1277, 'Umbria', 81),
(1278, 'Veneto', 81),
(1279, 'Agn&eacute;by', 82),
(1280, 'Bafing', 82),
(1281, 'Bas-Sassandra', 82),
(1282, 'Dengu&eacute;l&eacute;', 82),
(1283, 'Dix-Huit Montagnes', 82),
(1284, 'Fromager', 82),
(1285, 'Haut-Sassandra', 82),
(1286, 'Lacs', 82),
(1287, 'Lagunes', 82),
(1288, 'Marahou&eacute;', 82),
(1289, 'Moyen-Cavally', 82),
(1290, 'Moyen-Como&eacute;', 82),
(1291, 'N&apos;zi-Como&eacute;', 82),
(1292, 'Savanes', 82),
(1293, 'Sud-Bandama', 82),
(1294, 'Sud-Como&eacute;', 82),
(1295, 'Vall&eacute;e du Bandama', 82),
(1296, 'Worodougou', 82),
(1297, 'Zanzan', 82),
(1298, 'Clarendon', 83),
(1299, 'Hanover', 83),
(1300, 'Kingston', 83),
(1301, 'Manchester', 83),
(1302, 'Portland', 83),
(1303, 'Saint Andrew', 83),
(1304, 'Saint Ann', 83),
(1305, 'Saint Catherine', 83),
(1306, 'Saint Elizabeth', 83),
(1307, 'Saint James', 83),
(1308, 'Saint Mary', 83),
(1309, 'Saint Thomas', 83),
(1310, 'Trelawny', 83),
(1311, 'Westmoreland', 83),
(1312, 'Hokkaido', 84),
(1313, 'Aomori', 84),
(1314, 'Iwate', 84),
(1315, 'Miyagi', 84),
(1316, 'Akita', 84),
(1317, 'Yamagata', 84),
(1318, 'Fukushima', 84),
(1319, 'Ibaraki', 84),
(1320, 'Tochigi', 84),
(1321, 'Gunma', 84),
(1322, 'Saitama', 84),
(1323, 'Chiba', 84),
(1324, 'Tokyo', 84),
(1325, 'Kanagawa', 84),
(1326, 'Niigata', 84),
(1327, 'Toyama', 84),
(1328, 'Ishikawa', 84),
(1329, 'Fukui', 84),
(1330, 'Yamanashi', 84),
(1331, 'Nagano', 84),
(1332, 'Gifu', 84),
(1333, 'Shizuoka', 84),
(1334, 'Aichi', 84),
(1335, 'Mie', 84),
(1336, 'Shiga', 84),
(1337, 'Kyoto', 84),
(1338, 'Osaka', 84),
(1339, 'Hyogo', 84),
(1340, 'Nara', 84),
(1341, 'Wakayama', 84),
(1342, 'Tottori', 84),
(1343, 'Shimane', 84),
(1344, 'Okayama', 84),
(1345, 'Hiroshima', 84),
(1346, 'Yamaguchi', 84),
(1347, 'Tokushima', 84),
(1348, 'Kagawa', 84),
(1349, 'Ehime', 84),
(1350, 'Kochi', 84),
(1351, 'Fukuoka', 84),
(1352, 'Saga', 84),
(1353, 'Nagasaki', 84),
(1354, 'Kumamoto', 84),
(1355, 'Oita', 84),
(1356, 'Miyazaki', 84),
(1357, 'Kagoshima', 84),
(1358, 'Okinawa', 84),
(1359, 'Akmola', 85),
(1360, 'Aktobe', 85),
(1361, 'Almaty', 85),
(1362, 'Atyrau', 85),
(1363, 'East Kazakhstan', 85),
(1364, 'Karagandy', 85),
(1365, 'Kostanay', 85),
(1366, 'Kyzylorda', 85),
(1367, 'Jambyl', 85),
(1368, 'Mangystau', 85),
(1369, 'North Kazakhstan', 85),
(1370, 'Pavlodar', 85),
(1371, 'South Kazakhstan', 85),
(1372, 'West Kazakhstan', 85),
(1373, 'Almaty', 85),
(1374, 'Astana', 85),
(1375, 'Baikonur', 85),
(1376, 'Irbid', 86),
(1377, 'Jerash', 86),
(1378, 'Ajloun', 86),
(1379, 'Mafraq', 86),
(1380, 'Amman', 86),
(1381, 'Balqa', 86),
(1382, 'Zarqa', 86),
(1383, 'Madaba', 86),
(1384, 'Aqaba', 86),
(1385, 'Karak', 86),
(1386, 'Ma&apos;an', 86),
(1387, 'Tafilah', 86),
(1388, 'Central', 87),
(1389, 'Coast', 87),
(1390, 'Eastern', 87),
(1391, 'Nairobi', 87),
(1392, 'North Eastern', 87),
(1393, 'Nyanza', 87),
(1394, 'Rift Valley', 87),
(1395, 'Western', 87),
(1396, 'Chagang', 88),
(1397, 'North Hamgyong', 88),
(1398, 'South Hamgyong', 88),
(1399, 'North Hwanghae', 88),
(1400, 'South Hwanghae', 88),
(1401, 'Kangwon', 88),
(1402, 'North Pyongan', 88),
(1403, 'South Pyongan', 88),
(1404, 'Ryanggang', 88),
(1405, 'Pyongyang', 88),
(1406, 'Rason', 88),
(1407, 'North Chungcheong', 89),
(1408, 'South Chungcheong', 89),
(1409, 'Gangwon', 89),
(1410, 'Gyeonggi', 89),
(1411, 'North Gyeongsang', 89),
(1412, 'South Gyeongsang', 89),
(1413, 'North Jeolla', 89),
(1414, 'South Jeolla', 89),
(1415, 'Jeju', 89),
(1416, 'Seoul', 89),
(1417, 'Sejong', 89),
(1418, 'Busan', 89),
(1419, 'Daegu', 89),
(1420, 'Daejeon', 89),
(1421, 'Gwangju', 89),
(1422, 'Incheon', 89),
(1423, 'Ulsan', 89),
(1424, 'Al Ahmadi', 90),
(1425, 'Al Farwaniyah', 90),
(1426, 'Al Asimah', 90),
(1427, 'Al Jahra', 90),
(1428, 'Hawalli', 90),
(1429, 'Mubarak Al-Kabeer', 90),
(1430, 'Batken', 91),
(1431, 'Bishkek City', 91),
(1432, 'Chuy', 91),
(1433, 'Issyk Kul', 91),
(1434, 'Jalal-Abad', 91),
(1435, 'Naryn', 91),
(1436, 'Osh', 91),
(1437, 'Osh City', 91),
(1438, 'Talas', 91),
(1439, 'Attapeu', 92),
(1440, 'Bokeo', 92),
(1441, 'Bolikhamxai', 92),
(1442, 'Champasak', 92),
(1443, 'Houaphan', 92),
(1444, 'Khammouan', 92),
(1445, 'Loung Namtha', 92),
(1446, 'Louangphabang', 92),
(1447, 'Oudomxai', 92),
(1448, 'Phongsali', 92),
(1449, 'Sainyabuli', 92),
(1450, 'Salavan', 92),
(1451, 'Savannakhet', 92),
(1452, 'Sekong', 92),
(1453, 'Vientiane', 92),
(1454, 'Xiangkhoang', 92),
(1455, 'Vientiane', 92),
(1456, 'Beirut', 93),
(1457, 'Beqaa', 93),
(1458, 'Mount Lebanon', 93),
(1459, 'Nabatieh', 93),
(1460, 'North Governorate', 93),
(1461, 'South Governorate', 93),
(1462, 'Berea', 94),
(1463, 'Butha-Buthe', 94),
(1464, 'Leribe', 94),
(1465, 'Mafeteng', 94),
(1466, 'Maseru', 94),
(1467, 'Mohale&apos;s Hoek', 94),
(1468, 'Mokhotlong', 94),
(1469, 'Qacha&apos;s Nek', 94),
(1470, 'Quthing', 94),
(1471, 'Thaba-Tseka', 94),
(1472, 'Daugavpils', 95),
(1473, 'Jelgava', 95),
(1474, 'Jekabpils', 95),
(1475, 'Jurmala', 95),
(1476, 'Liepaja', 95),
(1477, 'Rezekne', 95),
(1478, 'Riga', 95),
(1479, 'Valmiera', 95),
(1480, 'Ventspils', 95),
(1481, 'Aglona', 95),
(1482, 'Aizkraukle', 95),
(1483, 'Aizpute', 95),
(1484, 'Akniste', 95),
(1485, 'Aloja', 95),
(1486, 'Alsunga', 95),
(1487, 'Aluksne', 95),
(1488, 'Amata', 95),
(1489, 'Ape', 95),
(1490, 'Auce', 95),
(1491, 'Adazi', 95),
(1492, 'Babite', 95),
(1493, 'Baldone', 95),
(1494, 'Baltinava', 95),
(1495, 'Balvi', 95),
(1496, 'Bauska', 95),
(1497, 'Beverina', 95),
(1498, 'Broceni', 95),
(1499, 'Burtnieki', 95),
(1500, 'Carnikava', 95),
(1501, 'Cesis', 95),
(1502, 'Cesvaine', 95),
(1503, 'Cibla', 95),
(1504, 'Dagda', 95),
(1505, 'Daugavpils', 95),
(1506, 'Dobele', 95),
(1507, 'Dundaga', 95),
(1508, 'Durbe', 95),
(1509, 'Engure', 95),
(1510, 'Ergli', 95),
(1511, 'Garkalne', 95),
(1512, 'Grobina', 95),
(1513, 'Gulbene', 95),
(1514, 'Iecava', 95),
(1515, 'Ikskile', 95),
(1516, 'Incukalns', 95),
(1517, 'Ilukste', 95),
(1518, 'Jaunjelgava', 95),
(1519, 'Jaunpiebalga', 95),
(1520, 'Jaunpils', 95),
(1521, 'Jekabpils', 95),
(1522, 'Jelgava', 95),
(1523, 'Kandava', 95),
(1524, 'Karsava', 95),
(1525, 'Koceni', 95),
(1526, 'Koknese', 95),
(1527, 'Kraslava', 95),
(1528, 'Krimulda', 95),
(1529, 'Krustpils', 95),
(1530, 'Kuldiga', 95),
(1531, 'Kegums', 95),
(1532, 'Kekava', 95),
(1533, 'Lielvarde', 95),
(1534, 'Ligatne', 95),
(1535, 'Limbazi', 95),
(1536, 'Livani', 95),
(1537, 'Lubana', 95),
(1538, 'Ludza', 95),
(1539, 'Madona', 95),
(1540, 'Malpils', 95),
(1541, 'Marupe', 95),
(1542, 'Mazsalaca', 95),
(1543, 'Mersrags', 95),
(1544, 'Naukseni', 95),
(1545, 'Nereta', 95),
(1546, 'Nica', 95),
(1547, 'Ogre', 95),
(1548, 'Olaine', 95),
(1549, 'Ozolnieki', 95),
(1550, 'Pargauja', 95),
(1551, 'Pavilosta', 95),
(1552, 'Plavinas', 95),
(1553, 'Preili', 95),
(1554, 'Priekule', 95),
(1555, 'Priekuli', 95),
(1556, 'Rauna', 95),
(1557, 'Rezekne', 95),
(1558, 'Riebini', 95),
(1559, 'Roja', 95),
(1560, 'Ropazi', 95),
(1561, 'Rucava', 95),
(1562, 'Rugaji', 95),
(1563, 'Rundale', 95),
(1564, 'Rujiena', 95),
(1565, 'Salacgriva', 95),
(1566, 'Sala', 95),
(1567, 'Salaspils', 95),
(1568, 'Saldus', 95),
(1569, 'Saulkrasti', 95),
(1570, 'Seja', 95),
(1571, 'Sigulda', 95),
(1572, 'Skriveri', 95),
(1573, 'Skrunda', 95),
(1574, 'Smiltene', 95),
(1575, 'Stopini', 95),
(1576, 'Strenci', 95),
(1577, 'Talsi', 95),
(1578, 'Tervete', 95),
(1579, 'Tukums', 95),
(1580, 'Vainode', 95),
(1581, 'Valka', 95),
(1582, 'Varaklani', 95),
(1583, 'Varkava', 95),
(1584, 'Vecpiebalga', 95),
(1585, 'Vecumnieki', 95),
(1586, 'Ventspils', 95),
(1587, 'Viesite', 95),
(1588, 'Vilaka', 95),
(1589, 'Vilani', 95),
(1590, 'Zilupe', 95),
(1591, 'Bomi', 96),
(1592, 'Bong', 96),
(1593, 'Gbarpolu', 96),
(1594, 'Grand Bassa', 96),
(1595, 'Grand Cape Mount', 96),
(1596, 'Grand Gedeh', 96),
(1597, 'Grand Kru', 96),
(1598, 'Lofa', 96),
(1599, 'Margibi', 96),
(1600, 'Maryland', 96),
(1601, 'Montserrado', 96),
(1602, 'Nimba', 96),
(1603, 'River Gee', 96),
(1604, 'Rivercess', 96),
(1605, 'Sinoe', 96),
(1606, 'Benghazi', 97),
(1607, 'Butnan', 97),
(1608, 'Derna', 97),
(1609, 'Ghat', 97),
(1610, 'Jabal al Akhdar', 97),
(1611, 'Jabal al Gharbi', 97),
(1612, 'Jafara', 97),
(1613, 'Jufra', 97),
(1614, 'Kufra', 97),
(1615, 'Marj', 97),
(1616, 'Misrata', 97),
(1617, 'Murqub', 97),
(1618, 'Murzuq', 97),
(1619, 'Nalut', 97),
(1620, 'Nuqat al Khams', 97),
(1621, 'Sabha', 97),
(1622, 'Sirte', 97),
(1623, 'Tripoli', 97),
(1624, 'Wadi al Hayaa', 97),
(1625, 'Wadi al Shatii', 97),
(1626, 'Al Wahat', 97),
(1627, 'Zawiya', 97),
(1628, 'Balzers', 98),
(1629, 'Eschen', 98),
(1630, 'Gamprin', 98),
(1631, 'Mauren', 98),
(1632, 'Planken', 98),
(1633, 'Ruggell', 98),
(1634, 'Schaan', 98),
(1635, 'Schellenberg', 98),
(1636, 'Triesen', 98),
(1637, 'Triesenberg', 98),
(1638, 'Vaduz', 98),
(1639, 'Alytus', 99),
(1640, 'Kaunas', 99),
(1641, 'Klaipeda', 99),
(1642, 'Marijampole', 99),
(1643, 'Panevezys', 99),
(1644, 'Siauliai', 99),
(1645, 'Taurage', 99),
(1646, 'Telsiai', 99),
(1647, 'Utena', 99),
(1648, 'Vilnius', 99),
(1649, 'Diekirch', 100),
(1650, 'Grevenmacher', 100),
(1651, 'Luxembourg', 100),
(1652, 'Antananarivo', 101),
(1653, 'Antsiranana', 101),
(1654, 'Fianarantsoa', 101),
(1655, 'Mahajanga', 101),
(1656, 'Toamasina', 101),
(1657, 'Toliara', 101),
(1658, 'Chitipa', 102),
(1659, 'Karonga', 102),
(1660, 'Likoma', 102),
(1661, 'Mzimba', 102),
(1662, 'Nkhata Bay', 102),
(1663, 'Rumphi', 102),
(1664, 'Dedza', 102),
(1665, 'Dowa', 102),
(1666, 'Kasungu', 102),
(1667, 'Lilongwe', 102),
(1668, 'Mchinji', 102),
(1669, 'Nkhotakota', 102),
(1670, 'Ntcheu', 102),
(1671, 'Ntchisi', 102),
(1672, 'Salima', 102),
(1673, 'Balaka', 102),
(1674, 'Blantyre', 102),
(1675, 'Chikwawa', 102),
(1676, 'Chiradzulu', 102),
(1677, 'Machinga', 102),
(1678, 'Mangochi', 102),
(1679, 'Mulanje', 102),
(1680, 'Mwanza', 102),
(1681, 'Neno', 102),
(1682, 'Nsanje', 102),
(1683, 'Phalombe', 102),
(1684, 'Thyolo', 102),
(1685, 'Zomba', 102),
(1686, 'Johor', 103),
(1687, 'Kedah', 103),
(1688, 'Kelantan', 103),
(1689, 'Malacca', 103),
(1690, 'Negeri Sembilan', 103),
(1691, 'Pahang', 103),
(1692, 'Perak', 103),
(1693, 'Perlis', 103),
(1694, 'Penang', 103),
(1695, 'Sabah', 103),
(1696, 'Sarawak', 103),
(1697, 'Selangor', 103),
(1698, 'Terengganu', 103),
(1699, 'Kuala Lumpur', 103),
(1700, 'Labuan', 103),
(1701, 'Putrajaya', 103),
(1702, 'Upper North Province', 104),
(1703, 'North Province', 104),
(1704, 'North Central Province', 104),
(1705, 'Central Province', 104),
(1706, 'South Central Province', 104),
(1707, 'Upper South Province', 104),
(1708, 'South Province', 104),
(1709, 'Bamako Capital District', 105),
(1710, 'Gao', 105),
(1711, 'Kayes', 105),
(1712, 'Kidal', 105),
(1713, 'Koulikoro', 105),
(1714, 'Mopti', 105),
(1715, 'Sgou', 105),
(1716, 'Sikasso', 105),
(1717, 'Tombouctou', 105),
(1718, 'H&apos;Attard', 106),
(1719, 'Hal Balzan', 106),
(1720, 'Il-Birgu', 106),
(1721, 'Birkirkara', 106),
(1722, 'Birzebbuga', 106),
(1723, 'Bormla', 106),
(1724, 'Had-Dingli', 106),
(1725, 'Il-Fgura', 106),
(1726, 'Il-Furjana (Floriana)', 106),
(1727, 'Hal Gharghur', 106),
(1728, 'Hal Ghaxaq', 106),
(1729, 'Il-Gudja', 106),
(1730, 'Il-Gzira', 106),
(1731, 'Il-Hamrun', 106),
(1732, 'L-Iklin', 106),
(1733, 'L-Isla', 106),
(1734, 'Il-Kalkara', 106),
(1735, 'Hal Kirkop', 106),
(1736, 'Hal Lija', 106),
(1737, 'Hal Luqa', 106),
(1738, 'Il-Marsa', 106),
(1739, 'Marsaskala', 106),
(1740, 'Marsaxlokk', 106),
(1741, 'L-Imdina', 106),
(1742, 'Il-Mellieha', 106),
(1743, 'L-Imgarr', 106),
(1744, 'Il-Mosta', 106),
(1745, 'L-Imqabba', 106),
(1746, 'L-Imsida', 106),
(1747, 'L-Imtarfa', 106),
(1748, 'In-Naxxar', 106),
(1749, 'Rahal Gdid', 106),
(1750, 'Pembroke', 106),
(1751, 'Tal-Piet&agrave;', 106),
(1752, 'Hal Qormi', 106),
(1753, 'Il-Qrendi', 106),
(1754, 'Ir-Rabat', 106),
(1755, 'Hal Safi', 106),
(1756, 'San Giljan', 106),
(1757, 'San Gwann', 106),
(1758, 'San Pawl il-Bahar', 106),
(1759, 'Santa Lucija', 106),
(1760, 'Santa Venera', 106),
(1761, 'Is-Siggiewi', 106),
(1762, 'Tas-Sliema', 106),
(1763, 'Is-Swieqi', 106),
(1764, 'Hal Tarxien', 106),
(1765, 'Ta&apos; Xbiex', 106),
(1766, 'Valletta', 106),
(1767, 'Ix-Xghajra', 106),
(1768, 'Haz-Zabbar', 106),
(1769, 'Haz-Zebbug', 106),
(1770, 'Iz-Zejtun', 106),
(1771, 'Iz-Zurrieq', 106),
(1772, 'Bahar ic-Caghaq', 106),
(1773, 'Il-Bahrija', 106),
(1774, 'Bubaqra', 106),
(1775, 'Burmarrad', 106),
(1776, 'Fleur-de-Lys', 106),
(1777, 'Gwardamanga', 106),
(1778, 'Hal Farrug', 106),
(1779, 'Il-Kappara', 106),
(1780, 'Il-Madliena', 106),
(1781, 'Paceville', 106),
(1782, 'St. Peter&apos;s', 106),
(1783, 'Is-Swatar', 106),
(1784, 'Tal-Virt&ugrave;', 106),
(1785, 'Il-Fontana', 106),
(1786, 'Ghajnsielem', 106),
(1787, 'L-Gharb', 106),
(1788, 'L-Ghasri', 106),
(1789, 'Ta&apos; Kercem', 106),
(1790, 'Il-Munxar', 106),
(1791, 'In-Nadur', 106),
(1792, 'Il-Qala', 106),
(1793, 'San Lawrenz', 106),
(1794, 'Ta&apos; Sannat', 106),
(1795, 'Ir-Rabat, Ghawdex', 106),
(1796, 'Ix-Xaghra', 106),
(1797, 'Ix-Xewkija', 106),
(1798, 'Iz-Zebbug', 106),
(1799, 'Marsalforn', 106),
(1800, 'Santa Lucija', 106),
(1801, 'Ix-Xlendi', 106),
(1802, 'Adrar', 107),
(1803, 'Assaba', 107),
(1804, 'Brakna', 107),
(1805, 'Dakhlet Nouadhibou', 107),
(1806, 'Gorgol', 107),
(1807, 'Guidimaka', 107),
(1808, 'Hodh Ech Chargui', 107),
(1809, 'Hodh El Gharbi', 107),
(1810, 'Inchiri', 107),
(1811, 'Nouakchott', 107),
(1812, 'Tagant', 107),
(1813, 'Tiris Zemmour', 107),
(1814, 'Trarza', 107),
(1815, 'Black River', 108),
(1816, 'Flacq', 108),
(1817, 'Grand Port', 108),
(1818, 'Moka', 108),
(1819, 'Pamplemousses', 108),
(1820, 'Plaines Wilhems', 108),
(1821, 'Port Louis', 108),
(1822, 'Rivi&egrave;re du Rempart', 108),
(1823, 'Savanne', 108),
(1824, 'Agalega Islands', 108),
(1825, 'Cargados Carajos', 108),
(1826, 'Rodrigues', 108),
(1827, 'Aguascalientes', 109),
(1828, 'Baja California', 109),
(1829, 'Baja California Sur', 109),
(1830, 'Campeche', 109),
(1831, 'Chiapas', 109),
(1832, 'Chihuahua', 109),
(1833, 'Coahuila', 109),
(1834, 'Colima', 109),
(1835, 'Durango', 109),
(1836, 'Guanajuato', 109),
(1837, 'Guerrero', 109),
(1838, 'Hidalgo', 109),
(1839, 'Jalisco', 109),
(1840, 'Mxico', 109),
(1841, 'Michoacn', 109),
(1842, 'Morelos', 109),
(1843, 'Nayarit', 109),
(1844, 'Nuevo Len', 109),
(1845, 'Oaxaca', 109),
(1846, 'Puebla', 109),
(1847, 'Quertaro', 109),
(1848, 'Quintana Roo', 109),
(1849, 'San Luis Potos', 109),
(1850, 'Sinaloa', 109),
(1851, 'Sonora', 109),
(1852, 'Tabasco', 109),
(1853, 'Tamaulipas', 109),
(1854, 'Tlaxcala', 109),
(1855, 'Veracruz', 109),
(1856, 'Yucatn', 109),
(1857, 'Zacatecas', 109),
(1858, 'Mexico City', 109),
(1859, 'Monte Carlo', 110),
(1860, 'Saint Roman', 110),
(1861, 'Larvotto', 110),
(1862, 'La Condamine', 110),
(1863, 'Monaco-Ville', 110),
(1864, 'Fontvieille', 110),
(1865, 'La Colle', 110),
(1866, 'Les Rvoires', 110),
(1867, 'Moneghetti', 110),
(1868, 'Saint Michel', 110),
(1869, 'Le Portier 3', 110),
(1870, 'Arkhangai', 111),
(1871, 'Bayankhongor', 111),
(1872, 'Bayan-&Ouml;lgii', 111),
(1873, 'Bulgan', 111),
(1874, 'Darkhan-Uul', 111),
(1875, 'Dornod', 111),
(1876, 'Dornogovi', 111),
(1877, 'Dundgovi', 111),
(1878, 'Govi-Altai', 111),
(1879, 'Govis&uuml;mber', 111),
(1880, 'Khentii', 111),
(1881, 'Khovd', 111),
(1882, 'Kh&ouml;vsg&ouml;l', 111),
(1883, '&Ouml;mn&ouml;govi', 111),
(1884, 'Orkhon', 111),
(1885, '&Ouml;v&ouml;rkhangai', 111),
(1886, 'Selenge', 111),
(1887, 'S&uuml;khbaatar', 111),
(1888, 'T&ouml;v', 111),
(1889, 'Uvs', 111),
(1890, 'Zavkhan', 111),
(1891, 'Ulan Bator', 111),
(1892, 'Anenii Noi', 112),
(1893, 'Basarabeasca', 112),
(1894, 'Briceni', 112),
(1895, 'Cahul', 112),
(1896, 'Cantemir', 112),
(1897, 'Calarasi', 112),
(1898, 'Causeni', 112),
(1899, 'Cimislia', 112),
(1900, 'Criuleni', 112),
(1901, 'Donduseni', 112),
(1902, 'Drochia', 112),
(1903, 'Dubasari', 112),
(1904, 'Edines', 112),
(1905, 'Falesti', 112),
(1906, 'Floresti', 112),
(1907, 'Glodeni', 112),
(1908, 'Hncesti', 112),
(1909, 'Ialoveni', 112),
(1910, 'Leova', 112),
(1911, 'Nisporeni', 112),
(1912, 'Ocnisa', 112),
(1913, 'Orhei', 112),
(1914, 'Rezina', 112),
(1915, 'R&icirc;scani', 112),
(1916, 'S&icirc;ngerei', 112),
(1917, 'Soroca', 112),
(1918, 'Straseni', 112),
(1919, 'Soldanesti', 112),
(1920, 'Stefan Voda', 112),
(1921, 'Taraclia', 112),
(1922, 'Telenesti', 112),
(1923, 'Ungheni', 112),
(1924, 'Gagauzia', 112),
(1925, 'Transnistria1', 112),
(1926, 'Balti', 112),
(1927, 'Bender', 112),
(1928, 'Chisinau', 112),
(1929, 'Andrijevica', 113),
(1930, 'Bar', 113),
(1931, 'Berane', 113),
(1932, 'Bijelo Polje', 113),
(1933, 'Budva', 113),
(1934, 'Cetinje', 113),
(1935, 'Danilovgrad', 113),
(1936, 'Herceg Novi', 113),
(1937, 'Kolasin', 113),
(1938, 'Kotor', 113),
(1939, 'Mojkovac', 113),
(1940, 'Niksic', 113),
(1941, 'Plav', 113),
(1942, 'Pljevlja', 113),
(1943, 'Pluzine', 113),
(1944, 'Podgorica', 113),
(1945, 'Rozaje', 113),
(1946, 'Savnik', 113),
(1947, 'Tivat', 113),
(1948, 'Ulcinj', 113),
(1949, 'Zabljak', 113),
(1950, 'Chaouia-Ouardigha', 114),
(1951, 'Doukkala-Abda', 114),
(1952, 'Fs-Boulemane', 114),
(1953, 'Gharb-Chrarda-Bni Hssen', 114),
(1954, 'Grand Casablanca', 114),
(1955, 'Guelmim-Es Semara', 114),
(1956, 'Layoune-Boujdour-Sakia El Hamra', 114),
(1957, 'Marrakech-Tensift-El Haouz', 114),
(1958, 'Mekns-Tafilalet', 114),
(1959, 'Oriental', 114),
(1960, 'Oued Ed-Dahab-Lagouira', 114),
(1961, 'Rabat-Sal-Zemmour-Zaer', 114),
(1962, 'Souss-Massa-Dra', 114),
(1963, 'Tadla-Azilal', 114),
(1964, 'Tangier-Ttouan', 114),
(1965, 'Taza-Al Hoceima-Taounate', 114),
(1966, 'Cabo Delgado', 115),
(1967, 'Gaza', 115),
(1968, 'Inhambane', 115),
(1969, 'Manica', 115),
(1970, 'Maputo City', 115),
(1971, 'Maputo', 115),
(1972, 'Nampula', 115),
(1973, 'Niassa', 115),
(1974, 'Sofala', 115),
(1975, 'Tete', 115),
(1976, 'Zambezia', 115),
(1977, 'Ad Dakhiliyah', 116),
(1978, 'Ad Dhahirah North', 116),
(1979, 'Al Batinah North', 116),
(1980, 'Al Batinah South', 116),
(1981, 'Al Buraimi', 116),
(1982, 'Al Wusta', 116),
(1983, 'Ash Sharqiyah North', 116),
(1984, 'Ash Sharqiyah South', 116),
(1985, 'Dhofar', 116),
(1986, 'Masqat', 116),
(1987, 'Musandam', 116),
(1988, 'Caprivi', 117),
(1989, 'Erongo', 117),
(1990, 'Hardap', 117),
(1991, 'Karas', 117),
(1992, 'Kavango', 117),
(1993, 'Khomas', 117),
(1994, 'Kunene', 117),
(1995, 'Ohangwena', 117),
(1996, 'Omaheke', 117),
(1997, 'Omusati', 117),
(1998, 'Oshana', 117),
(1999, 'Oshikoto', 117),
(2000, 'Otjozondjupa', 117),
(2001, 'Aiwo', 118),
(2002, 'Anabar', 118),
(2003, 'Anetan', 118),
(2004, 'Anibare', 118),
(2005, 'Baiti', 118),
(2006, 'Boe', 118),
(2007, 'Buada', 118),
(2008, 'Denigomodu', 118),
(2009, 'Ewa', 118),
(2010, 'Ijuw', 118),
(2011, 'Meneng', 118),
(2012, 'Nibok', 118),
(2013, 'Uaboe', 118),
(2014, 'Yaren', 118),
(2015, 'Kosi', 119),
(2016, 'Mechi', 119),
(2017, 'Sagarmatha', 119),
(2018, 'Bagmati', 119),
(2019, 'Janakpur', 119),
(2020, 'Narayani', 119),
(2021, 'Dhawalagiri', 119),
(2022, 'Gandaki', 119),
(2023, 'Lumbini', 119),
(2024, 'Bheri', 119),
(2025, 'Karnali', 119),
(2026, 'Rapti', 119),
(2027, 'Mahakali', 119),
(2028, 'Seti', 119),
(2029, 'Drenthe', 120),
(2030, 'Flevoland', 120),
(2031, 'Friesland', 120),
(2032, 'Gelderland', 120),
(2033, 'Groningen', 120),
(2034, 'Limburg', 120),
(2035, 'North Brabant', 120),
(2036, 'North Holland', 120),
(2037, 'Overijssel', 120),
(2038, 'South Holland', 120),
(2039, 'Utrecht', 120),
(2040, 'Zeeland', 120),
(2041, 'Bonaire', 120),
(2042, 'Sint Eustatius', 120),
(2043, 'Saba', 120),
(2044, 'Malampa', 121),
(2045, 'Penama', 121),
(2046, 'Sanma', 121),
(2047, 'Shefa', 121),
(2048, 'Tafea', 121),
(2049, 'Torba', 121),
(2050, 'Northland', 122),
(2051, 'Auckland', 122),
(2052, 'Waikato', 122),
(2053, 'Bay of Plenty', 122),
(2054, 'Gisborne', 122),
(2055, 'Hawke&apos;s Bay', 122),
(2056, 'Taranaki', 122),
(2057, 'Manawatu-Wanganui', 122),
(2058, 'Wellington', 122),
(2059, 'Tasman', 122),
(2060, 'Marlborough', 122),
(2061, 'Nelson', 122),
(2062, 'West Coast', 122),
(2063, 'Canterbury', 122),
(2064, 'Otago', 122),
(2065, 'Southland', 122),
(2066, 'Boaco', 123),
(2067, 'Carazo', 123),
(2068, 'Chinandega', 123),
(2069, 'Chontales', 123),
(2070, 'Estel&iacute;', 123),
(2071, 'Granada', 123),
(2072, 'Jinotega', 123),
(2073, 'Le&oacute;n', 123),
(2074, 'Madriz', 123),
(2075, 'Managua', 123),
(2076, 'Masaya', 123),
(2077, 'Matagalpa', 123),
(2078, 'Nueva Segovia', 123),
(2079, 'Rivas', 123),
(2080, 'R&iacute;o San Juan', 123),
(2081, 'Regi&oacute;n Autnoma del Atl&aacute;ntico Norte', 123),
(2082, 'Regi&oacute;n Autnoma del Atl&aacute;ntico Sur', 123),
(2083, 'Agadez Region', 124),
(2084, 'Diffa Region', 124),
(2085, 'Dosso Region', 124),
(2086, 'Maradi Region', 124),
(2087, 'Tahoua Region', 124),
(2088, 'Tillab&eacute;ri Region', 124),
(2089, 'Zinder Region', 124),
(2090, 'Abia', 125),
(2091, 'Abuja', 125),
(2092, 'Adamawa', 125),
(2093, 'Akwa Ibom', 125),
(2094, 'Anambra', 125),
(2095, 'Bauchi', 125),
(2096, 'Bayelsa', 125),
(2097, 'Benue', 125),
(2098, 'Borno', 125),
(2099, 'Cross River', 125),
(2100, 'Delta', 125),
(2101, 'Ebonyi', 125),
(2102, 'Edo', 125),
(2103, 'Ekiti', 125),
(2104, 'Enugu', 125);
INSERT INTO `tb_state` (`STATE_ID`, `STATE_NAME`, `CNTR_ID`) VALUES
(2105, 'Gombe', 125),
(2106, 'Imo', 125),
(2107, 'Jigawa', 125),
(2108, 'Kaduna', 125),
(2109, 'Kano', 125),
(2110, 'Katsina', 125),
(2111, 'Kebbi', 125),
(2112, 'Kogi', 125),
(2113, 'Kwara', 125),
(2114, 'Lagos', 125),
(2115, 'Nasarawa', 125),
(2116, 'Niger', 125),
(2117, 'Ogun', 125),
(2118, 'Ondo', 125),
(2119, 'Osun', 125),
(2120, 'Oyo', 125),
(2121, 'Plateau', 125),
(2122, 'Rivers', 125),
(2123, 'Sokoto', 125),
(2124, 'Taraba', 125),
(2125, 'Yobe', 125),
(2126, 'Zamfara', 125),
(2127, 'Akershus', 126),
(2128, 'Aust-Agder', 126),
(2129, 'Buskerud', 126),
(2130, 'Finnmark', 126),
(2131, 'Hedmark', 126),
(2132, 'Hordaland', 126),
(2133, 'Mre og Romsdal', 126),
(2134, 'Nordland', 126),
(2135, 'Nord-Trndelag', 126),
(2136, 'Oppland', 126),
(2137, 'Oslo', 126),
(2138, 'stfold', 126),
(2139, 'Rogaland', 126),
(2140, 'Sogn og Fjordane', 126),
(2141, 'Sr-Trndelag', 126),
(2142, 'Telemark', 126),
(2143, 'Troms', 126),
(2144, 'Vest-Agder', 126),
(2145, 'Vestfold', 126),
(2146, 'Chuuk', 127),
(2147, 'Kosrae', 127),
(2148, 'Pohnpei', 127),
(2149, 'Yap', 127),
(2150, 'Ailinglaplap Atoll', 128),
(2151, 'Ailuk Atoll', 128),
(2152, 'Arno Atoll', 128),
(2153, 'Aur Atoll', 128),
(2154, 'Ebon Atoll', 128),
(2155, 'Enewetak Atoll', 128),
(2156, 'Jabat Island', 128),
(2157, 'Jaluit Atoll', 128),
(2158, 'Kili Island', 128),
(2159, 'Kwajalein Atoll', 128),
(2160, 'Lae Atoll', 128),
(2161, 'Lib Island', 128),
(2162, 'Likiep Atoll', 128),
(2163, 'Majuro Atoll', 128),
(2164, 'Maloelap Atoll', 128),
(2165, 'Mejit Island', 128),
(2166, 'Mili Atoll', 128),
(2167, 'Namorik Atoll', 128),
(2168, 'Namu Atoll', 128),
(2169, 'Rongelap Atoll', 128),
(2170, 'Ujae Atoll', 128),
(2171, 'Utirik Atoll', 128),
(2172, 'Wotho Atoll', 128),
(2173, 'Wotje Atoll', 128),
(2174, 'Aimeliik', 129),
(2175, 'Airai', 129),
(2176, 'Angaur', 129),
(2177, 'Hatohobei', 129),
(2178, 'Kayangel', 129),
(2179, 'Koror', 129),
(2180, 'Melekeok', 129),
(2181, 'Ngaraard', 129),
(2182, 'Ngarchelong', 129),
(2183, 'Ngardmau', 129),
(2184, 'Ngaremlengui', 129),
(2185, 'Ngatpang', 129),
(2186, 'Ngchesar', 129),
(2187, 'Ngiwal', 129),
(2188, 'Peleliu', 129),
(2189, 'Sonsorol', 129),
(2190, 'Balochistan', 130),
(2191, 'Khyber Pakhtunkhwa', 130),
(2192, 'Punjab', 130),
(2193, 'Sindh', 130),
(2194, 'Islamabad Capital Territory', 130),
(2195, 'Federally Administered Tribal Areas', 130),
(2196, 'Azad Kashmir', 130),
(2197, 'GilgitBaltistan', 130),
(2198, 'Bocas del Toro', 131),
(2199, 'Chiriqu&iacute;', 131),
(2200, 'Cocl&eacute;', 131),
(2201, 'Col&oacute;n', 131),
(2202, 'Dari&eacute;n', 131),
(2203, 'Herrera', 131),
(2204, 'Los Santos', 131),
(2205, 'Panam&aacute;', 131),
(2206, 'Veraguas', 131),
(2207, 'Ember&aacute;', 131),
(2208, 'Kuna de Madugand&iacute;', 131),
(2209, 'Kuna de Wargand&iacute;', 131),
(2210, 'Guna Yala', 131),
(2211, 'Ngbe-Bugl&eacute;', 131),
(2212, 'Central', 132),
(2213, 'Simbu (Chimbu)', 132),
(2214, 'Eastern Highlands', 132),
(2215, 'East New Britain', 132),
(2216, 'East Sepik', 132),
(2217, 'Enga', 132),
(2218, 'Gulf', 132),
(2219, 'Madang', 132),
(2220, 'Manus', 132),
(2221, 'Milne Bay', 132),
(2222, 'Morobe', 132),
(2223, 'New Ireland', 132),
(2224, 'Oro (Northern)', 132),
(2225, 'Autonomous Region of Bougainville', 132),
(2226, 'Southern Highlands', 132),
(2227, 'Western (Fly)', 132),
(2228, 'Western Highlands', 132),
(2229, 'West New Britain', 132),
(2230, 'Sandaun (West Sepik)', 132),
(2231, 'National Capital District', 132),
(2232, 'Hela', 132),
(2233, 'Jiwaka', 132),
(2234, 'Alto Paraguay', 133),
(2235, 'Alto Paran&aacute;', 133),
(2236, 'Amambay', 133),
(2237, 'Asunci&oacute;n (Capital District)', 133),
(2238, 'Boquer&oacute;n', 133),
(2239, 'Caaguaz&uacute;', 133),
(2240, 'Caazap&aacute;', 133),
(2241, 'Canindey&uacute;', 133),
(2242, 'Central', 133),
(2243, 'Concepci&oacute;n', 133),
(2244, 'Cordillera', 133),
(2245, 'Guair&aacute;', 133),
(2246, 'Itap&uacute;a', 133),
(2247, 'Misiones', 133),
(2248, 'eembuc&uacute;', 133),
(2249, 'Paraguar&iacute;', 133),
(2250, 'Presidente Hayes', 133),
(2251, 'San Pedro', 133),
(2252, 'Amazonas', 134),
(2253, 'Ancash', 134),
(2254, 'Apur&iacute;mac', 134),
(2255, 'Arequipa', 134),
(2256, 'Ayacucho', 134),
(2257, 'Cajamarca', 134),
(2258, 'Callao', 134),
(2259, 'Cuzco', 134),
(2260, 'Huancavelica', 134),
(2261, 'Hu&aacute;nuco', 134),
(2262, 'Ica', 134),
(2263, 'Jun&iacute;n', 134),
(2264, 'La Libertad', 134),
(2265, 'Lambayeque', 134),
(2266, 'Lima', 134),
(2267, 'Loreto', 134),
(2268, 'Madre de Dios', 134),
(2269, 'Moquegua', 134),
(2270, 'Pasco', 134),
(2271, 'Piura', 134),
(2272, 'Puno', 134),
(2273, 'San Mart&iacute;n', 134),
(2274, 'Tacna', 134),
(2275, 'Tumbes', 134),
(2276, 'Ucayali', 134),
(2277, 'Ilocos Region', 135),
(2278, 'Cagayan Valley', 135),
(2279, 'Central Luzon', 135),
(2280, 'CALABARZON', 135),
(2281, 'MIMAROPA', 135),
(2282, 'Bicol Region', 135),
(2283, 'Cordillera Administrative Region', 135),
(2284, 'National Capital Region', 135),
(2285, 'Western Visayas', 135),
(2286, 'Central Visayas', 135),
(2287, 'Eastern Visayas', 135),
(2288, 'Zamboanga Peninsula', 135),
(2289, 'Northern Mindanao', 135),
(2290, 'Davao Region', 135),
(2291, 'SOCCSKSARGEN', 135),
(2292, 'Caraga', 135),
(2293, 'Autonomous Region in Muslim Mindanao', 135),
(2294, 'Greater Poland', 136),
(2295, 'Kuyavian-Pomeranian', 136),
(2296, 'Lesser Poland', 136),
(2297, 'Ldz', 136),
(2298, 'Lower Silesian', 136),
(2299, 'Lublin', 136),
(2300, 'Lubusz', 136),
(2301, 'Masovian', 136),
(2302, 'Opole', 136),
(2303, 'Podkarpackie', 136),
(2304, 'Podlaskie', 136),
(2305, 'Pomeranian', 136),
(2306, 'Silesian', 136),
(2307, 'Swietokrzyskie', 136),
(2308, 'Warmian-Masurian', 136),
(2309, 'West Pomeranian', 136),
(2310, 'Lisbon', 137),
(2311, 'Leiria', 137),
(2312, 'Santarm', 137),
(2313, 'Setbal', 137),
(2314, 'Beja', 137),
(2315, 'Faro', 137),
(2316, 'vora', 137),
(2317, 'Portalegre', 137),
(2318, 'Castelo Branco', 137),
(2319, 'Guarda', 137),
(2320, 'Coimbra', 137),
(2321, 'Aveiro', 137),
(2322, 'Viseu', 137),
(2323, 'Bragana', 137),
(2324, 'Vila Real', 137),
(2325, 'Porto', 137),
(2326, 'Braga', 137),
(2327, 'Viana do Castelo', 137),
(2328, 'Bafat&aacute;', 138),
(2329, 'Biombo', 138),
(2330, 'Bissau', 138),
(2331, 'Bolama', 138),
(2332, 'Cacheu', 138),
(2333, 'Gabu', 138),
(2334, 'Oio', 138),
(2335, 'Quinara', 138),
(2336, 'Tombali', 138),
(2337, 'Aileu', 139),
(2338, 'Ainaro', 139),
(2339, 'Baucau', 139),
(2340, 'Bobonaro', 139),
(2341, 'Cova Lima', 139),
(2342, 'Dili', 139),
(2343, 'Ermera', 139),
(2344, 'Lautm', 139),
(2345, 'Liqui&ccedil;&aacute;', 139),
(2346, 'Manatuto', 139),
(2347, 'Manufahi', 139),
(2348, 'Oecusse', 139),
(2349, 'Viqueque', 139),
(2350, 'Ad Dawhah', 140),
(2351, 'Al Ghuwariyah', 140),
(2352, 'Al Jumaliyah', 140),
(2353, 'Al Khor', 140),
(2354, 'Al Wakrah', 140),
(2355, 'Al Rayyan', 140),
(2356, 'Jariyan al Batnah', 140),
(2357, 'Madinat ash Shamal', 140),
(2358, 'Umm Salal', 140),
(2359, 'Mesaieed', 140),
(2360, 'Alba', 141),
(2361, 'Arad', 141),
(2362, 'Arge&#351;', 141),
(2363, 'Bacau', 141),
(2364, 'Bihor', 141),
(2365, 'Bistri&#x21B;a-Nasaud', 141),
(2366, 'Boto&#351;ani', 141),
(2367, 'Bra&#351;ov', 141),
(2368, 'Braila', 141),
(2369, 'Buzau', 141),
(2370, 'Cara&#351;-Severin', 141),
(2371, 'Calara&#351;i', 141),
(2372, 'Cluj', 141),
(2373, 'Constan&#x21B;a', 141),
(2374, 'Covasna', 141),
(2375, 'D&acirc;mbovi&#x21B;a', 141),
(2376, 'Dolj', 141),
(2377, 'Galati', 141),
(2378, 'Giurgiu', 141),
(2379, 'Gorj', 141),
(2380, 'Harghita', 141),
(2381, 'Hunedoara', 141),
(2382, 'Ialomi&#x21B;a', 141),
(2383, 'Ia&#351;i', 141),
(2384, 'Ilfov', 141),
(2385, 'Maramure&#351;', 141),
(2386, 'Mehedinti', 141),
(2387, 'Mure&#351;', 141),
(2388, 'Neam&#x21B;', 141),
(2389, 'Olt', 141),
(2390, 'Prahova', 141),
(2391, 'Satu Mare', 141),
(2392, 'Salaj', 141),
(2393, 'Sibiu', 141),
(2394, 'Suceava', 141),
(2395, 'Teleorman', 141),
(2396, 'Timi&#351;', 141),
(2397, 'Tulcea', 141),
(2398, 'Vaslui', 141),
(2399, 'V&acirc;lcea', 141),
(2400, 'Vrancea', 141),
(2401, 'Adygea', 142),
(2402, 'Altai', 142),
(2403, 'Bashkortostan', 142),
(2404, 'Buryatia', 142),
(2405, 'Chechnya', 142),
(2406, 'Chuvashia', 142),
(2407, 'Dagestan', 142),
(2408, 'Ingushetia', 142),
(2409, 'Kabardino-Balkaria', 142),
(2410, 'Kalmykia', 142),
(2411, 'Karachay-Cherkessia', 142),
(2412, 'Karelia', 142),
(2413, 'Khakassia', 142),
(2414, 'Komi', 142),
(2415, 'Mari El', 142),
(2416, 'Mordovia', 142),
(2417, 'North OssetiaAlania', 142),
(2418, 'Sakha', 142),
(2419, 'Tatarstan', 142),
(2420, 'Tuva', 142),
(2421, 'Udmurtia', 142),
(2422, 'Altai', 142),
(2423, 'Kamchatka', 142),
(2424, 'Khabarovsk', 142),
(2425, 'Krasnodar', 142),
(2426, 'Krasnoyarsk', 142),
(2427, 'Perm', 142),
(2428, 'Primorsky', 142),
(2429, 'Stavropol', 142),
(2430, 'Zabaykalsky', 142),
(2431, 'Amur', 142),
(2432, 'Arkhangelsk', 142),
(2433, 'Astrakhan', 142),
(2434, 'Belgorod', 142),
(2435, 'Bryansk', 142),
(2436, 'Chelyabinsk', 142),
(2437, 'Irkutsk', 142),
(2438, 'Ivanovo', 142),
(2439, 'Kaliningrad', 142),
(2440, 'Kaluga', 142),
(2441, 'Kemerovo', 142),
(2442, 'Kirov', 142),
(2443, 'Kostroma', 142),
(2444, 'Kurgan', 142),
(2445, 'Kursk', 142),
(2446, 'Leningrad', 142),
(2447, 'Lipetsk', 142),
(2448, 'Magadan', 142),
(2449, 'Moscow', 142),
(2450, 'Murmansk', 142),
(2451, 'Nizhny Novgorod', 142),
(2452, 'Novgorod', 142),
(2453, 'Novosibirsk', 142),
(2454, 'Omsk', 142),
(2455, 'Orenburg', 142),
(2456, 'Oryol', 142),
(2457, 'Penza', 142),
(2458, 'Pskov', 142),
(2459, 'Rostov', 142),
(2460, 'Ryazan', 142),
(2461, 'Sakhalin', 142),
(2462, 'Samara', 142),
(2463, 'Saratov', 142),
(2464, 'Smolensk', 142),
(2465, 'Sverdlovsk', 142),
(2466, 'Tambov', 142),
(2467, 'Tomsk', 142),
(2468, 'Tula', 142),
(2469, 'Tver', 142),
(2470, 'Tyumen', 142),
(2471, 'Ulyanovsk', 142),
(2472, 'Vladimir', 142),
(2473, 'Volgograd', 142),
(2474, 'Vologda', 142),
(2475, 'Voronezh', 142),
(2476, 'Yaroslavl', 142),
(2477, 'Moscow', 142),
(2478, 'St. Petersburg', 142),
(2479, 'Jewish Autonomous Oblasts', 142),
(2480, 'Chukotka Autonomous Okrug', 142),
(2481, 'Khanty-Mansi Autonomous Okrug', 142),
(2482, 'Nenets Autonomous Okrug', 142),
(2483, 'Yamalo-Nenets Autonomous Okrug', 142),
(2484, 'Northern Province', 143),
(2485, 'Eastern Province', 143),
(2486, 'Southern Province', 143),
(2487, 'Western Province', 143),
(2488, 'Kigali Province', 143),
(2489, 'Christ Church Nichola Town', 144),
(2490, 'Saint Anne Sandy Point', 144),
(2491, 'Saint George Basseterre', 144),
(2492, 'Saint John Capisterre', 144),
(2493, 'Saint Mary Cayon', 144),
(2494, 'Saint Paul Capisterre', 144),
(2495, 'Saint Peter Basseterre', 144),
(2496, 'Saint Thomas Middle Island', 144),
(2497, 'Trinity Palmetto Point', 144),
(2498, 'Saint George Gingerland', 144),
(2499, 'Saint James Windward', 144),
(2500, 'Saint John Figtree', 144),
(2501, 'Saint Paul Charlestown', 144),
(2502, 'Saint Thomas Lowland', 144),
(2503, 'Anse la Raye', 145),
(2504, 'Castries', 145),
(2505, 'Choiseul', 145),
(2506, 'Dauphin', 145),
(2507, 'Dennery', 145),
(2508, 'Gros Islet', 145),
(2509, 'Laborie', 145),
(2510, 'Micoud', 145),
(2511, 'Praslin', 145),
(2512, 'Soufri&egrave;re', 145),
(2513, 'Vieux Fort', 145),
(2514, 'Charlotte', 146),
(2515, 'Grenadines', 146),
(2516, 'Saint Andrew', 146),
(2517, 'Saint David', 146),
(2518, 'Saint George', 146),
(2519, 'Saint Patrick', 146),
(2520, 'Acquaviva', 147),
(2521, 'Borgo Maggiore', 147),
(2522, 'Chiesanuova', 147),
(2523, 'Domagnano', 147),
(2524, 'Faetano', 147),
(2525, 'Fiorentino', 147),
(2526, 'Montegiardino', 147),
(2527, 'San Marino', 147),
(2528, 'Serravalle', 147),
(2529, 'S&atilde;o Tom&eacute; Province', 148),
(2530, 'Pr&iacute;ncipe Province', 148),
(2531, 'Al Bahah', 149),
(2532, 'Northern Borders', 149),
(2533, 'Al Jawf', 149),
(2534, 'Al Madinah', 149),
(2535, 'Al Qasim', 149),
(2536, 'Riyadh', 149),
(2537, 'Eastern Province', 149),
(2538, '&apos;Asir', 149),
(2539, 'Ha&apos;il', 149),
(2540, 'Jizan', 149),
(2541, 'Makkah', 149),
(2542, 'Najran', 149),
(2543, 'Tabuk', 149),
(2544, 'Dakar', 150),
(2545, 'Diourbel', 150),
(2546, 'Fatick', 150),
(2547, 'Kaffrine', 150),
(2548, 'Kaolack', 150),
(2549, 'K&eacute;dougou', 150),
(2550, 'Kolda', 150),
(2551, 'Louga', 150),
(2552, 'Matam', 150),
(2553, 'Saint-Louis', 150),
(2554, 'S&eacute;dhiou', 150),
(2555, 'Tambacounda', 150),
(2556, 'Thi&egrave;s', 150),
(2557, 'Ziguinchor', 150),
(2558, 'North Backa', 151),
(2559, 'North Banat', 151),
(2560, 'South Backa', 151),
(2561, 'South Banat', 151),
(2562, 'Syrmia', 151),
(2563, 'West Backa', 151),
(2564, 'City of Belgrade', 151),
(2565, 'Kolubara', 151),
(2566, 'Macva', 151),
(2567, 'Moravica', 151),
(2568, 'Pomoravlje', 151),
(2569, 'Rasina', 151),
(2570, 'Raka', 151),
(2571, 'umadija', 151),
(2572, 'Zlatibor', 151),
(2573, 'Bor', 151),
(2574, 'Branicevo', 151),
(2575, 'Jablanica', 151),
(2576, 'Niava', 151),
(2577, 'Pcinja', 151),
(2578, 'Pirot', 151),
(2579, 'Podunavlje', 151),
(2580, 'Toplica', 151),
(2581, 'Zajecar', 151),
(2582, 'Kosovo', 151),
(2583, 'Kosovo-Pomoravlje', 151),
(2584, 'Kosovska Mitrovica', 151),
(2585, 'Pec', 151),
(2586, 'Prizren', 151),
(2587, 'Bel Air', 152),
(2588, 'Les Mamelles', 152),
(2589, 'Mont Buxton', 152),
(2590, 'English River', 152),
(2591, 'Mont Fleuri', 152),
(2592, 'Plaisance', 152),
(2593, 'Saint Louis', 152),
(2594, 'Roche Caiman', 152),
(2595, 'Anse Etoile', 152),
(2596, 'Beau Vallon', 152),
(2597, 'Glacis', 152),
(2598, 'Anse aux Pins', 152),
(2599, 'Au Cap (formerly Anse Louis)', 152),
(2600, 'Cascade', 152),
(2601, 'Pointe La Rue', 152),
(2602, 'Anse Royale', 152),
(2603, 'Baie Lazare', 152),
(2604, 'Takamaka', 152),
(2605, 'Anse Boileau', 152),
(2606, 'Port Glaud', 152),
(2607, 'Bel Ombre', 152),
(2608, 'Grand&apos;Anse Mah&eacute;', 152),
(2609, 'Baie Sainte Anne (Praslin)', 152),
(2610, 'Grand&apos;Anse Praslin', 152),
(2611, 'La Digue and Inner Islands', 152),
(2612, 'Eastern Province', 153),
(2613, 'Northern Province', 153),
(2614, 'Southern Province', 153),
(2615, 'Western Area', 153),
(2616, 'Central Singapore', 154),
(2617, 'North East', 154),
(2618, 'North West', 154),
(2619, 'South East', 154),
(2620, 'South West', 154),
(2621, 'Bratislava', 155),
(2622, 'Trnava', 155),
(2623, 'Trenc&iacute;n', 155),
(2624, 'Nitra', 155),
(2625, '&#381;ilina', 155),
(2626, 'Bansk&aacute; Bystrica', 155),
(2627, 'Pre&#353;ov', 155),
(2628, 'Ko&#353;ice', 155),
(2629, 'Can Tho', 156),
(2630, 'Da Nang', 156),
(2631, 'Hai Phong', 156),
(2632, 'Hanoi', 156),
(2633, 'Ho Chi Minh City', 156),
(2634, 'An Giang', 156),
(2635, 'Bac Giang', 156),
(2636, 'Bac Kan', 156),
(2637, 'Bac Lieu', 156),
(2638, 'Bac Ninh', 156),
(2639, 'Ba Ria-Vung Tau', 156),
(2640, 'Ben Tre', 156),
(2641, 'Binh Dinh', 156),
(2642, 'Binh Duong', 156),
(2643, 'Binh Phuoc', 156),
(2644, 'Binh Thuan', 156),
(2645, 'Ca Mau', 156),
(2646, 'Cao Bang', 156),
(2647, 'Dak Lak', 156),
(2648, 'Dak Nong', 156),
(2649, 'Dien Bien', 156),
(2650, 'Dong Nai', 156),
(2651, 'Dong Thap', 156),
(2652, 'Gia Lai', 156),
(2653, 'Ha Giang', 156),
(2654, 'Ha Nam', 156),
(2655, 'Ha Tinh', 156),
(2656, 'Hai Duong', 156),
(2657, 'Hoa Binh', 156),
(2658, 'Hau Giang', 156),
(2659, 'Hung Yen', 156),
(2660, 'Khanh Hoa', 156),
(2661, 'Kien Giang', 156),
(2662, 'Kon Tum', 156),
(2663, 'Lai Chau', 156),
(2664, 'Lam Dong', 156),
(2665, 'Lang Son', 156),
(2666, 'Lao Cai', 156),
(2667, 'Long An', 156),
(2668, 'Nam Dinh', 156),
(2669, 'Nghe An', 156),
(2670, 'Ninh Binh', 156),
(2671, 'Ninh Thuan', 156),
(2672, 'Phu Tho', 156),
(2673, 'Phu Yen', 156),
(2674, 'Quang Binh', 156),
(2675, 'Quang Nam', 156),
(2676, 'Quang Ngai', 156),
(2677, 'Quang Ninh', 156),
(2678, 'Quang Tri', 156),
(2679, 'Soc Trang', 156),
(2680, 'Son La', 156),
(2681, 'Tay Ninh', 156),
(2682, 'Thai Binh', 156),
(2683, 'Thai Nguyen', 156),
(2684, 'Thanh Hoa', 156),
(2685, 'Thua Thien-Hue', 156),
(2686, 'Tien Giang', 156),
(2687, 'Tra Vinh', 156),
(2688, 'Tuyen Quang', 156),
(2689, 'Vinh Long', 156),
(2690, 'Vinh Phuc', 156),
(2691, 'Yen Bai', 156),
(2692, 'Ajdov&#353;cina', 157),
(2693, 'Apace', 157),
(2694, 'Beltinci', 157),
(2695, 'Benedikt', 157),
(2696, 'Bistrica ob Sotli', 157),
(2697, 'Bled', 157),
(2698, 'Bloke', 157),
(2699, 'Bohinj', 157),
(2700, 'Borovnica', 157),
(2701, 'Bovec', 157),
(2702, 'Braslovce', 157),
(2703, 'Brda', 157),
(2704, 'Brezovica', 157),
(2705, 'Bre&#382;ice', 157),
(2706, 'Cankova', 157),
(2707, 'Celje', 157),
(2708, 'Cerklje na Gorenjskem', 157),
(2709, 'Cerknica', 157),
(2710, 'Cerkno', 157),
(2711, 'Cerkvenjak', 157),
(2712, 'Cirkulane', 157),
(2713, 'Cren&#353;ovci', 157),
(2714, 'Crna na Koro&#353;kem', 157),
(2715, 'Crnomelj', 157),
(2716, 'Destrnik', 157),
(2717, 'Divaca', 157),
(2718, 'Dobje', 157),
(2719, 'Dobrepolje', 157),
(2720, 'Dobrna', 157),
(2721, 'DobrovaPolhov Gradec', 157),
(2722, 'Dobrovnik', 157),
(2723, 'Dol pri Ljubljani', 157),
(2724, 'Dolenjske Toplice', 157),
(2725, 'Dom&#382;ale', 157),
(2726, 'Dornava', 157),
(2727, 'Dravograd', 157),
(2728, 'Duplek', 157),
(2729, 'Gorenja vas-Poljane', 157),
(2730, 'Gori&#353;nica', 157),
(2731, 'Gorje', 157),
(2732, 'Gornja Radgona', 157),
(2733, 'Gornji Grad', 157),
(2734, 'Gornji Petrovci', 157),
(2735, 'Grad', 157),
(2736, 'Grosuplje', 157),
(2737, 'Hajdina', 157),
(2738, 'Hoce-Slivnica', 157),
(2739, 'Hodo&#353;', 157),
(2740, 'Horjul', 157),
(2741, 'Hrastnik', 157),
(2742, 'Hrpelje-Kozina', 157),
(2743, 'Idrija', 157),
(2744, 'Ig', 157),
(2745, 'Ilirska Bistrica', 157),
(2746, 'Ivancna Gorica', 157),
(2747, 'Izola', 157),
(2748, 'Jesenice', 157),
(2749, 'Jezersko', 157),
(2750, 'Jur&#353;inci', 157),
(2751, 'Kamnik', 157),
(2752, 'Kanal', 157),
(2753, 'Kidricevo', 157),
(2754, 'Kobarid', 157),
(2755, 'Kobilje', 157),
(2756, 'Kocevje', 157),
(2757, 'Komen', 157),
(2758, 'Komenda', 157),
(2759, 'Koper', 157),
(2760, 'Kostanjevica na Krki', 157),
(2761, 'Kostel', 157),
(2762, 'Kozje', 157),
(2763, 'Kranj', 157),
(2764, 'Kranjska Gora', 157),
(2765, 'Kri&#382;evci', 157),
(2766, 'Kr&#353;ko', 157),
(2767, 'Kungota', 157),
(2768, 'Kuzma', 157),
(2769, 'La&#353;ko', 157),
(2770, 'Lenart', 157),
(2771, 'Lendava', 157),
(2772, 'Litija', 157),
(2773, 'Ljubljana', 157),
(2774, 'Ljubno', 157),
(2775, 'Ljutomer', 157),
(2776, 'Log-Dragomer', 157),
(2777, 'Logatec', 157),
(2778, 'Lo&#353;ka Dolina', 157),
(2779, 'Lo&#353;ki Potok', 157),
(2780, 'Lovrenc na Pohorju', 157),
(2781, 'Luce', 157),
(2782, 'Lukovica', 157),
(2783, 'Maj&#353;perk', 157),
(2784, 'Makole', 157),
(2785, 'Maribor', 157),
(2786, 'Markovci', 157),
(2787, 'Medvode', 157),
(2788, 'Menge&#353;', 157),
(2789, 'Metlika', 157),
(2790, 'Me&#382;ica', 157),
(2791, 'Miklav&#382; na Dravskem polju', 157),
(2792, 'Miren-Kostanjevica', 157),
(2793, 'Mirna', 157),
(2794, 'Mirna Pec', 157),
(2795, 'Mislinja', 157),
(2796, 'Mokronog-Trebelno', 157),
(2797, 'Moravce', 157),
(2798, 'Moravske Toplice', 157),
(2799, 'Mozirje', 157),
(2800, 'Murska Sobota', 157),
(2801, 'Muta', 157),
(2802, 'Naklo', 157),
(2803, 'Nazarje', 157),
(2804, 'Nova Gorica', 157),
(2805, 'Novo mesto', 157),
(2806, 'Odranci', 157),
(2807, 'Oplotnica', 157),
(2808, 'Ormo&#382;', 157),
(2809, 'Osilnica', 157),
(2810, 'Pesnica', 157),
(2811, 'Piran', 157),
(2812, 'Pivka', 157),
(2813, 'Podcetrtek', 157),
(2814, 'Podlehnik', 157),
(2815, 'Podvelka', 157),
(2816, 'Poljcane', 157),
(2817, 'Polzela', 157),
(2818, 'Postojna', 157),
(2819, 'Prebold', 157),
(2820, 'Preddvor', 157),
(2821, 'Prevalje', 157),
(2822, 'Ptuj', 157),
(2823, 'Puconci', 157),
(2824, 'Race-Fram', 157),
(2825, 'Radece', 157),
(2826, 'Radenci', 157),
(2827, 'Radlje ob Dravi', 157),
(2828, 'Radovljica', 157),
(2829, 'Ravne na Koro&#353;kem', 157),
(2830, 'Razkri&#382;je', 157),
(2831, 'Recica ob Savinji', 157),
(2832, 'Rence-Vogrsko', 157),
(2833, 'Ribnica', 157),
(2834, 'Ribnica na Pohorju', 157),
(2835, 'Roga&#353;ka Slatina', 157),
(2836, 'Roga&#353;ovci', 157),
(2837, 'Rogatec', 157),
(2838, 'Ru&#353;e', 157),
(2839, 'Selnica ob Dravi', 157),
(2840, 'Semic', 157),
(2841, 'Sevnica', 157),
(2842, 'Se&#382;ana', 157),
(2843, 'Slovenj Gradec', 157),
(2844, 'Slovenska Bistrica', 157),
(2845, 'Slovenske Konjice', 157),
(2846, 'Sodra&#382;ica', 157),
(2847, 'Solcava', 157),
(2848, 'Sredi&#353;ce ob Dravi', 157),
(2849, 'Star&#353;e', 157),
(2850, 'Stra&#382;a', 157),
(2851, 'Sveta Ana', 157),
(2852, 'Sveta Trojica v Slovenskih goricah', 157),
(2853, 'Sveti Andra&#382; v Slovenskih goricah', 157),
(2854, 'Sveti Jurij ob cavnici', 157),
(2855, 'Sveti Jurij v Slovenskih goricah', 157),
(2856, 'Sveti Toma&#382;', 157),
(2857, '&#352;alovci', 157),
(2858, '&#352;empeter-Vrtojba', 157),
(2859, '&#352;encur', 157),
(2860, '&#352;entilj', 157),
(2861, '&#352;entjernej', 157),
(2862, '&#352;entjur pri Celju', 157),
(2863, '&#352;entrupert', 157),
(2864, '&#352;kocjan', 157),
(2865, '&#352;kofja Loka', 157),
(2866, '&#352;kofljica', 157),
(2867, '&#352;marje pri Jel&#353;ah', 157),
(2868, '&#352;marje&#353;ke Toplice', 157),
(2869, '&#352;martno ob Paki', 157),
(2870, '&#352;martno pri Litiji', 157),
(2871, '&#352;o&#353;tanj', 157),
(2872, '&#352;tore', 157),
(2873, 'Tabor', 157),
(2874, 'Ti&#353;ina', 157),
(2875, 'Tolmin', 157),
(2876, 'Trbovlje', 157),
(2877, 'Trebnje', 157),
(2878, 'Trnovska vas', 157),
(2879, 'Trzin', 157),
(2880, 'Tr&#382;ic', 157),
(2881, 'Turni&#353;ce', 157),
(2882, 'Velenje', 157),
(2883, 'Velika Polana', 157),
(2884, 'Velike La&#353;ce', 157),
(2885, 'Ver&#382;ej', 157),
(2886, 'Videm', 157),
(2887, 'Vipava', 157),
(2888, 'Vitanje', 157),
(2889, 'Vodice', 157),
(2890, 'Vojnik', 157),
(2891, 'Vransko', 157),
(2892, 'Vrhnika', 157),
(2893, 'Vuzenica', 157),
(2894, 'Zagorje ob Savi', 157),
(2895, 'Zavrc', 157),
(2896, 'Zrece', 157),
(2897, '&#381;alec', 157),
(2898, '&#381;elezniki', 157),
(2899, '&#381;etale', 157),
(2900, '&#381;iri', 157),
(2901, '&#381;irovnica', 157),
(2902, '&#381;u&#382;ember', 157),
(2903, 'Jubbada Hoose', 158),
(2904, 'Jubbada Dhexe', 158),
(2905, 'Gedo', 158),
(2906, 'Bay', 158),
(2907, 'Bakool', 158),
(2908, 'Shabeellaha Hoose', 158),
(2909, 'Banaadir', 158),
(2910, 'Shabeellaha Dhexe', 158),
(2911, 'Hiiraan', 158),
(2912, 'Galguduud', 158),
(2913, 'Mudug', 158),
(2914, 'Nugaal', 158),
(2915, 'Bari', 158),
(2916, 'Sool', 158),
(2917, 'Sanaag', 158),
(2918, 'Togdheer', 158),
(2919, 'Woqooyi Galbeed', 158),
(2920, 'Awdal', 158),
(2921, 'Eastern Cape', 159),
(2922, 'Free State', 159),
(2923, 'Gauteng', 159),
(2924, 'KwaZulu-Natal', 159),
(2925, 'Limpopo', 159),
(2926, 'Mpumalanga', 159),
(2927, 'North West', 159),
(2928, 'Northern Cape', 159),
(2929, 'Western Cape', 159),
(2930, 'Bulawayo', 160),
(2931, 'Harare', 160),
(2932, 'Manicaland', 160),
(2933, 'Mashonaland Central', 160),
(2934, 'Mashonaland East', 160),
(2935, 'Mashonaland West', 160),
(2936, 'Masvingo', 160),
(2937, 'Matabeleland North', 160),
(2938, 'Matabeleland South', 160),
(2939, 'Midlands', 160),
(2940, 'Andalusia', 161),
(2941, 'Aragon', 161),
(2942, 'Asturias', 161),
(2943, 'Balearic Islands', 161),
(2944, 'Basque Country', 161),
(2945, 'Canary Islands', 161),
(2946, 'Cantabria', 161),
(2947, 'CastileLa Mancha', 161),
(2948, 'Castile and Len', 161),
(2949, 'Catalonia', 161),
(2950, 'Extremadura', 161),
(2951, 'Galicia', 161),
(2952, 'La Rioja', 161),
(2953, 'Madrid', 161),
(2954, 'Murcia', 161),
(2955, 'Navarre', 161),
(2956, 'Valencia', 161),
(2957, 'Ceuta', 161),
(2958, 'Melilla', 161),
(2959, 'Central Equatoria', 162),
(2960, 'Eastern Equatoria', 162),
(2961, 'Jonglei', 162),
(2962, 'Lakes', 162),
(2963, 'Northern Bahr el Ghazal', 162),
(2964, 'Unity', 162),
(2965, 'Upper Nile', 162),
(2966, 'Warrap', 162),
(2967, 'Western Bahr el Ghazal', 162),
(2968, 'Western Equatoria', 162),
(2969, 'Central Darfur', 163),
(2970, 'East Darfur', 163),
(2971, 'Al Jazirah', 163),
(2972, 'Kassala', 163),
(2973, 'Khartoum', 163),
(2974, 'North Darfur', 163),
(2975, 'North Kurdufan', 163),
(2976, 'Northern', 163),
(2977, 'Al Qadarif', 163),
(2978, 'Red Sea', 163),
(2979, 'River Nile', 163),
(2980, 'Sennar', 163),
(2981, 'South Darfur', 163),
(2982, 'West Darfur', 163),
(2983, 'White Nile', 163),
(2984, 'Blue Nile', 163),
(2985, 'South Kordofan', 163),
(2986, 'Brokopondo', 164),
(2987, 'Commewijne', 164),
(2988, 'Coronie', 164),
(2989, 'Marowijne', 164),
(2990, 'Nickerie', 164),
(2991, 'Para', 164),
(2992, 'Paramaribo', 164),
(2993, 'Saramacca', 164),
(2994, 'Sipaliwini', 164),
(2995, 'Wanica', 164),
(2996, 'Hhohho', 165),
(2997, 'Lubombo', 165),
(2998, 'Manzini', 165),
(2999, 'Shiselweni', 165),
(3000, 'Stockholm', 166),
(3001, 'Uppsala', 166),
(3002, 'S&ouml;dermanland', 166),
(3003, '&Ouml;sterg&ouml;tland', 166),
(3004, 'J&ouml;nk&ouml;ping', 166),
(3005, 'Kronoberg', 166),
(3006, 'Kalmar', 166),
(3007, 'Gotland', 166),
(3008, 'Blekinge', 166),
(3009, 'Sk&aring;ne', 166),
(3010, 'Halland', 166),
(3011, 'V&auml;stra G&ouml;taland', 166),
(3012, 'V&auml;rmland', 166),
(3013, '&Ouml;rebro', 166),
(3014, 'V&auml;stmanland', 166),
(3015, 'Dalarna', 166),
(3016, 'G&auml;vleborg', 166),
(3017, 'V&auml;sternorrland', 166),
(3018, 'J&auml;mtland', 166),
(3019, 'V&auml;sterbotten and Norrbotten', 166),
(3020, 'Zurich', 167),
(3021, 'Bern', 167),
(3022, 'Lucerne', 167),
(3023, 'Uri', 167),
(3024, 'Schwyz', 167),
(3025, 'Obwalden', 167),
(3026, 'Nidwalden', 167),
(3027, 'Glarus', 167),
(3028, 'Zug', 167),
(3029, 'Fribourg', 167),
(3030, 'Solothurn', 167),
(3031, 'Basel-Stadt', 167),
(3032, 'Basel-Landschaft', 167),
(3033, 'Schaffhausen', 167),
(3034, 'Appenzell Ausserrhoden', 167),
(3035, 'Appenzell Innerrhoden', 167),
(3036, 'St. Gallen', 167),
(3037, 'Grisons', 167),
(3038, 'Aargau', 167),
(3039, 'Thurgau', 167),
(3040, 'Ticino ', 167),
(3041, 'Vaud', 167),
(3042, 'Valais', 167),
(3043, 'Neuchtel', 167),
(3044, 'Geneva', 167),
(3045, 'Jura', 167),
(3046, 'Al-Hasakah', 168),
(3047, 'Aleppo', 168),
(3048, 'Damascus', 168),
(3049, 'Daraa', 168),
(3050, 'Deir ez-Zor', 168),
(3051, 'Hama', 168),
(3052, 'Homs', 168),
(3053, 'Idlib', 168),
(3054, 'Latakia', 168),
(3055, 'Quneitra', 168),
(3056, 'Ar-Raqqah', 168),
(3057, 'Rif Dimashq', 168),
(3058, 'As-Suwayda', 168),
(3059, 'Tartus', 168),
(3060, 'Sughd Province', 169),
(3061, 'Khatlon Province', 169),
(3062, 'Districts of Republican Subordination', 169),
(3063, 'Gorno-Badakhshan Autonomous Province', 169),
(3064, 'Chiang Mai', 170),
(3065, 'Chiang Rai', 170),
(3066, 'Lampang', 170),
(3067, 'Lamphun', 170),
(3068, 'Mae Hong Son', 170),
(3069, 'Nan', 170),
(3070, 'Phayao', 170),
(3071, 'Phrae', 170),
(3072, 'Uttaradit', 170),
(3073, 'Amnat Charoen', 170),
(3074, 'Bueng Kan', 170),
(3075, 'Buri Ram', 170),
(3076, 'Chaiyaphum', 170),
(3077, 'Kalasin', 170),
(3078, 'Khon Kaen', 170),
(3079, 'Loei', 170),
(3080, 'Maha Sarakham', 170),
(3081, 'Mukdahan', 170),
(3082, 'Nakhon Phanom', 170),
(3083, 'Nakhon Ratchasima', 170),
(3084, 'Nong Bua Lamphu', 170),
(3085, 'Nong Khai', 170),
(3086, 'Roi Et', 170),
(3087, 'Sakon Nakhon', 170),
(3088, 'Sisaket', 170),
(3089, 'Surin', 170),
(3090, 'Ubon Ratchathani', 170),
(3091, 'Udon Thani', 170),
(3092, 'Yasothon', 170),
(3093, 'Ang Thong', 170),
(3094, 'Chai Nat', 170),
(3095, 'Kamphaeng Phet', 170),
(3096, 'Lop Buri', 170),
(3097, 'Nakhon Nayok', 170),
(3098, 'Nakhon Pathom', 170),
(3099, 'Nakhon Sawan', 170),
(3100, 'Nonthaburi', 170),
(3101, 'Pathum Thani', 170),
(3102, 'Phetchabun', 170),
(3103, 'Phichit', 170),
(3104, 'Phitsanulok', 170),
(3105, 'Phra Nakhon Si Ayutthaya', 170),
(3106, 'Samut Prakan', 170),
(3107, 'Samut Sakhon', 170),
(3108, 'Samut Songkhram', 170),
(3109, 'Saraburi', 170),
(3110, 'Sing Buri', 170),
(3111, 'Sukhothai', 170),
(3112, 'Suphan Buri', 170),
(3113, 'Uthai Thani', 170),
(3114, 'Chachoengsao', 170),
(3115, 'Chanthaburi', 170),
(3116, 'Chonburi', 170),
(3117, 'Prachin Buri', 170),
(3118, 'Rayong', 170),
(3119, 'Sa Kaeo', 170),
(3120, 'Trat', 170),
(3121, 'Kanchanaburi', 170),
(3122, 'Phetchaburi', 170),
(3123, 'Prachuap Khiri Khan', 170),
(3124, 'Ratchaburi', 170),
(3125, 'Tak', 170),
(3126, 'Chumphon', 170),
(3127, 'Krabi', 170),
(3128, 'Nakhon Si Thammarat', 170),
(3129, 'Narathiwat', 170),
(3130, 'Pattani', 170),
(3131, 'Phang Nga', 170),
(3132, 'Phatthalung', 170),
(3133, 'Phuket', 170),
(3134, 'Ranong', 170),
(3135, 'Satun', 170),
(3136, 'Songkhla', 170),
(3137, 'Surat Thani', 170),
(3138, 'Trang', 170),
(3139, 'Yala', 170),
(3140, 'Centrale', 171),
(3141, 'Kara', 171),
(3142, 'Maritime', 171),
(3143, 'Plateaux', 171),
(3144, 'Savanes', 171),
(3145, '&apos;Eua', 172),
(3146, 'Ha&apos;apai', 172),
(3147, 'Niuas', 172),
(3148, 'Tongatapu', 172),
(3149, 'Vava&apos;u', 172),
(3150, 'Couva-Tabaquite-Talparo', 173),
(3151, 'Diego Martin', 173),
(3152, 'Penal-Debe', 173),
(3153, 'Princes Town', 173),
(3154, 'Rio Claro-Mayaro', 173),
(3155, 'San Juan-Laventille', 173),
(3156, 'Sangre Grande', 173),
(3157, 'Siparia', 173),
(3158, 'Tunapuna-Piarco', 173),
(3159, 'Borough of Arima', 173),
(3160, 'Borough of Chaguanas', 173),
(3161, 'Borough of Point Fortin', 173),
(3162, 'City of Port of Spain', 173),
(3163, 'City of San Fernando', 173),
(3164, 'Tobago House of Assembly', 173),
(3165, 'Abu Dhabi', 174),
(3166, 'Dubai', 174),
(3167, 'Sharjah', 174),
(3168, 'Ajman', 174),
(3169, 'Umm al-Quwain', 174),
(3170, 'Fujairah', 174),
(3171, 'Ras al-Khaimah', 174),
(3172, 'Ariana', 175),
(3173, 'B&eacute;ja', 175),
(3174, 'Ben Arous', 175),
(3175, 'Bizerte', 175),
(3176, 'Gab&egrave;s', 175),
(3177, 'Gafsa', 175),
(3178, 'Jendouba', 175),
(3179, 'Kairouan', 175),
(3180, 'Kasserine', 175),
(3181, 'Kebili', 175),
(3182, 'Kef', 175),
(3183, 'Mahdia', 175),
(3184, 'Manouba', 175),
(3185, 'Medenine', 175),
(3186, 'Monastir', 175),
(3187, 'Nabeul', 175),
(3188, 'Sfax', 175),
(3189, 'Sidi Bouzid', 175),
(3190, 'Siliana', 175),
(3191, 'Sousse', 175),
(3192, 'Tataouine', 175),
(3193, 'Tozeur', 175),
(3194, 'Tunis', 175),
(3195, 'Zaghouan', 175),
(3196, 'Adana', 176),
(3197, 'Adiyaman', 176),
(3198, 'Afyonkarahisar', 176),
(3199, 'Agri', 176),
(3200, 'Aksaray', 176),
(3201, 'Amasya', 176),
(3202, 'Ankara', 176),
(3203, 'Antalya', 176),
(3204, 'Ardahan', 176),
(3205, 'Artvin', 176),
(3206, 'Aydin', 176),
(3207, 'Balikesir', 176),
(3208, 'Bartin', 176),
(3209, 'Batman', 176),
(3210, 'Bayburt', 176),
(3211, 'Bilecik', 176),
(3212, 'Bing&ouml;l', 176),
(3213, 'Bitlis', 176),
(3214, 'Bolu', 176),
(3215, 'Burdur', 176),
(3216, 'Bursa', 176),
(3217, '&ccedil;anakkale', 176),
(3218, '&ccedil;ankiri', 176),
(3219, '&ccedil;orum', 176),
(3220, 'Denizli', 176),
(3221, 'Diyarbakir', 176),
(3222, 'D&uuml;zce', 176),
(3223, 'Edirne', 176),
(3224, 'Elazig', 176),
(3225, 'Erzincan', 176),
(3226, 'Erzurum', 176),
(3227, 'Eskisehir', 176),
(3228, 'Gaziantep', 176),
(3229, 'Giresun', 176),
(3230, 'G&uuml;m&uuml;shane', 176),
(3231, 'Hakkri', 176),
(3232, 'Hatay', 176),
(3233, 'Igdir', 176),
(3234, 'Isparta', 176),
(3235, 'Istanbul', 176),
(3236, 'Izmir', 176),
(3237, 'Kahramanmaras', 176),
(3238, 'Karab&uuml;k', 176),
(3239, 'Karaman', 176),
(3240, 'Kars', 176),
(3241, 'Kastamonu', 176),
(3242, 'Kayseri', 176),
(3243, 'Kilis', 176),
(3244, 'Kirikkale', 176),
(3245, 'Kirklareli', 176),
(3246, 'Kirsehir', 176),
(3247, 'Kocaeli', 176),
(3248, 'Konya', 176),
(3249, 'K&uuml;tahya', 176),
(3250, 'Malatya', 176),
(3251, 'Manisa', 176),
(3252, 'Mardin', 176),
(3253, 'Mersin', 176),
(3254, 'Mugla', 176),
(3255, 'Mus', 176),
(3256, 'Nevsehir', 176),
(3257, 'Nigde', 176),
(3258, 'Ordu', 176),
(3259, 'Osmaniye', 176),
(3260, 'Rize', 176),
(3261, 'Sakarya', 176),
(3262, 'Samsun', 176),
(3263, 'Sanliurfa', 176),
(3264, 'Siirt', 176),
(3265, 'Sinop', 176),
(3266, 'Sirnak', 176),
(3267, 'Sivas', 176),
(3268, 'Tekirdag', 176),
(3269, 'Tokat', 176),
(3270, 'Trabzon', 176),
(3271, 'Tunceli', 176),
(3272, 'Usak', 176),
(3273, 'Van', 176),
(3274, 'Yalova', 176),
(3275, 'Yozgat', 176),
(3276, 'Zonguldak', 176),
(3277, 'Ashgabat City', 177),
(3278, 'Ahal Province', 177),
(3279, 'Balkan Province', 177),
(3280, 'Dasoguz Province', 177),
(3281, 'Lebap Province', 177),
(3282, 'Mary Province', 177),
(3283, 'Nanumanga', 178),
(3284, 'Niulakita', 178),
(3285, 'Niutao', 178),
(3286, 'Funafuti', 178),
(3287, 'Nanumea', 178),
(3288, 'Nui', 178),
(3289, 'Nukufetau', 178),
(3290, 'Nukulaelae', 178),
(3291, 'Vaitupu', 178),
(3292, 'Buikwe', 179),
(3293, 'Bukomansimbi', 179),
(3294, 'Butambala', 179),
(3295, 'Buvuma', 179),
(3296, 'Gomba', 179),
(3297, 'Kalangala', 179),
(3298, 'Kalungu', 179),
(3299, 'Kampala', 179),
(3300, 'Kayunga', 179),
(3301, 'Kiboga', 179),
(3302, 'Kyankwanzi', 179),
(3303, 'Luweero', 179),
(3304, 'Lwengo', 179),
(3305, 'Lyantonde', 179),
(3306, 'Masaka', 179),
(3307, 'Mityana', 179),
(3308, 'Mpigi', 179),
(3309, 'Mubende', 179),
(3310, 'Mukono', 179),
(3311, 'Nakaseke', 179),
(3312, 'Nakasongola', 179),
(3313, 'Rakai', 179),
(3314, 'Sembabule', 179),
(3315, 'Wakiso', 179),
(3316, 'Amuria', 179),
(3317, 'Budaka', 179),
(3318, 'Bududa', 179),
(3319, 'Bugiri', 179),
(3320, 'Bukedea', 179),
(3321, 'Bukwa', 179),
(3322, 'Bulambuli', 179),
(3323, 'Busia', 179),
(3324, 'Butaleja', 179),
(3325, 'Buyende', 179),
(3326, 'Iganga', 179),
(3327, 'Jinja', 179),
(3328, 'Kaberamaido', 179),
(3329, 'Kaliro', 179),
(3330, 'Kamuli', 179),
(3331, 'Kapchorwa', 179),
(3332, 'Katakwi', 179),
(3333, 'Kibuku', 179),
(3334, 'Kumi', 179),
(3335, 'Kween', 179),
(3336, 'Luuka', 179),
(3337, 'Manafwa', 179),
(3338, 'Mayuge', 179),
(3339, 'Mbale', 179),
(3340, 'Namayingo', 179),
(3341, 'Namutumba', 179),
(3342, 'Ngora', 179),
(3343, 'Pallisa', 179),
(3344, 'Serere', 179),
(3345, 'Sironko', 179),
(3346, 'Soroti', 179),
(3347, 'Tororo', 179),
(3348, 'Abim', 179),
(3349, 'Adjumani', 179),
(3350, 'Agago', 179),
(3351, 'Alebtong', 179),
(3352, 'Amolatar', 179),
(3353, 'Amudat', 179),
(3354, 'Amuru', 179),
(3355, 'Apac', 179),
(3356, 'Arua', 179),
(3357, 'Dokolo', 179),
(3358, 'Gulu', 179),
(3359, 'Kaabong', 179),
(3361, 'Kitgum', 179),
(3362, 'Koboko', 179),
(3363, 'Kole', 179),
(3364, 'Kotido', 179),
(3365, 'Lamwo', 179),
(3366, 'Lira', 179),
(3367, 'Maracha-Terego', 179),
(3368, 'Moroto', 179),
(3369, 'Moyo', 179),
(3370, 'Nakapiripirit', 179),
(3371, 'Napak', 179),
(3372, 'Nebbi', 179),
(3373, 'Nwoya', 179),
(3374, 'Otuke', 179),
(3375, 'Oyam', 179),
(3376, 'Pader', 179),
(3377, 'Yumbe', 179),
(3378, 'Zombo', 179),
(3379, 'Buhweju', 179),
(3380, 'Buliisa', 179),
(3381, 'Bundibugyo', 179),
(3382, 'Bushenyi', 179),
(3383, 'Hoima', 179),
(3384, 'Ibanda', 179),
(3385, 'Isingiro', 179),
(3386, 'Kabale', 179),
(3387, 'Kabarole', 179),
(3388, 'Kamwenge', 179),
(3389, 'Kanungu', 179),
(3390, 'Kasese', 179),
(3391, 'Kibaale', 179),
(3392, 'Kiruhura', 179),
(3393, 'Kiryandongo', 179),
(3394, 'Kisoro', 179),
(3395, 'Kyegegwa', 179),
(3396, 'Kyenjojo', 179),
(3397, 'Masindi', 179),
(3398, 'Mbarara', 179),
(3399, 'Mitooma', 179),
(3400, 'Ntoroko', 179),
(3401, 'Ntungamo', 179),
(3402, 'Rubirizi', 179),
(3403, 'Rukungiri', 179),
(3404, 'Sheema', 179),
(3405, 'Cherkasy', 180),
(3406, 'Chernihiv', 180),
(3407, 'Chernivtsi', 180),
(3408, 'Dnipropetrovsk', 180),
(3409, 'Donetsk', 180),
(3410, 'Ivano-Frankivsk', 180),
(3411, 'Kharkiv', 180),
(3412, 'Kherson', 180),
(3413, 'Khmelnytskyi', 180),
(3414, 'Kiev', 180),
(3415, 'Kirovohrad', 180),
(3416, 'Luhansk', 180),
(3417, 'Lviv', 180),
(3418, 'Mykolaiv', 180),
(3419, 'Odessa', 180),
(3420, 'Poltava', 180),
(3421, 'Rivne', 180),
(3422, 'Sumy', 180),
(3423, 'Ternopil', 180),
(3424, 'Vinnytsia', 180),
(3425, 'Volyn', 180),
(3426, 'Zakarpattia', 180),
(3427, 'Zaporizhia', 180),
(3428, 'Zhytomyr', 180),
(3429, 'Kiev', 180),
(3430, 'Sevastopol', 180),
(3431, 'Crimea', 180),
(3432, 'Aracinovo', 181),
(3433, 'Berovo', 181),
(3434, 'Bitola', 181),
(3435, 'Bogdanci', 181),
(3436, 'Bogovinje', 181),
(3437, 'Bosilovo', 181),
(3438, 'Brvenica', 181),
(3439, 'Ca&#353;ka', 181),
(3440, 'Ce&#353;inovo-Oble&#353;evo', 181),
(3441, 'Centar &#381;upa', 181),
(3442, 'Cucer-Sandevo', 181),
(3443, 'Debar', 181),
(3444, 'Debarca', 181),
(3445, 'Delcevo', 181),
(3446, 'Demir Hisar', 181),
(3447, 'Demir Kapija', 181),
(3448, 'Dojran', 181),
(3449, 'Dolneni', 181),
(3450, 'Drugovo', 181),
(3451, 'Gevgelija', 181),
(3452, 'Gostivar', 181),
(3453, 'Gradsko', 181),
(3454, 'Ilinden', 181),
(3455, 'Jegunovce', 181),
(3456, 'Karbinci', 181),
(3457, 'Kavadarci', 181),
(3458, 'Kicevo', 181),
(3459, 'Kocani', 181),
(3460, 'Konce', 181),
(3461, 'Kratovo', 181),
(3462, 'Kriva Palanka', 181),
(3463, 'Krivoga&#353;tani', 181),
(3464, 'Kru&#353;evo', 181),
(3465, 'Kumanovo', 181),
(3466, 'Lipkovo', 181),
(3467, 'Lozovo', 181),
(3468, 'Makedonska Kamenica', 181),
(3469, 'Makedonski Brod', 181),
(3470, 'Mavrovo and Rostu&#353;a', 181),
(3471, 'Mogila', 181),
(3472, 'Negotino', 181),
(3473, 'Novaci', 181),
(3474, 'Novo Selo', 181),
(3475, 'Ohrid', 181),
(3476, 'Oslomej', 181),
(3477, 'Pehcevo', 181),
(3478, 'Petrovec', 181),
(3479, 'Plasnica', 181),
(3480, 'Prilep', 181),
(3481, 'Probi&#353;tip', 181),
(3482, 'Radovi&#353;', 181),
(3483, 'Rankovce', 181),
(3484, 'Resen', 181),
(3485, 'Rosoman', 181),
(3486, 'Sopi&#353;te', 181),
(3487, 'Staro Nagoricane', 181),
(3488, '&#352;tip', 181),
(3489, 'Struga', 181),
(3490, 'Strumica', 181),
(3491, 'Studenicani', 181),
(3492, 'Sveti Nikole', 181),
(3493, 'Tearce', 181),
(3494, 'Tetovo', 181),
(3495, 'Valandovo', 181),
(3496, 'Vasilevo', 181),
(3497, 'Veles', 181),
(3498, 'Vevcani', 181),
(3499, 'Vinica', 181),
(3500, 'Vrane&#353;tica', 181),
(3501, 'Vrapci&#353;te', 181),
(3502, 'Zajas', 181),
(3503, 'Zelenikovo', 181),
(3504, '&#381;elino', 181),
(3505, 'Zrnovci', 181),
(3506, 'Aerodrom', 181),
(3507, 'Butel', 181),
(3508, 'Cair', 181),
(3509, 'Centar', 181),
(3510, 'Gazi Baba', 181),
(3511, 'Gjorce Petrov', 181),
(3512, 'Kisela Voda', 181),
(3513, 'Karpo&#353;', 181),
(3514, 'Saraj', 181),
(3515, '&#352;uto Orizari', 181),
(3516, 'Aswan', 182),
(3517, 'Asyut', 182),
(3518, 'Beni Suef', 182),
(3519, 'Faiyum', 182),
(3520, 'Luxor', 182),
(3521, 'Minya', 182),
(3522, 'New Valley', 182),
(3523, 'Qena', 182),
(3524, 'Red Sea', 182),
(3525, 'Sohag', 182),
(3526, 'Cairo', 182),
(3527, 'Giza', 182),
(3528, 'Alexandria', 182),
(3529, 'Beheira', 182),
(3530, 'Dakahlia', 182),
(3531, 'Damietta', 182),
(3532, 'Gharbia', 182),
(3533, 'Kafr el-Sheikh', 182),
(3534, 'Matrouh', 182),
(3535, 'Monufia', 182),
(3536, 'Qalyubia', 182),
(3537, 'Sharqia', 182),
(3538, 'Ismailia', 182),
(3539, 'Port Said', 182),
(3540, 'Suez', 182),
(3541, 'North Sinai', 182),
(3542, 'South Sinai', 182),
(3543, 'Arusha', 183),
(3544, 'Dar es Salaam', 183),
(3545, 'Dodoma', 183),
(3546, 'Geita', 183),
(3547, 'Iringa', 183),
(3548, 'Kagera', 183),
(3549, 'Katavi', 183),
(3550, 'Kigoma', 183),
(3551, 'Kilimanjaro', 183),
(3552, 'Lindi', 183),
(3553, 'Manyara', 183),
(3554, 'Mara', 183),
(3555, 'Mbeya', 183),
(3556, 'Morogoro', 183),
(3557, 'Mtwara', 183),
(3558, 'Mwanza', 183),
(3559, 'Njombe', 183),
(3560, 'North Pemba', 183),
(3561, 'Pwani', 183),
(3562, 'Rukwa', 183),
(3563, 'Ruvuma', 183),
(3564, 'Shinyanga', 183),
(3565, 'Simiyu', 183),
(3566, 'Singida', 183),
(3567, 'South Pemba', 183),
(3568, 'Tabora', 183),
(3569, 'Tanga', 183),
(3570, 'Zanzibar Central', 183),
(3571, 'Zanzibar North', 183),
(3572, 'Zanzibar Urban', 183),
(3573, 'Alabama', 184),
(3574, 'Alaska', 184),
(3575, 'Arizona', 184),
(3576, 'Arkansas', 184),
(3577, 'California', 184),
(3578, 'Colorado', 184),
(3579, 'Connecticut', 184),
(3580, 'Delaware', 184),
(3581, 'Florida', 184),
(3582, 'Georgia', 184),
(3583, 'Hawaii', 184),
(3584, 'Idaho', 184),
(3585, 'Illinois', 184),
(3586, 'Indiana', 184),
(3587, 'Iowa', 184),
(3588, 'Kansas', 184),
(3589, 'Kentucky', 184),
(3590, 'Louisiana', 184),
(3591, 'Maine', 184),
(3592, 'Maryland', 184),
(3593, 'Massachusetts', 184),
(3594, 'Michigan', 184),
(3595, 'Minnesota', 184),
(3596, 'Mississippi', 184),
(3597, 'Missouri', 184),
(3598, 'Montana', 184),
(3599, 'Nebraska', 184),
(3600, 'Nevada', 184),
(3601, 'New Hampshire', 184),
(3602, 'New Jersey', 184),
(3603, 'New Mexico', 184),
(3604, 'New York', 184),
(3605, 'North Carolina', 184),
(3606, 'North Dakota', 184),
(3607, 'Ohio', 184),
(3608, 'Oklahoma', 184),
(3609, 'Oregon', 184),
(3610, 'Pennsylvania', 184),
(3611, 'Rhode Island', 184),
(3612, 'South Carolina', 184),
(3613, 'South Dakota', 184),
(3614, 'Tennessee', 184),
(3615, 'Texas', 184),
(3616, 'Utah', 184),
(3617, 'Vermont', 184),
(3618, 'Virginia', 184),
(3619, 'Washington', 184),
(3620, 'West Virginia', 184),
(3621, 'Wisconsin', 184),
(3622, 'Wyoming', 184),
(3623, 'Boucle du Mouhoun', 185),
(3624, 'Cascades', 185),
(3625, 'Centre', 185),
(3626, 'Centre-Est', 185),
(3627, 'Centre-Nord', 185),
(3628, 'Centre-Ouest', 185),
(3629, 'Centre-Sud', 185),
(3630, 'Est', 185),
(3631, 'Hauts-Bassins', 185),
(3632, 'Nord', 185),
(3633, 'Plateau-Central', 185),
(3634, 'Sahel', 185),
(3635, 'Sud-Ouest', 185),
(3636, 'Artigas', 186),
(3637, 'Canelones', 186),
(3638, 'Cerro Largo', 186),
(3639, 'Colonia', 186),
(3640, 'Durazno', 186),
(3641, 'Flores', 186),
(3642, 'Florida', 186),
(3643, 'Lavalleja', 186),
(3644, 'Maldonado', 186),
(3645, 'Montevideo', 186),
(3646, 'Paysand&uacute;', 186),
(3647, 'Ro Negro', 186),
(3648, 'Rivera', 186),
(3649, 'Rocha', 186),
(3650, 'Salto', 186),
(3651, 'San Jos&eacute;', 186),
(3652, 'Soriano', 186),
(3653, 'Tacuaremb&oacute;', 186),
(3654, 'Treinta y Tres', 186),
(3655, 'Andijon', 187),
(3656, 'Bukhara', 187),
(3657, 'Fergana', 187),
(3658, 'Jizzakh', 187),
(3659, 'Namangan', 187),
(3660, 'Navoiy', 187),
(3661, 'Qashqadaryo', 187),
(3662, 'Samarqand', 187),
(3663, 'Sirdaryo', 187),
(3664, 'Surxondaryo', 187),
(3665, 'Tashkent', 187),
(3666, 'Xorazm', 187),
(3667, 'Karakalpakstan', 187),
(3668, 'Tashkent', 187),
(3669, 'Caracas', 188),
(3670, 'Amazonas', 188),
(3671, 'Anzo&aacute;tegui', 188),
(3672, 'Apure', 188),
(3673, 'Aragua', 188),
(3674, 'Barinas', 188),
(3675, 'Bol&iacute;var', 188),
(3676, 'Carabobo', 188),
(3677, 'Cojedes', 188),
(3678, 'Delta Amacuro', 188),
(3679, 'Falc&oacute;n', 188),
(3680, 'Gu&aacute;rico', 188),
(3681, 'Lara', 188),
(3682, 'M&eacute;rida', 188),
(3683, 'Miranda', 188),
(3684, 'Monagas', 188),
(3685, 'Nueva Esparta', 188),
(3686, 'Portuguesa', 188),
(3687, 'Sucre', 188),
(3688, 'T&aacute;chira', 188),
(3689, 'Trujillo', 188),
(3690, 'Vargas', 188),
(3691, 'Yaracuy', 188),
(3692, 'Zulia', 188),
(3693, 'Tuamasaga', 189),
(3694, 'A&apos;ana', 189),
(3695, 'Aiga-i-le-Tai', 189),
(3696, 'Atua', 189),
(3697, 'Va&apos;a-o-Fonoti', 189),
(3698, 'Fa&apos;asaleleaga', 189),
(3699, 'Gaga&apos;emauga', 189),
(3700, 'Gaga&apos;ifomauga', 189),
(3701, 'Vaisigano', 189),
(3702, 'Satupa&apos;itea', 189),
(3703, 'Palauli', 189),
(3704, '&apos;Adan', 190),
(3705, 'Abyan', 190),
(3706, 'Al Mahrah', 190),
(3707, 'Hadramaut', 190),
(3708, 'Lahij', 190),
(3709, 'Shabwah', 190),
(3710, 'Ad Dali&apos;', 190),
(3711, '&apos;Amran', 190),
(3712, 'Al Bayda&apos;', 190),
(3713, 'Al Hudaydah', 190),
(3714, 'Al Jawf', 190),
(3715, 'Al Mahwit', 190),
(3716, 'Amanat Al Asimah', 190),
(3717, 'Dhamar', 190),
(3718, 'Hajjah', 190),
(3719, 'Ibb', 190),
(3720, 'Ma&apos;rib', 190),
(3721, 'Raymah', 190),
(3722, 'Saada', 190),
(3723, 'Sana&apos;a', 190),
(3724, 'Ta&apos;izz', 190),
(3725, 'Central', 191),
(3726, 'Copperbelt', 191),
(3727, 'Eastern', 191),
(3728, 'Luapula', 191),
(3729, 'Lusaka', 191),
(3730, 'Northern', 191),
(3731, 'North-Western', 191),
(3732, 'Southern', 191),
(3733, 'Western', 191),
(3734, 'England', 192),
(3735, 'Northern Ireland', 192),
(3736, 'Scotland', 192),
(3737, 'Wales', 192),
(3738, 'Kalimantan Utara', 1);

-- --------------------------------------------------------

--
-- Struktur dari tabel `tb_subdistrict`
--

CREATE TABLE `tb_subdistrict` (
  `SUBD_ID` int(11) UNSIGNED NOT NULL,
  `CITY_ID` int(11) UNSIGNED NOT NULL,
  `STATE_ID` int(11) UNSIGNED NOT NULL,
  `CNTR_ID` int(11) UNSIGNED NOT NULL,
  `SUBD_NAME` varchar(50) COLLATE utf8_unicode_ci NOT NULL
) ENGINE=MyISAM DEFAULT CHARSET=utf8 COLLATE=utf8_unicode_ci;

--
-- Dumping data untuk tabel `tb_subdistrict`
--

INSERT INTO `tb_subdistrict` (`SUBD_ID`, `CITY_ID`, `STATE_ID`, `CNTR_ID`, `SUBD_NAME`) VALUES
(5779, 268, 14, 1, 'Berbah'),
(5780, 268, 14, 1, 'Cangkringan'),
(5781, 268, 14, 1, 'Depok'),
(5782, 268, 14, 1, 'Gamping'),
(5783, 268, 14, 1, 'Godean'),
(5784, 268, 14, 1, 'Kalasan'),
(5785, 268, 14, 1, 'Minggir'),
(5786, 268, 14, 1, 'Mlati'),
(5787, 268, 14, 1, 'Moyudan'),
(5788, 268, 14, 1, 'Ngaglik'),
(5789, 268, 14, 1, 'Ngemplak'),
(5790, 268, 14, 1, 'Pakem'),
(5791, 268, 14, 1, 'Prambanan'),
(5792, 268, 14, 1, 'Seyegan'),
(5793, 268, 14, 1, 'Sleman'),
(5794, 268, 14, 1, 'Tempel'),
(5795, 268, 14, 1, 'Turi'),
(537, 265, 14, 1, 'Bambang Lipuro'),
(538, 265, 14, 1, 'Banguntapan'),
(539, 265, 14, 1, 'Bantul'),
(540, 265, 14, 1, 'Dlingo'),
(541, 265, 14, 1, 'Imogiri'),
(542, 265, 14, 1, 'Jetis'),
(543, 265, 14, 1, 'Kasihan'),
(544, 265, 14, 1, 'Kretek'),
(545, 265, 14, 1, 'Pajangan'),
(546, 265, 14, 1, 'Pandak'),
(547, 265, 14, 1, 'Piyungan'),
(548, 265, 14, 1, 'Pleret'),
(549, 265, 14, 1, 'Pundong'),
(550, 265, 14, 1, 'Sanden'),
(551, 265, 14, 1, 'Sedayu'),
(552, 265, 14, 1, 'Sewon'),
(553, 265, 14, 1, 'Srandakan'),
(2930, 267, 14, 1, 'Galur'),
(2931, 267, 14, 1, 'Girimulyo'),
(2932, 267, 14, 1, 'Kalibawang'),
(2933, 267, 14, 1, 'Kokap'),
(2934, 267, 14, 1, 'Lendah'),
(2935, 267, 14, 1, 'Nanggulan'),
(2936, 267, 14, 1, 'Panjatan'),
(2937, 267, 14, 1, 'Pengasih'),
(2938, 267, 14, 1, 'Samigaluh'),
(2939, 267, 14, 1, 'Sentolo'),
(2940, 267, 14, 1, 'Temon'),
(2941, 267, 14, 1, 'Wates'),
(6981, 269, 14, 1, 'Danurejan'),
(6982, 269, 14, 1, 'Gedong Tengen'),
(6983, 269, 14, 1, 'Gondokusuman'),
(6984, 269, 14, 1, 'Gondomanan'),
(6985, 269, 14, 1, 'Jetis'),
(6986, 269, 14, 1, 'Kotagede'),
(6987, 269, 14, 1, 'Kraton'),
(6988, 269, 14, 1, 'Mantrijeron'),
(6989, 269, 14, 1, 'Mergangsan'),
(6990, 269, 14, 1, 'Ngampilan'),
(6991, 269, 14, 1, 'Pakualaman'),
(6992, 269, 14, 1, 'Tegalrejo'),
(6993, 269, 14, 1, 'Umbulharjo'),
(6994, 269, 14, 1, 'Wirobrajan'),
(1865, 266, 14, 1, 'Gedang Sari'),
(1866, 266, 14, 1, 'Girisubo'),
(1867, 266, 14, 1, 'Karangmojo'),
(1868, 266, 14, 1, 'Ngawen'),
(1869, 266, 14, 1, 'Nglipar'),
(1870, 266, 14, 1, 'Paliyan'),
(1871, 266, 14, 1, 'Panggang'),
(1872, 266, 14, 1, 'Patuk'),
(1873, 266, 14, 1, 'Playen'),
(1874, 266, 14, 1, 'Ponjong'),
(1875, 266, 14, 1, 'Purwosari'),
(1876, 266, 14, 1, 'Rongkop'),
(1877, 266, 14, 1, 'Sapto Sari'),
(1878, 266, 14, 1, 'Semanu'),
(1879, 266, 14, 1, 'Semin'),
(1880, 266, 14, 1, 'Tanjungsari'),
(1881, 266, 14, 1, 'Tepus'),
(1882, 266, 14, 1, 'Wonosari'),
(2087, 187, 11, 1, 'Cengkareng'),
(2088, 187, 11, 1, 'Grogol Petamburan'),
(2089, 187, 11, 1, 'Kalideres'),
(2090, 187, 11, 1, 'Kebon Jeruk'),
(2091, 187, 11, 1, 'Kembangan'),
(2092, 187, 11, 1, 'Palmerah'),
(2093, 187, 11, 1, 'Taman Sari'),
(2094, 187, 11, 1, 'Tambora'),
(258, 270, 17, 1, 'Abiansemal'),
(259, 270, 17, 1, 'Kuta'),
(260, 270, 17, 1, 'Kuta Selatan'),
(261, 270, 17, 1, 'Kuta Utara'),
(262, 270, 17, 1, 'Mengwi'),
(263, 270, 17, 1, 'Petang'),
(472, 271, 17, 1, 'Bangli'),
(473, 271, 17, 1, 'Kintamani'),
(474, 271, 17, 1, 'Susut'),
(475, 271, 17, 1, 'Tembuku'),
(1279, 272, 17, 1, 'Banjar'),
(1280, 272, 17, 1, 'Buleleng'),
(1281, 272, 17, 1, 'Busungbiu'),
(1282, 272, 17, 1, 'Gerokgak'),
(1283, 272, 17, 1, 'Kubutambahan'),
(1284, 272, 17, 1, 'Sawan'),
(1285, 272, 17, 1, 'Seririt'),
(1286, 272, 17, 1, 'Sukasada'),
(1287, 272, 17, 1, 'Tejakula'),
(1573, 278, 17, 1, 'Denpasar Barat'),
(1574, 278, 17, 1, 'Denpasar Selatan'),
(1575, 278, 17, 1, 'Denpasar Timur'),
(1576, 278, 17, 1, 'Denpasar Utara'),
(1764, 273, 17, 1, 'Belah Batuh (Blahbatuh)'),
(1765, 273, 17, 1, 'Gianyar'),
(1766, 273, 17, 1, 'Payangan'),
(1767, 273, 17, 1, 'Sukawati'),
(1768, 273, 17, 1, 'Tampak Siring'),
(1769, 273, 17, 1, 'Tegallalang'),
(1770, 273, 17, 1, 'Ubud'),
(2232, 274, 17, 1, 'Jembrana'),
(2233, 274, 17, 1, 'Melaya'),
(2234, 274, 17, 1, 'Mendoyo'),
(2235, 274, 17, 1, 'Negara'),
(2236, 274, 17, 1, 'Pekutatan'),
(2370, 275, 17, 1, 'Abang'),
(2371, 275, 17, 1, 'Bebandem'),
(2372, 275, 17, 1, 'Karang Asem'),
(2373, 275, 17, 1, 'Kubu'),
(2374, 275, 17, 1, 'Manggis'),
(2375, 275, 17, 1, 'Rendang'),
(2376, 275, 17, 1, 'Selat'),
(2377, 275, 17, 1, 'Sidemen'),
(2748, 276, 17, 1, 'Banjarangkan'),
(2749, 276, 17, 1, 'Dawan'),
(2750, 276, 17, 1, 'Klungkung'),
(2751, 276, 17, 1, 'Nusapenida'),
(6179, 277, 17, 1, 'Baturiti'),
(6180, 277, 17, 1, 'Kediri'),
(6181, 277, 17, 1, 'Kerambitan'),
(6182, 277, 17, 1, 'Marga'),
(6183, 277, 17, 1, 'Penebel'),
(6184, 277, 17, 1, 'Pupuan'),
(6185, 277, 17, 1, 'Selemadeg'),
(6186, 277, 17, 1, 'Selemadeg / Salamadeg Timur'),
(6187, 277, 17, 1, 'Selemadeg / Salemadeg Barat'),
(6188, 277, 17, 1, 'Tabanan'),
(426, 138, 9, 1, 'Bakam'),
(427, 138, 9, 1, 'Belinyu'),
(428, 138, 9, 1, 'Mendo Barat'),
(429, 138, 9, 1, 'Merawang'),
(430, 138, 9, 1, 'Pemali'),
(431, 138, 9, 1, 'Puding Besar'),
(432, 138, 9, 1, 'Riau Silip'),
(433, 138, 9, 1, 'Sungai Liat'),
(434, 139, 9, 1, 'Jebus'),
(435, 139, 9, 1, 'Kelapa'),
(436, 139, 9, 1, 'Mentok (Muntok)'),
(437, 139, 9, 1, 'Parittiga'),
(438, 139, 9, 1, 'Simpang Teritip'),
(439, 139, 9, 1, 'Tempilang'),
(440, 140, 9, 1, 'Air Gegas'),
(441, 140, 9, 1, 'Kepulauan Pongok'),
(442, 140, 9, 1, 'Lepar Pongok'),
(443, 140, 9, 1, 'Payung'),
(444, 140, 9, 1, 'Pulau Besar'),
(445, 140, 9, 1, 'Simpang Rimba'),
(446, 140, 9, 1, 'Toboali'),
(447, 140, 9, 1, 'Tukak Sadai'),
(448, 141, 9, 1, 'Koba'),
(449, 141, 9, 1, 'Lubuk Besar'),
(450, 141, 9, 1, 'Namang'),
(451, 141, 9, 1, 'Pangkalan Baru'),
(452, 141, 9, 1, 'Simpang Katis'),
(453, 141, 9, 1, 'Sungai Selan'),
(761, 142, 9, 1, 'Badau'),
(762, 142, 9, 1, 'Membalong'),
(763, 142, 9, 1, 'Selat Nasik'),
(764, 142, 9, 1, 'Sijuk'),
(765, 142, 9, 1, 'Tanjung Pandan'),
(766, 143, 9, 1, 'Damar'),
(767, 143, 9, 1, 'Dendang'),
(768, 143, 9, 1, 'Gantung'),
(769, 143, 9, 1, 'Kelapa Kampit'),
(770, 143, 9, 1, 'Manggar'),
(771, 143, 9, 1, 'Simpang Pesak'),
(772, 143, 9, 1, 'Simpang Renggiang'),
(4713, 144, 9, 1, 'Bukit Intan'),
(4714, 144, 9, 1, 'Gabek'),
(4715, 144, 9, 1, 'Gerunggang'),
(4716, 144, 9, 1, 'Girimaya'),
(4717, 144, 9, 1, 'Pangkal Balam'),
(4718, 144, 9, 1, 'Rangkui'),
(4719, 144, 9, 1, 'Taman Sari'),
(1461, 158, 16, 1, 'Cibeber'),
(1462, 158, 16, 1, 'Cilegon'),
(1463, 158, 16, 1, 'Citangkil'),
(1464, 158, 16, 1, 'Ciwandan'),
(1465, 158, 16, 1, 'Gerogol'),
(1466, 158, 16, 1, 'Jombang'),
(1467, 158, 16, 1, 'Pulomerak'),
(1468, 158, 16, 1, 'Purwakarta'),
(3298, 154, 16, 1, 'Banjarsari'),
(3299, 154, 16, 1, 'Bayah'),
(3300, 154, 16, 1, 'Bojongmanik'),
(3301, 154, 16, 1, 'Cibadak'),
(3302, 154, 16, 1, 'Cibeber'),
(3303, 154, 16, 1, 'Cigemblong'),
(3304, 154, 16, 1, 'Cihara'),
(3305, 154, 16, 1, 'Cijaku'),
(3306, 154, 16, 1, 'Cikulur'),
(3307, 154, 16, 1, 'Cileles'),
(3308, 154, 16, 1, 'Cilograng'),
(3309, 154, 16, 1, 'Cimarga'),
(3310, 154, 16, 1, 'Cipanas'),
(3311, 154, 16, 1, 'Cirinten'),
(3312, 154, 16, 1, 'Curugbitung'),
(3313, 154, 16, 1, 'Gunung Kencana'),
(3314, 154, 16, 1, 'Kalanganyar'),
(3315, 154, 16, 1, 'Lebakgedong'),
(3316, 154, 16, 1, 'Leuwidamar'),
(3317, 154, 16, 1, 'Maja'),
(3318, 154, 16, 1, 'Malingping'),
(3319, 154, 16, 1, 'Muncang'),
(3320, 154, 16, 1, 'Panggarangan'),
(3321, 154, 16, 1, 'Rangkasbitung'),
(3322, 154, 16, 1, 'Sajira'),
(3323, 154, 16, 1, 'Sobang'),
(3324, 154, 16, 1, 'Wanasalam'),
(3325, 154, 16, 1, 'Warunggunung'),
(4655, 155, 16, 1, 'Angsana'),
(4656, 155, 16, 1, 'Banjar'),
(4657, 155, 16, 1, 'Bojong'),
(4658, 155, 16, 1, 'Cadasari'),
(4659, 155, 16, 1, 'Carita'),
(4660, 155, 16, 1, 'Cibaliung'),
(4661, 155, 16, 1, 'Cibitung'),
(4662, 155, 16, 1, 'Cigeulis'),
(4663, 155, 16, 1, 'Cikeudal (Cikedal)'),
(4664, 155, 16, 1, 'Cikeusik'),
(4665, 155, 16, 1, 'Cimanggu'),
(4666, 155, 16, 1, 'Cimanuk'),
(4667, 155, 16, 1, 'Cipeucang'),
(4668, 155, 16, 1, 'Cisata'),
(4669, 155, 16, 1, 'Jiput'),
(4670, 155, 16, 1, 'Kaduhejo'),
(4671, 155, 16, 1, 'Karang Tanjung'),
(4672, 155, 16, 1, 'Koroncong'),
(4673, 155, 16, 1, 'Labuan'),
(4674, 155, 16, 1, 'Majasari'),
(4675, 155, 16, 1, 'Mandalawangi'),
(4676, 155, 16, 1, 'Mekarjaya'),
(4677, 155, 16, 1, 'Menes'),
(4678, 155, 16, 1, 'Munjul'),
(4679, 155, 16, 1, 'Pagelaran'),
(4680, 155, 16, 1, 'Pandeglang'),
(4681, 155, 16, 1, 'Panimbang'),
(4682, 155, 16, 1, 'Patia'),
(4683, 155, 16, 1, 'Picung'),
(4684, 155, 16, 1, 'Pulosari'),
(4685, 155, 16, 1, 'Saketi'),
(4686, 155, 16, 1, 'Sindangresmi'),
(4687, 155, 16, 1, 'Sobang'),
(4688, 155, 16, 1, 'Sukaresmi'),
(4689, 155, 16, 1, 'Sumur'),
(5540, 153, 16, 1, 'Anyar'),
(5541, 153, 16, 1, 'Bandung'),
(5542, 153, 16, 1, 'Baros'),
(5543, 153, 16, 1, 'Binuang'),
(5544, 153, 16, 1, 'Bojonegara'),
(5545, 153, 16, 1, 'Carenang (Cerenang)'),
(5546, 153, 16, 1, 'Cikande'),
(5547, 153, 16, 1, 'Cikeusal'),
(5548, 153, 16, 1, 'Cinangka'),
(5549, 153, 16, 1, 'Ciomas'),
(5550, 153, 16, 1, 'Ciruas'),
(5551, 153, 16, 1, 'Gunungsari'),
(5552, 153, 16, 1, 'Jawilan'),
(5553, 153, 16, 1, 'Kibin'),
(5554, 153, 16, 1, 'Kopo'),
(5555, 153, 16, 1, 'Kragilan'),
(5556, 153, 16, 1, 'Kramatwatu'),
(5557, 153, 16, 1, 'Lebak Wangi'),
(5558, 153, 16, 1, 'Mancak'),
(5559, 153, 16, 1, 'Pabuaran'),
(5560, 153, 16, 1, 'Padarincang'),
(5561, 153, 16, 1, 'Pamarayan'),
(5562, 153, 16, 1, 'Petir'),
(5563, 153, 16, 1, 'Pontang'),
(5564, 153, 16, 1, 'Pulo Ampel'),
(5565, 153, 16, 1, 'Tanara'),
(5566, 153, 16, 1, 'Tirtayasa'),
(5567, 153, 16, 1, 'Tunjung Teja'),
(5568, 153, 16, 1, 'Waringin Kurung'),
(5569, 157, 16, 1, 'Cipocok Jaya'),
(5570, 157, 16, 1, 'Curug'),
(5571, 157, 16, 1, 'Kasemen'),
(5572, 157, 16, 1, 'Serang'),
(5573, 157, 16, 1, 'Taktakan'),
(5574, 157, 16, 1, 'Walantaka'),
(6268, 152, 16, 1, 'Balaraja'),
(6269, 152, 16, 1, 'Cikupa'),
(6270, 152, 16, 1, 'Cisauk'),
(6271, 152, 16, 1, 'Cisoka'),
(6272, 152, 16, 1, 'Curug'),
(6273, 152, 16, 1, 'Gunung Kaler'),
(6274, 152, 16, 1, 'Jambe'),
(6275, 152, 16, 1, 'Jayanti'),
(6276, 152, 16, 1, 'Kelapa Dua'),
(6277, 152, 16, 1, 'Kemiri'),
(6278, 152, 16, 1, 'Kosambi'),
(6279, 152, 16, 1, 'Kresek'),
(6280, 152, 16, 1, 'Kronjo'),
(6281, 152, 16, 1, 'Legok'),
(6282, 152, 16, 1, 'Mauk'),
(6283, 152, 16, 1, 'Mekar Baru'),
(6284, 152, 16, 1, 'Pagedangan'),
(6285, 152, 16, 1, 'Pakuhaji'),
(6286, 152, 16, 1, 'Panongan'),
(6287, 152, 16, 1, 'Pasar Kemis'),
(6288, 152, 16, 1, 'Rajeg'),
(6289, 152, 16, 1, 'Sepatan'),
(6290, 152, 16, 1, 'Sepatan Timur'),
(6291, 152, 16, 1, 'Sindang Jaya'),
(6292, 152, 16, 1, 'Solear'),
(6293, 152, 16, 1, 'Sukadiri'),
(6294, 152, 16, 1, 'Sukamulya'),
(6295, 152, 16, 1, 'Teluknaga'),
(6296, 152, 16, 1, 'Tigaraksa'),
(6297, 156, 16, 1, 'Batuceper'),
(6298, 156, 16, 1, 'Benda'),
(6299, 156, 16, 1, 'Cibodas'),
(6300, 156, 16, 1, 'Ciledug'),
(6301, 156, 16, 1, 'Cipondoh'),
(6302, 156, 16, 1, 'Jatiuwung'),
(6303, 156, 16, 1, 'Karang Tengah'),
(6304, 156, 16, 1, 'Karawaci'),
(6305, 156, 16, 1, 'Larangan'),
(6306, 156, 16, 1, 'Neglasari'),
(6307, 156, 16, 1, 'Periuk'),
(6308, 156, 16, 1, 'Pinang (Penang)'),
(6309, 156, 16, 1, 'Tangerang'),
(6310, 159, 16, 1, 'Ciputat'),
(6311, 159, 16, 1, 'Ciputat Timur'),
(6312, 159, 16, 1, 'Pamulang'),
(6313, 159, 16, 1, 'Pondok Aren'),
(6314, 159, 16, 1, 'Serpong'),
(6315, 159, 16, 1, 'Serpong Utara'),
(6316, 159, 16, 1, 'Setu'),
(832, 66, 7, 1, 'Gading Cempaka'),
(833, 66, 7, 1, 'Kampung Melayu'),
(834, 66, 7, 1, 'Muara Bangka Hulu'),
(835, 66, 7, 1, 'Ratu Agung'),
(836, 66, 7, 1, 'Ratu Samban'),
(837, 66, 7, 1, 'Selebar'),
(838, 66, 7, 1, 'Singaran Pati'),
(839, 66, 7, 1, 'Sungai Serut'),
(840, 66, 7, 1, 'Teluk Segara'),
(841, 57, 7, 1, 'Air Nipis'),
(842, 57, 7, 1, 'Bunga Mas'),
(843, 57, 7, 1, 'Kedurang'),
(844, 57, 7, 1, 'Kedurang Ilir'),
(845, 57, 7, 1, 'Kota Manna'),
(846, 57, 7, 1, 'Manna'),
(847, 57, 7, 1, 'Pasar Manna'),
(848, 57, 7, 1, 'Pino'),
(849, 57, 7, 1, 'Pinoraya'),
(850, 57, 7, 1, 'Seginim'),
(851, 57, 7, 1, 'Ulu Manna'),
(852, 58, 7, 1, 'Bang Haji'),
(853, 58, 7, 1, 'Karang Tinggi'),
(854, 58, 7, 1, 'Merigi Kelindang'),
(855, 58, 7, 1, 'Merigi Sakti'),
(856, 58, 7, 1, 'Pagar Jati'),
(857, 58, 7, 1, 'Pematang Tiga'),
(858, 58, 7, 1, 'Pondok Kelapa'),
(859, 58, 7, 1, 'Pondok Kubang'),
(860, 58, 7, 1, 'Taba Penanjung'),
(861, 58, 7, 1, 'Talang Empat'),
(862, 59, 7, 1, 'Air Besi'),
(863, 59, 7, 1, 'Air Napal'),
(864, 59, 7, 1, 'Air Padang'),
(865, 59, 7, 1, 'Arga Makmur'),
(866, 59, 7, 1, 'Arma Jaya'),
(867, 59, 7, 1, 'Batik Nau'),
(868, 59, 7, 1, 'Enggano'),
(869, 59, 7, 1, 'Giri Mulia'),
(870, 59, 7, 1, 'Hulu Palik'),
(871, 59, 7, 1, 'Kerkap'),
(872, 59, 7, 1, 'Ketahun'),
(873, 59, 7, 1, 'Lais'),
(874, 59, 7, 1, 'Napal Putih'),
(875, 59, 7, 1, 'Padang Jaya'),
(876, 59, 7, 1, 'Putri Hijau'),
(877, 59, 7, 1, 'Tanjung Agung Palik'),
(878, 59, 7, 1, 'Ulok Kupai'),
(2450, 60, 7, 1, 'Kaur Selatan'),
(2451, 60, 7, 1, 'Kaur Tengah'),
(2452, 60, 7, 1, 'Kaur Utara'),
(2453, 60, 7, 1, 'Kelam Tengah'),
(2454, 60, 7, 1, 'Kinal'),
(2455, 60, 7, 1, 'Luas'),
(2456, 60, 7, 1, 'Lungkang Kule'),
(2457, 60, 7, 1, 'Maje'),
(2458, 60, 7, 1, 'Muara Sahung'),
(2459, 60, 7, 1, 'Nasal'),
(2460, 60, 7, 1, 'Padang Guci Hilir'),
(2461, 60, 7, 1, 'Padang Guci Hulu'),
(2462, 60, 7, 1, 'Semidang Gumai (Gumay)'),
(2463, 60, 7, 1, 'Tanjung Kemuning'),
(2464, 60, 7, 1, 'Tetap (Muara Tetap)'),
(2563, 61, 7, 1, 'Bermani Ilir'),
(2564, 61, 7, 1, 'Kebawetan (Kabawetan)'),
(2565, 61, 7, 1, 'Kepahiang'),
(2566, 61, 7, 1, 'Merigi'),
(2567, 61, 7, 1, 'Muara Kemumu'),
(2568, 61, 7, 1, 'Seberang Musi'),
(2569, 61, 7, 1, 'Tebat Karai'),
(2570, 61, 7, 1, 'Ujan Mas'),
(3326, 62, 7, 1, 'Amen'),
(3327, 62, 7, 1, 'Bingin Kuning'),
(3328, 62, 7, 1, 'Lebong Atas'),
(3329, 62, 7, 1, 'Lebong Sakti'),
(3330, 62, 7, 1, 'Lebong Selatan'),
(3331, 62, 7, 1, 'Lebong Tengah'),
(3332, 62, 7, 1, 'Lebong Utara'),
(3333, 62, 7, 1, 'Pelabai'),
(3334, 62, 7, 1, 'Pinang Belapis'),
(3335, 62, 7, 1, 'Rimbo Pengadang'),
(3336, 62, 7, 1, 'Topos'),
(3337, 62, 7, 1, 'Uram Jaya'),
(4142, 63, 7, 1, 'Air Dikit'),
(4143, 63, 7, 1, 'Air Majunto'),
(4144, 63, 7, 1, 'Air Rami'),
(4145, 63, 7, 1, 'Ipuh (Muko-Muko Selatan)'),
(4146, 63, 7, 1, 'Kota Mukomuko (Mukomuko Utara)'),
(4147, 63, 7, 1, 'Lubuk Pinang'),
(4148, 63, 7, 1, 'Malin Deman'),
(4149, 63, 7, 1, 'Penarik'),
(4150, 63, 7, 1, 'Pondok Suguh'),
(4151, 63, 7, 1, 'Selagan Raya'),
(4152, 63, 7, 1, 'Sungai Rumbai'),
(4153, 63, 7, 1, 'Teramang Jaya'),
(4154, 63, 7, 1, 'Teras Terunjam'),
(4155, 63, 7, 1, 'V Koto'),
(4156, 63, 7, 1, 'XIV Koto'),
(5274, 64, 7, 1, 'Bermani Ulu'),
(5275, 64, 7, 1, 'Bermani Ulu Raya'),
(5276, 64, 7, 1, 'Binduriang'),
(5277, 64, 7, 1, 'Curup'),
(5278, 64, 7, 1, 'Curup Selatan'),
(5279, 64, 7, 1, 'Curup Tengah'),
(5280, 64, 7, 1, 'Curup Timur'),
(5281, 64, 7, 1, 'Curup Utara'),
(5282, 64, 7, 1, 'Kota Padang'),
(5283, 64, 7, 1, 'Padang Ulak Tanding'),
(5284, 64, 7, 1, 'Selupu Rejang'),
(5285, 64, 7, 1, 'Sindang Beliti Ilir'),
(5286, 64, 7, 1, 'Sindang Beliti Ulu'),
(5287, 64, 7, 1, 'Sindang Daratan'),
(5288, 64, 7, 1, 'Sindang Kelingi'),
(5465, 65, 7, 1, 'Air Periukan'),
(5466, 65, 7, 1, 'Ilir Talo'),
(5467, 65, 7, 1, 'Lubuk Sandi'),
(5468, 65, 7, 1, 'Seluma'),
(5469, 65, 7, 1, 'Seluma Barat'),
(5470, 65, 7, 1, 'Seluma Selatan'),
(5471, 65, 7, 1, 'Seluma Timur'),
(5472, 65, 7, 1, 'Seluma Utara'),
(5473, 65, 7, 1, 'Semidang Alas'),
(5474, 65, 7, 1, 'Semidang Alas Maras'),
(5475, 65, 7, 1, 'Sukaraja'),
(5476, 65, 7, 1, 'Talo'),
(5477, 65, 7, 1, 'Talo Kecil'),
(5478, 65, 7, 1, 'Ulu Talo'),
(2095, 188, 11, 1, 'Cempaka Putih'),
(2096, 188, 11, 1, 'Gambir'),
(2097, 188, 11, 1, 'Johar Baru'),
(2098, 188, 11, 1, 'Kemayoran'),
(2099, 188, 11, 1, 'Menteng'),
(2100, 188, 11, 1, 'Sawah Besar'),
(2101, 188, 11, 1, 'Senen'),
(2102, 188, 11, 1, 'Tanah Abang'),
(2103, 189, 11, 1, 'Cilandak'),
(2104, 189, 11, 1, 'Jagakarsa'),
(2105, 189, 11, 1, 'Kebayoran Baru'),
(2106, 189, 11, 1, 'Kebayoran Lama'),
(2107, 189, 11, 1, 'Mampang Prapatan'),
(2108, 189, 11, 1, 'Pancoran'),
(2109, 189, 11, 1, 'Pasar Minggu'),
(2110, 189, 11, 1, 'Pesanggrahan'),
(2111, 189, 11, 1, 'Setia Budi'),
(2112, 189, 11, 1, 'Tebet'),
(2113, 190, 11, 1, 'Cakung'),
(2114, 190, 11, 1, 'Cipayung'),
(2115, 190, 11, 1, 'Ciracas'),
(2116, 190, 11, 1, 'Duren Sawit'),
(2117, 190, 11, 1, 'Jatinegara'),
(2118, 190, 11, 1, 'Kramat Jati'),
(2119, 190, 11, 1, 'Makasar'),
(2120, 190, 11, 1, 'Matraman'),
(2121, 190, 11, 1, 'Pasar Rebo'),
(2122, 190, 11, 1, 'Pulo Gadung'),
(2123, 191, 11, 1, 'Cilincing'),
(2124, 191, 11, 1, 'Kelapa Gading'),
(2125, 191, 11, 1, 'Koja'),
(2126, 191, 11, 1, 'Pademangan'),
(2127, 191, 11, 1, 'Penjaringan'),
(2128, 191, 11, 1, 'Tanjung Priok'),
(2622, 186, 11, 1, 'Kepulauan Seribu Selatan'),
(2623, 186, 11, 1, 'Kepulauan Seribu Utara'),
(1015, 365, 28, 1, 'Botumoita (Botumoito)'),
(1016, 365, 28, 1, 'Dulupi'),
(1017, 365, 28, 1, 'Mananggu'),
(1018, 365, 28, 1, 'Paguyaman'),
(1019, 365, 28, 1, 'Paguyaman Pantai'),
(1020, 365, 28, 1, 'Tilamuta'),
(1021, 365, 28, 1, 'Wonosari'),
(1199, 366, 28, 1, 'Bone'),
(1200, 366, 28, 1, 'Bone Raya'),
(1201, 366, 28, 1, 'Bonepantai'),
(1202, 366, 28, 1, 'Botu Pingge'),
(1203, 366, 28, 1, 'Bulango Selatan'),
(1204, 366, 28, 1, 'Bulango Timur'),
(1205, 366, 28, 1, 'Bulango Ulu'),
(1206, 366, 28, 1, 'Bulango Utara'),
(1207, 366, 28, 1, 'Bulawa'),
(1208, 366, 28, 1, 'Kabila'),
(1209, 366, 28, 1, 'Kabila Bone'),
(1210, 366, 28, 1, 'Pinogu'),
(1211, 366, 28, 1, 'Suwawa'),
(1212, 366, 28, 1, 'Suwawa Selatan'),
(1213, 366, 28, 1, 'Suwawa Tengah'),
(1214, 366, 28, 1, 'Suwawa Timur'),
(1215, 366, 28, 1, 'Tapa'),
(1216, 366, 28, 1, 'Tilongkabila'),
(1771, 367, 28, 1, 'Asparaga'),
(1772, 367, 28, 1, 'Batudaa'),
(1773, 367, 28, 1, 'Batudaa Pantai'),
(1774, 367, 28, 1, 'Bilato'),
(1775, 367, 28, 1, 'Biluhu'),
(1776, 367, 28, 1, 'Boliohuto (Boliyohuto)'),
(1777, 367, 28, 1, 'Bongomeme'),
(1778, 367, 28, 1, 'Dungaliyo'),
(1779, 367, 28, 1, 'Limboto'),
(1780, 367, 28, 1, 'Limboto Barat'),
(1781, 367, 28, 1, 'Mootilango'),
(1782, 367, 28, 1, 'Pulubala'),
(1783, 367, 28, 1, 'Tabongo'),
(1784, 367, 28, 1, 'Telaga'),
(1785, 367, 28, 1, 'Telaga Biru'),
(1786, 367, 28, 1, 'Telaga Jaya'),
(1787, 367, 28, 1, 'Tibawa'),
(1788, 367, 28, 1, 'Tilango'),
(1789, 367, 28, 1, 'Tolangohula'),
(1790, 370, 28, 1, 'Dumbo Raya'),
(1791, 370, 28, 1, 'Dungingi'),
(1792, 370, 28, 1, 'Hulonthalangi'),
(1793, 370, 28, 1, 'Kota Barat'),
(1794, 370, 28, 1, 'Kota Selatan'),
(1795, 370, 28, 1, 'Kota Tengah'),
(1796, 370, 28, 1, 'Kota Timur'),
(1797, 370, 28, 1, 'Kota Utara'),
(1798, 370, 28, 1, 'Sipatana'),
(1799, 368, 28, 1, 'Anggrek'),
(1800, 368, 28, 1, 'Atinggola'),
(1801, 368, 28, 1, 'Biau'),
(1802, 368, 28, 1, 'Gentuma Raya'),
(1803, 368, 28, 1, 'Kwandang'),
(1804, 368, 28, 1, 'Monano'),
(1805, 368, 28, 1, 'Ponelo Kepulauan'),
(1806, 368, 28, 1, 'Sumalata'),
(1807, 368, 28, 1, 'Sumalata Timur'),
(1808, 368, 28, 1, 'Tolinggula'),
(1809, 368, 28, 1, 'Tomolito'),
(5042, 369, 28, 1, 'Buntulia'),
(5043, 369, 28, 1, 'Dengilo'),
(5044, 369, 28, 1, 'Duhiadaa'),
(5045, 369, 28, 1, 'Lemito'),
(5046, 369, 28, 1, 'Marisa'),
(5047, 369, 28, 1, 'Paguat'),
(5048, 369, 28, 1, 'Patilanggio'),
(5049, 369, 28, 1, 'Popayato'),
(5050, 369, 28, 1, 'Popayato Barat'),
(5051, 369, 28, 1, 'Popayato Timur'),
(5052, 369, 28, 1, 'Randangan'),
(5053, 369, 28, 1, 'Taluditi (Taluduti)'),
(5054, 369, 28, 1, 'Wanggarasi'),
(700, 67, 5, 1, 'Bajubang'),
(701, 67, 5, 1, 'Batin XXIV'),
(702, 67, 5, 1, 'Maro Sebo Ilir'),
(703, 67, 5, 1, 'Maro Sebo Ulu'),
(704, 67, 5, 1, 'Mersam'),
(705, 67, 5, 1, 'Muara Bulian'),
(706, 67, 5, 1, 'Muara Tembesi'),
(707, 67, 5, 1, 'Pemayung'),
(1308, 68, 5, 1, 'Bathin II Babeko'),
(1309, 68, 5, 1, 'Bathin II Pelayang'),
(1310, 68, 5, 1, 'Bathin III'),
(1311, 68, 5, 1, 'Bathin III Ulu'),
(1312, 68, 5, 1, 'Bungo Dani'),
(1313, 68, 5, 1, 'Jujuhan'),
(1314, 68, 5, 1, 'Jujuhan Ilir'),
(1315, 68, 5, 1, 'Limbur Lubuk Mengkuang'),
(1316, 68, 5, 1, 'Muko-Muko Batin VII'),
(1317, 68, 5, 1, 'Pasar Muara Bungo'),
(1318, 68, 5, 1, 'Pelepat'),
(1319, 68, 5, 1, 'Pelepat Ilir'),
(1320, 68, 5, 1, 'Rantau Pandan'),
(1321, 68, 5, 1, 'Rimbo Tengah'),
(1322, 68, 5, 1, 'Tanah Sepenggal'),
(1323, 68, 5, 1, 'Tanah Sepenggal Lintas'),
(1324, 68, 5, 1, 'Tanah Tumbuh'),
(2129, 76, 5, 1, 'Danau Teluk'),
(2130, 76, 5, 1, 'Jambi Selatan'),
(2131, 76, 5, 1, 'Jambi Timur'),
(2132, 76, 5, 1, 'Jelutung'),
(2133, 76, 5, 1, 'Kota Baru'),
(2134, 76, 5, 1, 'Pasar Jambi'),
(2135, 76, 5, 1, 'Pelayangan'),
(2136, 76, 5, 1, 'Telanaipura'),
(2686, 69, 5, 1, 'Air Hangat'),
(2687, 69, 5, 1, 'Air Hangat Barat'),
(2688, 69, 5, 1, 'Air Hangat Timur'),
(2689, 69, 5, 1, 'Batang Merangin'),
(2690, 69, 5, 1, 'Bukitkerman'),
(2691, 69, 5, 1, 'Danau Kerinci'),
(2692, 69, 5, 1, 'Depati Tujuh'),
(2693, 69, 5, 1, 'Gunung Kerinci'),
(2694, 69, 5, 1, 'Gunung Raya'),
(2695, 69, 5, 1, 'Gunung Tujuh'),
(2696, 69, 5, 1, 'Kayu Aro'),
(2697, 69, 5, 1, 'Kayu Aro Barat'),
(2698, 69, 5, 1, 'Keliling Danau'),
(2699, 69, 5, 1, 'Sitinjau Laut'),
(2700, 69, 5, 1, 'Siulak'),
(2701, 69, 5, 1, 'Siulak Mukai'),
(3938, 70, 5, 1, 'Bangko'),
(3939, 70, 5, 1, 'Bangko Barat'),
(3940, 70, 5, 1, 'Batang Masumai'),
(3941, 70, 5, 1, 'Jangkat'),
(3942, 70, 5, 1, 'Lembah Masurai'),
(3943, 70, 5, 1, 'Margo Tabir'),
(3944, 70, 5, 1, 'Muara Siau'),
(3945, 70, 5, 1, 'Nalo Tantan'),
(3946, 70, 5, 1, 'Pamenang'),
(3947, 70, 5, 1, 'Pamenang Barat'),
(3948, 70, 5, 1, 'Pamenang Selatan'),
(3949, 70, 5, 1, 'Pangkalan Jambu'),
(3950, 70, 5, 1, 'Renah Pembarap'),
(3951, 70, 5, 1, 'Renah Pemenang'),
(3952, 70, 5, 1, 'Sungai Manau'),
(3953, 70, 5, 1, 'Sungai Tenang'),
(3954, 70, 5, 1, 'Tabir'),
(3955, 70, 5, 1, 'Tabir Barat'),
(3956, 70, 5, 1, 'Tabir Ilir'),
(3957, 70, 5, 1, 'Tabir Lintas'),
(3958, 70, 5, 1, 'Tabir Selatan'),
(3959, 70, 5, 1, 'Tabir Timur'),
(3960, 70, 5, 1, 'Tabir Ulu'),
(3961, 70, 5, 1, 'Tiang Pumpung'),
(4131, 71, 5, 1, 'Bahar Selatan'),
(4132, 71, 5, 1, 'Bahar Utara'),
(4133, 71, 5, 1, 'Jambi Luar Kota'),
(4134, 71, 5, 1, 'Kumpeh'),
(4135, 71, 5, 1, 'Kumpeh Ulu'),
(4136, 71, 5, 1, 'Maro Sebo'),
(4137, 71, 5, 1, 'Mestong'),
(4138, 71, 5, 1, 'Sekernan'),
(4139, 71, 5, 1, 'Sungai Bahar'),
(4140, 71, 5, 1, 'Sungai Gelam'),
(4141, 71, 5, 1, 'Taman Rajo / Rejo'),
(5433, 72, 5, 1, 'Air Hitam'),
(5434, 72, 5, 1, 'Batang Asai'),
(5435, 72, 5, 1, 'Bathin VIII (Batin VIII)'),
(5436, 72, 5, 1, 'Cermin Nan Gadang'),
(5437, 72, 5, 1, 'Limun'),
(5438, 72, 5, 1, 'Mandiangin'),
(5439, 72, 5, 1, 'Pauh'),
(5440, 72, 5, 1, 'Pelawan'),
(5441, 72, 5, 1, 'Sarolangun'),
(5442, 72, 5, 1, 'Singkut'),
(6118, 77, 5, 1, 'Hamparan Rawang'),
(6119, 77, 5, 1, 'Koto Baru'),
(6120, 77, 5, 1, 'Kumun Debai'),
(6121, 77, 5, 1, 'Pesisir Bukit'),
(6122, 77, 5, 1, 'Pondok Tinggi'),
(6123, 77, 5, 1, 'Sungai Bungkal'),
(6124, 77, 5, 1, 'Sungai Penuh'),
(6125, 77, 5, 1, 'Tanah Kampung'),
(6343, 73, 5, 1, 'Batang Asam'),
(6344, 73, 5, 1, 'Betara'),
(6345, 73, 5, 1, 'Bram Itam'),
(6346, 73, 5, 1, 'Kuala Betara'),
(6347, 73, 5, 1, 'Merlung'),
(6348, 73, 5, 1, 'Muara Papalik'),
(6349, 73, 5, 1, 'Pengabuan'),
(6350, 73, 5, 1, 'Renah Mendaluh'),
(6351, 73, 5, 1, 'Seberang Kota'),
(6352, 73, 5, 1, 'Senyerang'),
(6353, 73, 5, 1, 'Tebing Tinggi'),
(6354, 73, 5, 1, 'Tungkal Ilir'),
(6355, 73, 5, 1, 'Tungkal Ulu'),
(6356, 74, 5, 1, 'Berbak'),
(6357, 74, 5, 1, 'Dendang'),
(6358, 74, 5, 1, 'Geragai'),
(6359, 74, 5, 1, 'Kuala Jambi'),
(6360, 74, 5, 1, 'Mendahara'),
(6361, 74, 5, 1, 'Mendahara Ulu'),
(6362, 74, 5, 1, 'Muara Sabak Barat'),
(6363, 74, 5, 1, 'Muara Sabak Timur'),
(6364, 74, 5, 1, 'Nipah Panjang'),
(6365, 74, 5, 1, 'Rantau Rasau'),
(6366, 74, 5, 1, 'Sadu'),
(6490, 75, 5, 1, 'Muara Tabir'),
(6491, 75, 5, 1, 'Rimbo Bujang'),
(6492, 75, 5, 1, 'Rimbo Ilir'),
(6493, 75, 5, 1, 'Rimbo Ulu'),
(6494, 75, 5, 1, 'Serai Serumpun'),
(6495, 75, 5, 1, 'Sumay'),
(6496, 75, 5, 1, 'Tebo Ilir'),
(6497, 75, 5, 1, 'Tebo Tengah'),
(6498, 75, 5, 1, 'Tebo Ulu'),
(6499, 75, 5, 1, 'Tengah Ilir'),
(6500, 75, 5, 1, 'VII Koto'),
(6501, 75, 5, 1, 'VII Koto Ilir'),
(307, 160, 12, 1, 'Arjasari'),
(308, 160, 12, 1, 'Baleendah'),
(309, 160, 12, 1, 'Banjaran'),
(310, 160, 12, 1, 'Bojongsoang'),
(311, 160, 12, 1, 'Cangkuang'),
(312, 160, 12, 1, 'Cicalengka'),
(313, 160, 12, 1, 'Cikancung'),
(314, 160, 12, 1, 'Cilengkrang'),
(315, 160, 12, 1, 'Cileunyi'),
(316, 160, 12, 1, 'Cimaung'),
(317, 160, 12, 1, 'Cimeunyan'),
(318, 160, 12, 1, 'Ciparay'),
(319, 160, 12, 1, 'Ciwidey'),
(320, 160, 12, 1, 'Dayeuhkolot'),
(321, 160, 12, 1, 'Ibun'),
(322, 160, 12, 1, 'Katapang'),
(323, 160, 12, 1, 'Kertasari'),
(324, 160, 12, 1, 'Kutawaringin'),
(325, 160, 12, 1, 'Majalaya'),
(326, 160, 12, 1, 'Margaasih'),
(327, 160, 12, 1, 'Margahayu'),
(328, 160, 12, 1, 'Nagreg'),
(329, 160, 12, 1, 'Pacet'),
(330, 160, 12, 1, 'Pameungpeuk'),
(331, 160, 12, 1, 'Pangalengan'),
(332, 160, 12, 1, 'Paseh'),
(333, 160, 12, 1, 'Pasirjambu'),
(334, 160, 12, 1, 'Ranca Bali'),
(335, 160, 12, 1, 'Rancaekek'),
(336, 160, 12, 1, 'Solokan Jeruk'),
(337, 160, 12, 1, 'Soreang'),
(338, 177, 12, 1, 'Andir'),
(339, 177, 12, 1, 'Antapani (Cicadas)'),
(340, 177, 12, 1, 'Arcamanik'),
(341, 177, 12, 1, 'Astana Anyar'),
(342, 177, 12, 1, 'Babakan Ciparay'),
(343, 177, 12, 1, 'Bandung Kidul'),
(344, 177, 12, 1, 'Bandung Kulon'),
(345, 177, 12, 1, 'Bandung Wetan'),
(346, 177, 12, 1, 'Batununggal'),
(347, 177, 12, 1, 'Bojongloa Kaler'),
(348, 177, 12, 1, 'Bojongloa Kidul'),
(349, 177, 12, 1, 'Buahbatu (Margacinta)'),
(350, 177, 12, 1, 'Cibeunying Kaler'),
(351, 177, 12, 1, 'Cibeunying Kidul'),
(352, 177, 12, 1, 'Cibiru'),
(353, 177, 12, 1, 'Cicendo'),
(354, 177, 12, 1, 'Cidadap'),
(355, 177, 12, 1, 'Cinambo'),
(356, 177, 12, 1, 'Coblong'),
(357, 177, 12, 1, 'Gedebage'),
(358, 177, 12, 1, 'Kiaracondong'),
(359, 177, 12, 1, 'Lengkong'),
(360, 177, 12, 1, 'Mandalajati'),
(361, 177, 12, 1, 'Panyileukan'),
(362, 177, 12, 1, 'Rancasari'),
(363, 177, 12, 1, 'Regol'),
(364, 177, 12, 1, 'Sukajadi'),
(365, 177, 12, 1, 'Sukasari'),
(366, 177, 12, 1, 'Sumur Bandung'),
(367, 177, 12, 1, 'Ujung Berung'),
(368, 161, 12, 1, 'Batujajar'),
(369, 161, 12, 1, 'Cihampelas'),
(370, 161, 12, 1, 'Cikalong Wetan'),
(371, 161, 12, 1, 'Cililin'),
(372, 161, 12, 1, 'Cipatat'),
(373, 161, 12, 1, 'Cipeundeuy'),
(374, 161, 12, 1, 'Cipongkor'),
(375, 161, 12, 1, 'Cisarua'),
(376, 161, 12, 1, 'Gununghalu'),
(377, 161, 12, 1, 'Lembang'),
(378, 161, 12, 1, 'Ngamprah'),
(379, 161, 12, 1, 'Padalarang'),
(380, 161, 12, 1, 'Parongpong'),
(381, 161, 12, 1, 'Rongga'),
(382, 161, 12, 1, 'Saguling'),
(383, 161, 12, 1, 'Sindangkerta'),
(495, 178, 12, 1, 'Banjar'),
(496, 178, 12, 1, 'Langensari'),
(497, 178, 12, 1, 'Pataruman'),
(498, 178, 12, 1, 'Purwaharja'),
(726, 162, 12, 1, 'Babelan'),
(727, 162, 12, 1, 'Bojongmangu'),
(728, 162, 12, 1, 'Cabangbungin'),
(729, 162, 12, 1, 'Cibarusah'),
(730, 162, 12, 1, 'Cibitung'),
(731, 162, 12, 1, 'Cikarang Barat'),
(732, 162, 12, 1, 'Cikarang Pusat'),
(733, 162, 12, 1, 'Cikarang Selatan'),
(734, 162, 12, 1, 'Cikarang Timur'),
(735, 162, 12, 1, 'Cikarang Utara'),
(736, 162, 12, 1, 'Karangbahagia'),
(737, 162, 12, 1, 'Kedung Waringin'),
(738, 162, 12, 1, 'Muara Gembong'),
(739, 162, 12, 1, 'Pebayuran'),
(740, 162, 12, 1, 'Serang Baru'),
(741, 162, 12, 1, 'Setu'),
(742, 162, 12, 1, 'Sukakarya'),
(743, 162, 12, 1, 'Sukatani'),
(744, 162, 12, 1, 'Sukawangi'),
(745, 162, 12, 1, 'Tambelang'),
(746, 162, 12, 1, 'Tambun Selatan'),
(747, 162, 12, 1, 'Tambun Utara'),
(748, 162, 12, 1, 'Tarumajaya'),
(749, 179, 12, 1, 'Bantar Gebang'),
(750, 179, 12, 1, 'Bekasi Barat'),
(751, 179, 12, 1, 'Bekasi Selatan'),
(752, 179, 12, 1, 'Bekasi Timur'),
(753, 179, 12, 1, 'Bekasi Utara'),
(754, 179, 12, 1, 'Jati Sampurna'),
(755, 179, 12, 1, 'Jatiasih'),
(756, 179, 12, 1, 'Medan Satria'),
(757, 179, 12, 1, 'Mustika Jaya'),
(758, 179, 12, 1, 'Pondok Gede'),
(759, 179, 12, 1, 'Pondok Melati'),
(760, 179, 12, 1, 'Rawalumbu'),
(1022, 163, 12, 1, 'Babakan Madang'),
(1023, 163, 12, 1, 'Bojonggede'),
(1024, 163, 12, 1, 'Caringin'),
(1025, 163, 12, 1, 'Cariu'),
(1026, 163, 12, 1, 'Ciampea'),
(1027, 163, 12, 1, 'Ciawi'),
(1028, 163, 12, 1, 'Cibinong'),
(1029, 163, 12, 1, 'Cibungbulang'),
(1030, 163, 12, 1, 'Cigombong'),
(1031, 163, 12, 1, 'Cigudeg'),
(1032, 163, 12, 1, 'Cijeruk'),
(1033, 163, 12, 1, 'Cileungsi'),
(1034, 163, 12, 1, 'Ciomas'),
(1035, 163, 12, 1, 'Cisarua'),
(1036, 163, 12, 1, 'Ciseeng'),
(1037, 163, 12, 1, 'Citeureup'),
(1038, 163, 12, 1, 'Dramaga'),
(1039, 163, 12, 1, 'Gunung Putri'),
(1040, 163, 12, 1, 'Gunung Sindur'),
(1041, 163, 12, 1, 'Jasinga'),
(1042, 163, 12, 1, 'Jonggol'),
(1043, 163, 12, 1, 'Kemang'),
(1044, 163, 12, 1, 'Klapa Nunggal (Kelapa Nunggal)'),
(1045, 163, 12, 1, 'Leuwiliang'),
(1046, 163, 12, 1, 'Leuwisadeng'),
(1047, 163, 12, 1, 'Megamendung'),
(1048, 163, 12, 1, 'Nanggung'),
(1049, 163, 12, 1, 'Pamijahan'),
(1050, 163, 12, 1, 'Parung'),
(1051, 163, 12, 1, 'Parung Panjang'),
(1052, 163, 12, 1, 'Ranca Bungur'),
(1053, 163, 12, 1, 'Rumpin'),
(1054, 163, 12, 1, 'Sukajaya'),
(1055, 163, 12, 1, 'Sukamakmur'),
(1056, 163, 12, 1, 'Sukaraja'),
(1057, 163, 12, 1, 'Tajurhalang'),
(1058, 163, 12, 1, 'Tamansari'),
(1059, 163, 12, 1, 'Tanjungsari'),
(1060, 163, 12, 1, 'Tenjo'),
(1061, 163, 12, 1, 'Tenjolaya'),
(1062, 180, 12, 1, 'Bogor Barat - Kota'),
(1063, 180, 12, 1, 'Bogor Selatan - Kota'),
(1064, 180, 12, 1, 'Bogor Tengah - Kota'),
(1065, 180, 12, 1, 'Bogor Timur - Kota'),
(1066, 180, 12, 1, 'Bogor Utara - Kota'),
(1067, 180, 12, 1, 'Tanah Sereal'),
(1379, 164, 12, 1, 'Banjarsari'),
(1380, 164, 12, 1, 'Baregbeg'),
(1381, 164, 12, 1, 'Ciamis'),
(1382, 164, 12, 1, 'Cidolog'),
(1383, 164, 12, 1, 'Cihaurbeuti'),
(1384, 164, 12, 1, 'Cijeungjing'),
(1385, 164, 12, 1, 'Cikoneng'),
(1386, 164, 12, 1, 'Cimaragas'),
(1387, 164, 12, 1, 'Cipaku'),
(1388, 164, 12, 1, 'Cisaga'),
(1389, 164, 12, 1, 'Jatinagara'),
(1390, 164, 12, 1, 'Kawali'),
(1391, 164, 12, 1, 'Lakbok'),
(1392, 164, 12, 1, 'Lumbung'),
(1393, 164, 12, 1, 'Pamarican'),
(1394, 164, 12, 1, 'Panawangan'),
(1395, 164, 12, 1, 'Panjalu'),
(1396, 164, 12, 1, 'Panumbangan'),
(1397, 164, 12, 1, 'Purwadadi'),
(1398, 164, 12, 1, 'Rajadesa'),
(1399, 164, 12, 1, 'Rancah'),
(1400, 164, 12, 1, 'Sadananya'),
(1401, 164, 12, 1, 'Sindangkasih'),
(1402, 164, 12, 1, 'Sukadana'),
(1403, 164, 12, 1, 'Sukamantri'),
(1404, 164, 12, 1, 'Tambaksari'),
(1405, 165, 12, 1, 'Agrabinta'),
(1406, 165, 12, 1, 'Bojongpicung'),
(1407, 165, 12, 1, 'Campaka'),
(1408, 165, 12, 1, 'Campaka Mulya'),
(1409, 165, 12, 1, 'Cianjur'),
(1410, 165, 12, 1, 'Cibeber'),
(1411, 165, 12, 1, 'Cibinong'),
(1412, 165, 12, 1, 'Cidaun'),
(1413, 165, 12, 1, 'Cijati'),
(1414, 165, 12, 1, 'Cikadu'),
(1415, 165, 12, 1, 'Cikalongkulon'),
(1416, 165, 12, 1, 'Cilaku'),
(1417, 165, 12, 1, 'Cipanas'),
(1418, 165, 12, 1, 'Ciranjang'),
(1419, 165, 12, 1, 'Cugenang'),
(1420, 165, 12, 1, 'Gekbrong'),
(1421, 165, 12, 1, 'Haurwangi'),
(1422, 165, 12, 1, 'Kadupandak'),
(1423, 165, 12, 1, 'Karangtengah'),
(1424, 165, 12, 1, 'Leles'),
(1425, 165, 12, 1, 'Mande'),
(1426, 165, 12, 1, 'Naringgul'),
(1427, 165, 12, 1, 'Pacet'),
(1428, 165, 12, 1, 'Pagelaran'),
(1429, 165, 12, 1, 'Pasirkuda'),
(1430, 165, 12, 1, 'Sindangbarang'),
(1431, 165, 12, 1, 'Sukaluyu'),
(1432, 165, 12, 1, 'Sukanagara'),
(1433, 165, 12, 1, 'Sukaresmi'),
(1434, 165, 12, 1, 'Takokak'),
(1435, 165, 12, 1, 'Tanggeung'),
(1436, 165, 12, 1, 'Warungkondang'),
(1469, 181, 12, 1, 'Cimahi Selatan'),
(1470, 181, 12, 1, 'Cimahi Tengah'),
(1471, 181, 12, 1, 'Cimahi Utara'),
(1472, 166, 12, 1, 'Arjawinangun'),
(1473, 166, 12, 1, 'Astanajapura'),
(1474, 166, 12, 1, 'Babakan'),
(1475, 166, 12, 1, 'Beber'),
(1476, 166, 12, 1, 'Ciledug'),
(1477, 166, 12, 1, 'Ciwaringin'),
(1478, 166, 12, 1, 'Depok'),
(1479, 166, 12, 1, 'Dukupuntang'),
(1480, 166, 12, 1, 'Gebang'),
(1481, 166, 12, 1, 'Gegesik'),
(1482, 166, 12, 1, 'Gempol'),
(1483, 166, 12, 1, 'Greged (Greget)'),
(1484, 166, 12, 1, 'Gunung Jati (Cirebon Utara)'),
(1485, 166, 12, 1, 'Jamblang'),
(1486, 166, 12, 1, 'Kaliwedi'),
(1487, 166, 12, 1, 'Kapetakan'),
(1488, 166, 12, 1, 'Karangsembung'),
(1489, 166, 12, 1, 'Karangwareng'),
(1490, 166, 12, 1, 'Kedawung'),
(1491, 166, 12, 1, 'Klangenan'),
(1492, 166, 12, 1, 'Lemahabang'),
(1493, 166, 12, 1, 'Losari'),
(1494, 166, 12, 1, 'Mundu'),
(1495, 166, 12, 1, 'Pabedilan'),
(1496, 166, 12, 1, 'Pabuaran'),
(1497, 166, 12, 1, 'Palimanan'),
(1498, 166, 12, 1, 'Pangenan'),
(1499, 166, 12, 1, 'Panguragan'),
(1500, 166, 12, 1, 'Pasaleman'),
(1501, 166, 12, 1, 'Plered'),
(1502, 166, 12, 1, 'Plumbon'),
(1503, 166, 12, 1, 'Sedong'),
(1504, 166, 12, 1, 'Sumber'),
(1505, 166, 12, 1, 'Suranenggala'),
(1506, 166, 12, 1, 'Susukan'),
(1507, 166, 12, 1, 'Susukan Lebak'),
(1508, 166, 12, 1, 'Talun (Cirebon Selatan)'),
(1509, 166, 12, 1, 'Tengah Tani'),
(1510, 166, 12, 1, 'Waled'),
(1511, 166, 12, 1, 'Weru'),
(1512, 182, 12, 1, 'Harjamukti'),
(1513, 182, 12, 1, 'Kejaksan'),
(1514, 182, 12, 1, 'Kesambi'),
(1515, 182, 12, 1, 'Lemahwungkuk'),
(1516, 182, 12, 1, 'Pekalipan'),
(1577, 183, 12, 1, 'Beji'),
(1578, 183, 12, 1, 'Bojongsari'),
(1579, 183, 12, 1, 'Cilodong'),
(1580, 183, 12, 1, 'Cimanggis'),
(1581, 183, 12, 1, 'Cinere'),
(1582, 183, 12, 1, 'Cipayung'),
(1583, 183, 12, 1, 'Limo'),
(1584, 183, 12, 1, 'Pancoran Mas'),
(1585, 183, 12, 1, 'Sawangan'),
(1586, 183, 12, 1, 'Sukmajaya'),
(1587, 183, 12, 1, 'Tapos'),
(1711, 167, 12, 1, 'Banjarwangi'),
(1712, 167, 12, 1, 'Banyuresmi'),
(1713, 167, 12, 1, 'Bayongbong'),
(1714, 167, 12, 1, 'Blubur Limbangan'),
(1715, 167, 12, 1, 'Bungbulang'),
(1716, 167, 12, 1, 'Caringin'),
(1717, 167, 12, 1, 'Cibalong'),
(1718, 167, 12, 1, 'Cibatu'),
(1719, 167, 12, 1, 'Cibiuk'),
(1720, 167, 12, 1, 'Cigedug'),
(1721, 167, 12, 1, 'Cihurip'),
(1722, 167, 12, 1, 'Cikajang'),
(1723, 167, 12, 1, 'Cikelet'),
(1724, 167, 12, 1, 'Cilawu'),
(1725, 167, 12, 1, 'Cisewu'),
(1726, 167, 12, 1, 'Cisompet'),
(1727, 167, 12, 1, 'Cisurupan'),
(1728, 167, 12, 1, 'Garut Kota'),
(1729, 167, 12, 1, 'Kadungora'),
(1730, 167, 12, 1, 'Karangpawitan'),
(1731, 167, 12, 1, 'Karangtengah'),
(1732, 167, 12, 1, 'Kersamanah'),
(1733, 167, 12, 1, 'Leles'),
(1734, 167, 12, 1, 'Leuwigoong'),
(1735, 167, 12, 1, 'Malangbong'),
(1736, 167, 12, 1, 'Mekarmukti'),
(1737, 167, 12, 1, 'Pakenjeng'),
(1738, 167, 12, 1, 'Pameungpeuk'),
(1739, 167, 12, 1, 'Pamulihan'),
(1740, 167, 12, 1, 'Pangatikan'),
(1741, 167, 12, 1, 'Pasirwangi'),
(1742, 167, 12, 1, 'Peundeuy'),
(1743, 167, 12, 1, 'Samarang'),
(1744, 167, 12, 1, 'Selaawi'),
(1745, 167, 12, 1, 'Singajaya'),
(1746, 167, 12, 1, 'Sucinaraja'),
(1747, 167, 12, 1, 'Sukaresmi'),
(1748, 167, 12, 1, 'Sukawening'),
(1749, 167, 12, 1, 'Talegong'),
(1750, 167, 12, 1, 'Tarogong Kaler'),
(1751, 167, 12, 1, 'Tarogong Kidul'),
(1752, 167, 12, 1, 'Wanaraja'),
(2050, 168, 12, 1, 'Anjatan'),
(2051, 168, 12, 1, 'Arahan'),
(2052, 168, 12, 1, 'Balongan'),
(2053, 168, 12, 1, 'Bangodua'),
(2054, 168, 12, 1, 'Bongas'),
(2055, 168, 12, 1, 'Cantigi'),
(2056, 168, 12, 1, 'Cikedung'),
(2057, 168, 12, 1, 'Gabuswetan'),
(2058, 168, 12, 1, 'Gantar'),
(2059, 168, 12, 1, 'Haurgeulis'),
(2060, 168, 12, 1, 'Indramayu'),
(2061, 168, 12, 1, 'Jatibarang'),
(2062, 168, 12, 1, 'Juntinyuat'),
(2063, 168, 12, 1, 'Kandanghaur'),
(2064, 168, 12, 1, 'Karangampel'),
(2065, 168, 12, 1, 'Kedokan Bunder'),
(2066, 168, 12, 1, 'Kertasemaya'),
(2067, 168, 12, 1, 'Krangkeng'),
(2068, 168, 12, 1, 'Kroya'),
(2069, 168, 12, 1, 'Lelea'),
(2070, 168, 12, 1, 'Lohbener'),
(2071, 168, 12, 1, 'Losarang'),
(2072, 168, 12, 1, 'Pasekan'),
(2073, 168, 12, 1, 'Patrol'),
(2074, 168, 12, 1, 'Sindang'),
(2075, 168, 12, 1, 'Sliyeg'),
(2076, 168, 12, 1, 'Sukagumiwang'),
(2077, 168, 12, 1, 'Sukra'),
(2078, 168, 12, 1, 'Trisi/Terisi'),
(2079, 168, 12, 1, 'Tukdana'),
(2080, 168, 12, 1, 'Widasari'),
(2378, 169, 12, 1, 'Banyusari'),
(2379, 169, 12, 1, 'Batujaya'),
(2380, 169, 12, 1, 'Ciampel'),
(2381, 169, 12, 1, 'Cibuaya'),
(2382, 169, 12, 1, 'Cikampek'),
(2383, 169, 12, 1, 'Cilamaya Kulon'),
(2384, 169, 12, 1, 'Cilamaya Wetan'),
(2385, 169, 12, 1, 'Cilebar'),
(2386, 169, 12, 1, 'Jatisari'),
(2387, 169, 12, 1, 'Jayakerta'),
(2388, 169, 12, 1, 'Karawang Barat'),
(2389, 169, 12, 1, 'Karawang Timur'),
(2390, 169, 12, 1, 'Klari'),
(2391, 169, 12, 1, 'Kotabaru'),
(2392, 169, 12, 1, 'Kutawaluya'),
(2393, 169, 12, 1, 'Lemahabang'),
(2394, 169, 12, 1, 'Majalaya'),
(2395, 169, 12, 1, 'Pakisjaya'),
(2396, 169, 12, 1, 'Pangkalan'),
(2397, 169, 12, 1, 'Pedes'),
(2398, 169, 12, 1, 'Purwasari'),
(2399, 169, 12, 1, 'Rawamerta'),
(2400, 169, 12, 1, 'Rengasdengklok'),
(2401, 169, 12, 1, 'Talagasari'),
(2402, 169, 12, 1, 'Tegalwaru'),
(2403, 169, 12, 1, 'Telukjambe Barat'),
(2404, 169, 12, 1, 'Telukjambe Timur'),
(2405, 169, 12, 1, 'Tempuran'),
(2406, 169, 12, 1, 'Tirtajaya'),
(2407, 169, 12, 1, 'Tirtamulya'),
(2942, 170, 12, 1, 'Ciawigebang'),
(2943, 170, 12, 1, 'Cibeureum'),
(2944, 170, 12, 1, 'Cibingbin'),
(2945, 170, 12, 1, 'Cidahu'),
(2946, 170, 12, 1, 'Cigandamekar'),
(2947, 170, 12, 1, 'Cigugur'),
(2948, 170, 12, 1, 'Cilebak'),
(2949, 170, 12, 1, 'Cilimus'),
(2950, 170, 12, 1, 'Cimahi'),
(2951, 170, 12, 1, 'Ciniru'),
(2952, 170, 12, 1, 'Cipicung'),
(2953, 170, 12, 1, 'Ciwaru'),
(2954, 170, 12, 1, 'Darma'),
(2955, 170, 12, 1, 'Garawangi'),
(2956, 170, 12, 1, 'Hantara'),
(2957, 170, 12, 1, 'Jalaksana'),
(2958, 170, 12, 1, 'Japara'),
(2959, 170, 12, 1, 'Kadugede'),
(2960, 170, 12, 1, 'Kalimanggis'),
(2961, 170, 12, 1, 'Karangkancana'),
(2962, 170, 12, 1, 'Kramat Mulya'),
(2963, 170, 12, 1, 'Kuningan'),
(2964, 170, 12, 1, 'Lebakwangi'),
(2965, 170, 12, 1, 'Luragung'),
(2966, 170, 12, 1, 'Maleber'),
(2967, 170, 12, 1, 'Mandirancan'),
(2968, 170, 12, 1, 'Nusaherang'),
(2969, 170, 12, 1, 'Pancalang'),
(2970, 170, 12, 1, 'Pasawahan'),
(2971, 170, 12, 1, 'Selajambe'),
(2972, 170, 12, 1, 'Sindangagung'),
(2973, 170, 12, 1, 'Subang'),
(3553, 171, 12, 1, 'Argapura'),
(3554, 171, 12, 1, 'Banjaran'),
(3555, 171, 12, 1, 'Bantarujeg'),
(3556, 171, 12, 1, 'Cigasong'),
(3557, 171, 12, 1, 'Cikijing'),
(3558, 171, 12, 1, 'Cingambul'),
(3559, 171, 12, 1, 'Dawuan'),
(3560, 171, 12, 1, 'Jatitujuh'),
(3561, 171, 12, 1, 'Jatiwangi'),
(3562, 171, 12, 1, 'Kadipaten'),
(3563, 171, 12, 1, 'Kasokandel'),
(3564, 171, 12, 1, 'Kertajati'),
(3565, 171, 12, 1, 'Lemahsugih'),
(3566, 171, 12, 1, 'Leuwimunding'),
(3567, 171, 12, 1, 'Ligung'),
(3568, 171, 12, 1, 'Maja'),
(3569, 171, 12, 1, 'Majalengka'),
(3570, 171, 12, 1, 'Malausma'),
(3571, 171, 12, 1, 'Palasah'),
(3572, 171, 12, 1, 'Panyingkiran'),
(3573, 171, 12, 1, 'Rajagaluh'),
(3574, 171, 12, 1, 'Sindang'),
(3575, 171, 12, 1, 'Sindangwangi'),
(3576, 171, 12, 1, 'Sukahaji'),
(3577, 171, 12, 1, 'Sumberjaya'),
(3578, 171, 12, 1, 'Talaga'),
(5217, 172, 12, 1, 'Babakancikao'),
(5218, 172, 12, 1, 'Bojong'),
(5219, 172, 12, 1, 'Bungursari'),
(5220, 172, 12, 1, 'Campaka'),
(5221, 172, 12, 1, 'Cibatu'),
(5222, 172, 12, 1, 'Darangdan'),
(5223, 172, 12, 1, 'Jatiluhur'),
(5224, 172, 12, 1, 'Kiarapedes'),
(5225, 172, 12, 1, 'Maniis'),
(5226, 172, 12, 1, 'Pasawahan'),
(5227, 172, 12, 1, 'Plered'),
(5228, 172, 12, 1, 'Pondoksalam'),
(5229, 172, 12, 1, 'Purwakarta'),
(5230, 172, 12, 1, 'Sukasari'),
(5231, 172, 12, 1, 'Sukatani'),
(5232, 172, 12, 1, 'Tegal Waru'),
(5233, 172, 12, 1, 'Wanayasa'),
(5883, 173, 12, 1, 'Binong'),
(5884, 173, 12, 1, 'Blanakan'),
(5885, 173, 12, 1, 'Ciasem'),
(5886, 173, 12, 1, 'Ciater'),
(5887, 173, 12, 1, 'Cibogo'),
(5888, 173, 12, 1, 'Cijambe'),
(5889, 173, 12, 1, 'Cikaum'),
(5890, 173, 12, 1, 'Cipeundeuy'),
(5891, 173, 12, 1, 'Cipunagara'),
(5892, 173, 12, 1, 'Cisalak'),
(5893, 173, 12, 1, 'Compreng'),
(5894, 173, 12, 1, 'Dawuan'),
(5895, 173, 12, 1, 'Jalancagak'),
(5896, 173, 12, 1, 'Kalijati'),
(5897, 173, 12, 1, 'Kasomalang'),
(5898, 173, 12, 1, 'Legonkulon'),
(5899, 173, 12, 1, 'Pabuaran'),
(5900, 173, 12, 1, 'Pagaden'),
(5901, 173, 12, 1, 'Pagaden Barat'),
(5902, 173, 12, 1, 'Pamanukan'),
(5903, 173, 12, 1, 'Patokbeusi'),
(5904, 173, 12, 1, 'Purwadadi'),
(5905, 173, 12, 1, 'Pusakajaya'),
(5906, 173, 12, 1, 'Pusakanagara'),
(5907, 173, 12, 1, 'Sagalaherang'),
(5908, 173, 12, 1, 'Serangpanjang'),
(5909, 173, 12, 1, 'Subang'),
(5910, 173, 12, 1, 'Sukasari'),
(5911, 173, 12, 1, 'Tambakdahan'),
(5912, 173, 12, 1, 'Tanjungsiang'),
(5918, 174, 12, 1, 'Bantargadung'),
(5919, 174, 12, 1, 'Bojong Genteng'),
(5920, 174, 12, 1, 'Caringin'),
(5921, 174, 12, 1, 'Ciambar'),
(5922, 174, 12, 1, 'Cibadak'),
(5923, 174, 12, 1, 'Cibitung'),
(5924, 174, 12, 1, 'Cicantayan'),
(5925, 174, 12, 1, 'Cicurug'),
(5926, 174, 12, 1, 'Cidadap'),
(5927, 174, 12, 1, 'Cidahu'),
(5928, 174, 12, 1, 'Cidolog'),
(5929, 174, 12, 1, 'Ciemas'),
(5930, 174, 12, 1, 'Cikakak'),
(5931, 174, 12, 1, 'Cikembar'),
(5932, 174, 12, 1, 'Cikidang'),
(5933, 174, 12, 1, 'Cimanggu'),
(5934, 174, 12, 1, 'Ciracap'),
(5935, 174, 12, 1, 'Cireunghas'),
(5936, 174, 12, 1, 'Cisaat'),
(5937, 174, 12, 1, 'Cisolok'),
(5938, 174, 12, 1, 'Curugkembar'),
(5939, 174, 12, 1, 'Geger Bitung'),
(5940, 174, 12, 1, 'Gunung Guruh'),
(5941, 174, 12, 1, 'Jampang Kulon'),
(5942, 174, 12, 1, 'Jampang Tengah'),
(5943, 174, 12, 1, 'Kabandungan'),
(5944, 174, 12, 1, 'Kadudampit'),
(5945, 174, 12, 1, 'Kalapa Nunggal'),
(5946, 174, 12, 1, 'Kali Bunder'),
(5947, 174, 12, 1, 'Kebonpedes'),
(5948, 174, 12, 1, 'Lengkong'),
(5949, 174, 12, 1, 'Nagrak'),
(5950, 174, 12, 1, 'Nyalindung'),
(5951, 174, 12, 1, 'Pabuaran'),
(5952, 174, 12, 1, 'Parakan Salak'),
(5953, 174, 12, 1, 'Parung Kuda'),
(5954, 174, 12, 1, 'Pelabuhan/Palabuhan Ratu'),
(5955, 174, 12, 1, 'Purabaya'),
(5956, 174, 12, 1, 'Sagaranten'),
(5957, 174, 12, 1, 'Simpenan'),
(5958, 174, 12, 1, 'Sukabumi'),
(5959, 174, 12, 1, 'Sukalarang'),
(5960, 174, 12, 1, 'Sukaraja'),
(5961, 174, 12, 1, 'Surade'),
(5962, 174, 12, 1, 'Tegal Buleud'),
(5963, 174, 12, 1, 'Waluran'),
(5964, 174, 12, 1, 'Warung Kiara'),
(5965, 184, 12, 1, 'Baros'),
(5966, 184, 12, 1, 'Cibeureum'),
(5967, 184, 12, 1, 'Cikole'),
(5968, 184, 12, 1, 'Citamiang'),
(5969, 184, 12, 1, 'Gunung Puyuh'),
(5970, 184, 12, 1, 'Lembursitu'),
(5971, 184, 12, 1, 'Warudoyong'),
(6065, 175, 12, 1, 'Buahdua'),
(6066, 175, 12, 1, 'Cibugel'),
(6067, 175, 12, 1, 'Cimalaka'),
(6068, 175, 12, 1, 'Cimanggung'),
(6069, 175, 12, 1, 'Cisarua'),
(6070, 175, 12, 1, 'Cisitu'),
(6071, 175, 12, 1, 'Conggeang'),
(6072, 175, 12, 1, 'Darmaraja'),
(6073, 175, 12, 1, 'Ganeas'),
(6074, 175, 12, 1, 'Jatigede'),
(6075, 175, 12, 1, 'Jatinangor'),
(6076, 175, 12, 1, 'Jatinunggal'),
(6077, 175, 12, 1, 'Pamulihan'),
(6078, 175, 12, 1, 'Paseh'),
(6079, 175, 12, 1, 'Rancakalong'),
(6080, 175, 12, 1, 'Situraja'),
(6081, 175, 12, 1, 'Sukasari'),
(6082, 175, 12, 1, 'Sumedang Selatan'),
(6083, 175, 12, 1, 'Sumedang Utara'),
(6084, 175, 12, 1, 'Surian'),
(6085, 175, 12, 1, 'Tanjungkerta'),
(6086, 175, 12, 1, 'Tanjungmedar'),
(6087, 175, 12, 1, 'Tanjungsari'),
(6088, 175, 12, 1, 'Tomo'),
(6089, 175, 12, 1, 'Ujungjaya'),
(6090, 175, 12, 1, 'Wado'),
(6436, 176, 12, 1, 'Bantarkalong'),
(6437, 176, 12, 1, 'Bojongasih'),
(6438, 176, 12, 1, 'Bojonggambir'),
(6439, 176, 12, 1, 'Ciawi'),
(6440, 176, 12, 1, 'Cibalong'),
(6441, 176, 12, 1, 'Cigalontang'),
(6442, 176, 12, 1, 'Cikalong'),
(6443, 176, 12, 1, 'Cikatomas'),
(6444, 176, 12, 1, 'Cineam'),
(6445, 176, 12, 1, 'Cipatujah'),
(6446, 176, 12, 1, 'Cisayong'),
(6447, 176, 12, 1, 'Culamega'),
(6448, 176, 12, 1, 'Gunung Tanjung'),
(6449, 176, 12, 1, 'Jamanis'),
(6450, 176, 12, 1, 'Jatiwaras'),
(6451, 176, 12, 1, 'Kadipaten'),
(6452, 176, 12, 1, 'Karang Jaya'),
(6453, 176, 12, 1, 'Karangnunggal'),
(6454, 176, 12, 1, 'Leuwisari'),
(6455, 176, 12, 1, 'Mangunreja'),
(6456, 176, 12, 1, 'Manonjaya'),
(6457, 176, 12, 1, 'Padakembang'),
(6458, 176, 12, 1, 'Pagerageung'),
(6459, 176, 12, 1, 'Pancatengah'),
(6460, 176, 12, 1, 'Parungponteng'),
(6461, 176, 12, 1, 'Puspahiang'),
(6462, 176, 12, 1, 'Rajapolah'),
(6463, 176, 12, 1, 'Salawu'),
(6464, 176, 12, 1, 'Salopa'),
(6465, 176, 12, 1, 'Sariwangi'),
(6466, 176, 12, 1, 'Singaparna'),
(6467, 176, 12, 1, 'Sodonghilir'),
(6468, 176, 12, 1, 'Sukahening'),
(6469, 176, 12, 1, 'Sukaraja'),
(6470, 176, 12, 1, 'Sukarame'),
(6471, 176, 12, 1, 'Sukaratu'),
(6472, 176, 12, 1, 'Sukaresik'),
(6473, 176, 12, 1, 'Tanjungjaya'),
(6474, 176, 12, 1, 'Taraju'),
(6475, 185, 12, 1, 'Bungursari'),
(6476, 185, 12, 1, 'Cibeureum'),
(6477, 185, 12, 1, 'Cihideung'),
(6478, 185, 12, 1, 'Cipedes'),
(6479, 185, 12, 1, 'Indihiang'),
(6480, 185, 12, 1, 'Kawalu'),
(6481, 185, 12, 1, 'Mangkubumi'),
(6482, 185, 12, 1, 'Purbaratu'),
(6483, 185, 12, 1, 'Tamansari'),
(6484, 185, 12, 1, 'Tawang'),
(509, 192, 13, 1, 'Banjarmangu'),
(510, 192, 13, 1, 'Banjarnegara'),
(511, 192, 13, 1, 'Batur'),
(512, 192, 13, 1, 'Bawang'),
(513, 192, 13, 1, 'Kalibening'),
(514, 192, 13, 1, 'Karangkobar'),
(515, 192, 13, 1, 'Madukara'),
(516, 192, 13, 1, 'Mandiraja'),
(517, 192, 13, 1, 'Pagedongan'),
(518, 192, 13, 1, 'Pagentan'),
(519, 192, 13, 1, 'Pandanarum'),
(520, 192, 13, 1, 'Pejawaran'),
(521, 192, 13, 1, 'Punggelan'),
(522, 192, 13, 1, 'Purwonegoro'),
(523, 192, 13, 1, 'Purworejo Klampok'),
(524, 192, 13, 1, 'Rakit'),
(525, 192, 13, 1, 'Sigaluh'),
(526, 192, 13, 1, 'Susukan'),
(527, 192, 13, 1, 'Wanadadi (Wonodadi)'),
(528, 192, 13, 1, 'Wanayasa'),
(573, 193, 13, 1, 'Ajibarang'),
(574, 193, 13, 1, 'Banyumas'),
(575, 193, 13, 1, 'Baturaden'),
(576, 193, 13, 1, 'Cilongok'),
(577, 193, 13, 1, 'Gumelar'),
(578, 193, 13, 1, 'Jatilawang'),
(579, 193, 13, 1, 'Kalibagor'),
(580, 193, 13, 1, 'Karanglewas'),
(581, 193, 13, 1, 'Kebasen'),
(582, 193, 13, 1, 'Kedung Banteng'),
(583, 193, 13, 1, 'Kembaran'),
(584, 193, 13, 1, 'Kemranjen'),
(585, 193, 13, 1, 'Lumbir'),
(586, 193, 13, 1, 'Patikraja'),
(587, 193, 13, 1, 'Pekuncen'),
(588, 193, 13, 1, 'Purwojati'),
(589, 193, 13, 1, 'Purwokerto Barat'),
(590, 193, 13, 1, 'Purwokerto Selatan'),
(591, 193, 13, 1, 'Purwokerto Timur'),
(592, 193, 13, 1, 'Purwokerto Utara'),
(593, 193, 13, 1, 'Rawalo'),
(594, 193, 13, 1, 'Sokaraja'),
(595, 193, 13, 1, 'Somagede'),
(596, 193, 13, 1, 'Sumbang'),
(597, 193, 13, 1, 'Sumpiuh'),
(598, 193, 13, 1, 'Tambak'),
(599, 193, 13, 1, 'Wangon'),
(999, 195, 13, 1, 'Banjarejo'),
(1000, 195, 13, 1, 'Blora kota'),
(1001, 195, 13, 1, 'Bogorejo'),
(1002, 195, 13, 1, 'Cepu'),
(1003, 195, 13, 1, 'Japah'),
(1004, 195, 13, 1, 'Jati'),
(1005, 195, 13, 1, 'Jepon'),
(1006, 195, 13, 1, 'Jiken'),
(1007, 195, 13, 1, 'Kedungtuban'),
(1008, 195, 13, 1, 'Kradenan'),
(1009, 195, 13, 1, 'Kunduran'),
(1010, 195, 13, 1, 'Ngawen'),
(1011, 195, 13, 1, 'Randublatung'),
(1012, 195, 13, 1, 'Sambong'),
(1013, 195, 13, 1, 'Todanan'),
(1014, 195, 13, 1, 'Tunjungan'),
(1240, 196, 13, 1, 'Ampel'),
(1241, 196, 13, 1, 'Andong'),
(1242, 196, 13, 1, 'Banyudono'),
(1243, 196, 13, 1, 'Boyolali'),
(1244, 196, 13, 1, 'Cepogo'),
(1245, 196, 13, 1, 'Juwangi'),
(1246, 196, 13, 1, 'Karanggede'),
(1247, 196, 13, 1, 'Kemusu'),
(1248, 196, 13, 1, 'Klego'),
(1249, 196, 13, 1, 'Mojosongo'),
(1250, 196, 13, 1, 'Musuk'),
(1251, 196, 13, 1, 'Ngemplak'),
(1252, 196, 13, 1, 'Nogosari'),
(1253, 196, 13, 1, 'Sambi'),
(1254, 196, 13, 1, 'Sawit'),
(1255, 196, 13, 1, 'Selo'),
(1256, 196, 13, 1, 'Simo'),
(1257, 196, 13, 1, 'Teras'),
(1258, 196, 13, 1, 'Wonosegoro'),
(1259, 197, 13, 1, 'Banjarharjo'),
(1260, 197, 13, 1, 'Bantarkawung'),
(1261, 197, 13, 1, 'Brebes'),
(1262, 197, 13, 1, 'Bulakamba'),
(1263, 197, 13, 1, 'Bumiayu'),
(1264, 197, 13, 1, 'Jatibarang'),
(1265, 197, 13, 1, 'Kersana'),
(1266, 197, 13, 1, 'Ketanggungan'),
(1267, 197, 13, 1, 'Larangan'),
(1268, 197, 13, 1, 'Losari'),
(1269, 197, 13, 1, 'Paguyangan'),
(1270, 197, 13, 1, 'Salem'),
(1271, 197, 13, 1, 'Sirampog'),
(1272, 197, 13, 1, 'Songgom'),
(1273, 197, 13, 1, 'Tanjung'),
(1274, 197, 13, 1, 'Tonjong'),
(1275, 197, 13, 1, 'Wanasari'),
(1437, 198, 13, 1, 'Adipala'),
(1438, 198, 13, 1, 'Bantarsari'),
(1439, 198, 13, 1, 'Binangun'),
(1440, 198, 13, 1, 'Cilacap Selatan'),
(1441, 198, 13, 1, 'Cilacap Tengah'),
(1442, 198, 13, 1, 'Cilacap Utara'),
(1443, 198, 13, 1, 'Cimanggu'),
(1444, 198, 13, 1, 'Cipari'),
(1445, 198, 13, 1, 'Dayeuhluhur'),
(1446, 198, 13, 1, 'Gandrungmangu'),
(1447, 198, 13, 1, 'Jeruklegi'),
(1448, 198, 13, 1, 'Kampung Laut'),
(1449, 198, 13, 1, 'Karangpucung'),
(1450, 198, 13, 1, 'Kawunganten'),
(1451, 198, 13, 1, 'Kedungreja'),
(1452, 198, 13, 1, 'Kesugihan'),
(1453, 198, 13, 1, 'Kroya'),
(1454, 198, 13, 1, 'Majenang'),
(1455, 198, 13, 1, 'Maos'),
(1456, 198, 13, 1, 'Nusawungu'),
(1457, 198, 13, 1, 'Patimuan'),
(1458, 198, 13, 1, 'Sampang'),
(1459, 198, 13, 1, 'Sidareja'),
(1460, 198, 13, 1, 'Wanareja'),
(1559, 199, 13, 1, 'Bonang'),
(1560, 199, 13, 1, 'Demak'),
(1561, 199, 13, 1, 'Dempet'),
(1562, 199, 13, 1, 'Gajah'),
(1563, 199, 13, 1, 'Guntur'),
(1564, 199, 13, 1, 'Karang Tengah'),
(1565, 199, 13, 1, 'Karanganyar'),
(1566, 199, 13, 1, 'Karangawen'),
(1567, 199, 13, 1, 'Kebonagung'),
(1568, 199, 13, 1, 'Mijen'),
(1569, 199, 13, 1, 'Mranggen'),
(1570, 199, 13, 1, 'Sayung'),
(1571, 199, 13, 1, 'Wedung'),
(1572, 199, 13, 1, 'Wonosalam'),
(1846, 200, 13, 1, 'Brati'),
(1847, 200, 13, 1, 'Gabus'),
(1848, 200, 13, 1, 'Geyer'),
(1849, 200, 13, 1, 'Godong'),
(1850, 200, 13, 1, 'Grobogan'),
(1851, 200, 13, 1, 'Gubug'),
(1852, 200, 13, 1, 'Karangrayung'),
(1853, 200, 13, 1, 'Kedungjati'),
(1854, 200, 13, 1, 'Klambu'),
(1855, 200, 13, 1, 'Kradenan'),
(1856, 200, 13, 1, 'Ngaringan'),
(1857, 200, 13, 1, 'Penawangan'),
(1858, 200, 13, 1, 'Pulokulon'),
(1859, 200, 13, 1, 'Purwodadi'),
(1860, 200, 13, 1, 'Tanggungharjo'),
(1861, 200, 13, 1, 'Tawangharjo'),
(1862, 200, 13, 1, 'Tegowanu'),
(1863, 200, 13, 1, 'Toroh'),
(1864, 200, 13, 1, 'Wirosari'),
(2248, 201, 13, 1, 'Bangsri'),
(2249, 201, 13, 1, 'Batealit'),
(2250, 201, 13, 1, 'Donorojo'),
(2251, 201, 13, 1, 'Jepara'),
(2252, 201, 13, 1, 'Kalinyamatan'),
(2253, 201, 13, 1, 'Karimunjawa'),
(2254, 201, 13, 1, 'Kedung'),
(2255, 201, 13, 1, 'Keling'),
(2256, 201, 13, 1, 'Kembang'),
(2257, 201, 13, 1, 'Mayong'),
(2258, 201, 13, 1, 'Mlonggo'),
(2259, 201, 13, 1, 'Nalumsari'),
(2260, 201, 13, 1, 'Pakis Aji'),
(2261, 201, 13, 1, 'Pecangaan'),
(2262, 201, 13, 1, 'Tahunan'),
(2263, 201, 13, 1, 'Welahan'),
(2353, 202, 13, 1, 'Colomadu'),
(2354, 202, 13, 1, 'Gondangrejo'),
(2355, 202, 13, 1, 'Jaten'),
(2356, 202, 13, 1, 'Jatipuro'),
(2357, 202, 13, 1, 'Jatiyoso'),
(2358, 202, 13, 1, 'Jenawi'),
(2359, 202, 13, 1, 'Jumantono'),
(2360, 202, 13, 1, 'Jumapolo'),
(2361, 202, 13, 1, 'Karanganyar'),
(2362, 202, 13, 1, 'Karangpandan'),
(2363, 202, 13, 1, 'Kebakkramat'),
(2364, 202, 13, 1, 'Kerjo'),
(2365, 202, 13, 1, 'Matesih'),
(2366, 202, 13, 1, 'Mojogedang'),
(2367, 202, 13, 1, 'Ngargoyoso'),
(2368, 202, 13, 1, 'Tasikmadu'),
(2369, 202, 13, 1, 'Tawangmangu'),
(2471, 203, 13, 1, 'Adimulyo'),
(2472, 203, 13, 1, 'Alian/Aliyan'),
(2473, 203, 13, 1, 'Ambal'),
(2474, 203, 13, 1, 'Ayah'),
(2475, 203, 13, 1, 'Bonorowo'),
(2476, 203, 13, 1, 'Buayan'),
(2477, 203, 13, 1, 'Buluspesantren'),
(2478, 203, 13, 1, 'Gombong'),
(2479, 203, 13, 1, 'Karanganyar'),
(2480, 203, 13, 1, 'Karanggayam'),
(2481, 203, 13, 1, 'Karangsambung'),
(2482, 203, 13, 1, 'Kebumen'),
(2483, 203, 13, 1, 'Klirong'),
(2484, 203, 13, 1, 'Kutowinangun'),
(2485, 203, 13, 1, 'Kuwarasan'),
(2486, 203, 13, 1, 'Mirit'),
(2487, 203, 13, 1, 'Padureso'),
(2488, 203, 13, 1, 'Pejagoan'),
(2489, 203, 13, 1, 'Petanahan'),
(2490, 203, 13, 1, 'Poncowarno'),
(2491, 203, 13, 1, 'Prembun'),
(2492, 203, 13, 1, 'Puring'),
(2493, 203, 13, 1, 'Rowokele'),
(2494, 203, 13, 1, 'Sadang'),
(2495, 203, 13, 1, 'Sempor'),
(2496, 203, 13, 1, 'Sruweng'),
(2533, 204, 13, 1, 'Boja'),
(2534, 204, 13, 1, 'Brangsong'),
(2535, 204, 13, 1, 'Cepiring'),
(2536, 204, 13, 1, 'Gemuh'),
(2537, 204, 13, 1, 'Kaliwungu'),
(2538, 204, 13, 1, 'Kaliwungu Selatan'),
(2539, 204, 13, 1, 'Kangkung'),
(2540, 204, 13, 1, 'Kendal'),
(2541, 204, 13, 1, 'Limbangan'),
(2542, 204, 13, 1, 'Ngampel'),
(2543, 204, 13, 1, 'Pagerruyung'),
(2544, 204, 13, 1, 'Patean'),
(2545, 204, 13, 1, 'Patebon'),
(2546, 204, 13, 1, 'Pegandon'),
(2547, 204, 13, 1, 'Plantungan'),
(2548, 204, 13, 1, 'Ringinarum'),
(2549, 204, 13, 1, 'Rowosari'),
(2550, 204, 13, 1, 'Singorojo'),
(2551, 204, 13, 1, 'Sukorejo'),
(2552, 204, 13, 1, 'Weleri'),
(2722, 205, 13, 1, 'Bayat'),
(2723, 205, 13, 1, 'Cawas'),
(2724, 205, 13, 1, 'Ceper'),
(2725, 205, 13, 1, 'Delanggu'),
(2726, 205, 13, 1, 'Gantiwarno'),
(2727, 205, 13, 1, 'Jatinom'),
(2728, 205, 13, 1, 'Jogonalan'),
(2729, 205, 13, 1, 'Juwiring'),
(2730, 205, 13, 1, 'Kalikotes'),
(2731, 205, 13, 1, 'Karanganom'),
(2732, 205, 13, 1, 'Karangdowo'),
(2733, 205, 13, 1, 'Karangnongko'),
(2734, 205, 13, 1, 'Kebonarum'),
(2735, 205, 13, 1, 'Kemalang'),
(2736, 205, 13, 1, 'Klaten Selatan'),
(2737, 205, 13, 1, 'Klaten Tengah'),
(2738, 205, 13, 1, 'Klaten Utara'),
(2739, 205, 13, 1, 'Manisrenggo'),
(2740, 205, 13, 1, 'Ngawen'),
(2741, 205, 13, 1, 'Pedan'),
(2742, 205, 13, 1, 'Polanharjo'),
(2743, 205, 13, 1, 'Prambanan'),
(2744, 205, 13, 1, 'Trucuk'),
(2745, 205, 13, 1, 'Tulung'),
(2746, 205, 13, 1, 'Wedi'),
(2747, 205, 13, 1, 'Wonosari'),
(2921, 206, 13, 1, 'Bae'),
(2922, 206, 13, 1, 'Dawe'),
(2923, 206, 13, 1, 'Gebog'),
(2924, 206, 13, 1, 'Jati'),
(2925, 206, 13, 1, 'Jekulo'),
(2926, 206, 13, 1, 'Kaliwungu'),
(2927, 206, 13, 1, 'Kudus Kota'),
(2928, 206, 13, 1, 'Mejobo'),
(2929, 206, 13, 1, 'Undaan'),
(3511, 207, 13, 1, 'Bandongan'),
(3512, 207, 13, 1, 'Borobudur'),
(3513, 207, 13, 1, 'Candimulyo'),
(3514, 207, 13, 1, 'Dukun'),
(3515, 207, 13, 1, 'Grabag'),
(3516, 207, 13, 1, 'Kajoran'),
(3517, 207, 13, 1, 'Kaliangkrik'),
(3518, 207, 13, 1, 'Mertoyudan'),
(3519, 207, 13, 1, 'Mungkid'),
(3520, 207, 13, 1, 'Muntilan'),
(3521, 207, 13, 1, 'Ngablak'),
(3522, 207, 13, 1, 'Ngluwar'),
(3523, 207, 13, 1, 'Pakis');
INSERT INTO `tb_subdistrict` (`SUBD_ID`, `CITY_ID`, `STATE_ID`, `CNTR_ID`, `SUBD_NAME`) VALUES
(3524, 207, 13, 1, 'Salam'),
(3525, 207, 13, 1, 'Salaman'),
(3526, 207, 13, 1, 'Sawangan'),
(3527, 207, 13, 1, 'Secang'),
(3528, 207, 13, 1, 'Srumbung'),
(3529, 207, 13, 1, 'Tegalrejo'),
(3530, 207, 13, 1, 'Tempuran'),
(3531, 207, 13, 1, 'Windusari'),
(3532, 221, 13, 1, 'Magelang Selatan'),
(3533, 221, 13, 1, 'Magelang Tengah'),
(3534, 221, 13, 1, 'Magelang Utara'),
(4821, 208, 13, 1, 'Batangan'),
(4822, 208, 13, 1, 'Cluwak'),
(4823, 208, 13, 1, 'Dukuhseti'),
(4824, 208, 13, 1, 'Gabus'),
(4825, 208, 13, 1, 'Gembong'),
(4826, 208, 13, 1, 'Gunungwungkal'),
(4827, 208, 13, 1, 'Jaken'),
(4828, 208, 13, 1, 'Jakenan'),
(4829, 208, 13, 1, 'Juwana'),
(4830, 208, 13, 1, 'Kayen'),
(4831, 208, 13, 1, 'Margorejo'),
(4832, 208, 13, 1, 'Margoyoso'),
(4833, 208, 13, 1, 'Pati'),
(4834, 208, 13, 1, 'Pucakwangi'),
(4835, 208, 13, 1, 'Sukolilo'),
(4836, 208, 13, 1, 'Tambakromo'),
(4837, 208, 13, 1, 'Tayu'),
(4838, 208, 13, 1, 'Tlogowungu'),
(4839, 208, 13, 1, 'Trangkil'),
(4840, 208, 13, 1, 'Wedarijaksa'),
(4841, 208, 13, 1, 'Winong'),
(4891, 209, 13, 1, 'Bojong'),
(4892, 209, 13, 1, 'Buaran'),
(4893, 209, 13, 1, 'Doro'),
(4894, 209, 13, 1, 'Kajen'),
(4895, 209, 13, 1, 'Kandangserang'),
(4896, 209, 13, 1, 'Karanganyar'),
(4897, 209, 13, 1, 'Karangdadap'),
(4898, 209, 13, 1, 'Kedungwuni'),
(4899, 209, 13, 1, 'Kesesi'),
(4900, 209, 13, 1, 'Lebakbarang'),
(4901, 209, 13, 1, 'Paninggaran'),
(4902, 209, 13, 1, 'Petungkriono/Petungkriyono'),
(4903, 209, 13, 1, 'Siwalan'),
(4904, 209, 13, 1, 'Sragi'),
(4905, 209, 13, 1, 'Talun'),
(4906, 209, 13, 1, 'Tirto'),
(4907, 209, 13, 1, 'Wiradesa'),
(4908, 209, 13, 1, 'Wonokerto'),
(4909, 209, 13, 1, 'Wonopringgo'),
(4910, 222, 13, 1, 'Pekalongan Barat'),
(4911, 222, 13, 1, 'Pekalongan Selatan'),
(4912, 222, 13, 1, 'Pekalongan Timur'),
(4913, 222, 13, 1, 'Pekalongan Utara'),
(4938, 210, 13, 1, 'Ampelgading'),
(4939, 210, 13, 1, 'Bantarbolang'),
(4940, 210, 13, 1, 'Belik'),
(4941, 210, 13, 1, 'Bodeh'),
(4942, 210, 13, 1, 'Comal'),
(4943, 210, 13, 1, 'Moga'),
(4944, 210, 13, 1, 'Pemalang'),
(4945, 210, 13, 1, 'Petarukan'),
(4946, 210, 13, 1, 'Pulosari'),
(4947, 210, 13, 1, 'Randudongkal'),
(4948, 210, 13, 1, 'Taman'),
(4949, 210, 13, 1, 'Ulujami'),
(4950, 210, 13, 1, 'Warungpring'),
(4951, 210, 13, 1, 'Watukumpul'),
(5199, 211, 13, 1, 'Bobotsari'),
(5200, 211, 13, 1, 'Bojongsari'),
(5201, 211, 13, 1, 'Bukateja'),
(5202, 211, 13, 1, 'Kaligondang'),
(5203, 211, 13, 1, 'Kalimanah'),
(5204, 211, 13, 1, 'Karanganyar'),
(5205, 211, 13, 1, 'Karangjambu'),
(5206, 211, 13, 1, 'Karangmoncol'),
(5207, 211, 13, 1, 'Karangreja'),
(5208, 211, 13, 1, 'Kejobong'),
(5209, 211, 13, 1, 'Kemangkon'),
(5210, 211, 13, 1, 'Kertanegara'),
(5211, 211, 13, 1, 'Kutasari'),
(5212, 211, 13, 1, 'Mrebet'),
(5213, 211, 13, 1, 'Padamara'),
(5214, 211, 13, 1, 'Pengadegan'),
(5215, 211, 13, 1, 'Purbalingga'),
(5216, 211, 13, 1, 'Rembang'),
(5234, 212, 13, 1, 'Bagelen'),
(5235, 212, 13, 1, 'Banyuurip'),
(5236, 212, 13, 1, 'Bayan'),
(5237, 212, 13, 1, 'Bener'),
(5238, 212, 13, 1, 'Bruno'),
(5239, 212, 13, 1, 'Butuh'),
(5240, 212, 13, 1, 'Gebang'),
(5241, 212, 13, 1, 'Grabag'),
(5242, 212, 13, 1, 'Kaligesing'),
(5243, 212, 13, 1, 'Kemiri'),
(5244, 212, 13, 1, 'Kutoarjo'),
(5245, 212, 13, 1, 'Loano'),
(5246, 212, 13, 1, 'Ngombol'),
(5247, 212, 13, 1, 'Pituruh'),
(5248, 212, 13, 1, 'Purwodadi'),
(5249, 212, 13, 1, 'Purworejo'),
(5289, 213, 13, 1, 'Bulu'),
(5290, 213, 13, 1, 'Gunem'),
(5291, 213, 13, 1, 'Kaliori'),
(5292, 213, 13, 1, 'Kragan'),
(5293, 213, 13, 1, 'Lasem'),
(5294, 213, 13, 1, 'Pamotan'),
(5295, 213, 13, 1, 'Pancur'),
(5296, 213, 13, 1, 'Rembang'),
(5297, 213, 13, 1, 'Sale'),
(5298, 213, 13, 1, 'Sarang'),
(5299, 213, 13, 1, 'Sedan'),
(5300, 213, 13, 1, 'Sluke'),
(5301, 213, 13, 1, 'Sulang'),
(5302, 213, 13, 1, 'Sumber'),
(5352, 223, 13, 1, 'Argomulyo'),
(5353, 223, 13, 1, 'Sidomukti'),
(5354, 223, 13, 1, 'Sidorejo'),
(5355, 223, 13, 1, 'Tingkir'),
(5479, 214, 13, 1, 'Ambarawa'),
(5480, 214, 13, 1, 'Bancak'),
(5481, 214, 13, 1, 'Bandungan'),
(5482, 214, 13, 1, 'Banyubiru'),
(5483, 214, 13, 1, 'Bawen'),
(5484, 214, 13, 1, 'Bergas'),
(5485, 214, 13, 1, 'Bringin'),
(5486, 214, 13, 1, 'Getasan'),
(5487, 214, 13, 1, 'Jambu'),
(5488, 214, 13, 1, 'Kaliwungu'),
(5489, 214, 13, 1, 'Pabelan'),
(5490, 214, 13, 1, 'Pringapus'),
(5491, 214, 13, 1, 'Sumowono'),
(5492, 214, 13, 1, 'Suruh'),
(5493, 214, 13, 1, 'Susukan'),
(5494, 214, 13, 1, 'Tengaran'),
(5495, 214, 13, 1, 'Tuntang'),
(5496, 214, 13, 1, 'Ungaran Barat'),
(5497, 214, 13, 1, 'Ungaran Timur'),
(5498, 224, 13, 1, 'Banyumanik'),
(5499, 224, 13, 1, 'Candisari'),
(5500, 224, 13, 1, 'Gajah Mungkur'),
(5501, 224, 13, 1, 'Gayamsari'),
(5502, 224, 13, 1, 'Genuk'),
(5503, 224, 13, 1, 'Gunungpati'),
(5504, 224, 13, 1, 'Mijen'),
(5505, 224, 13, 1, 'Ngaliyan'),
(5506, 224, 13, 1, 'Pedurungan'),
(5507, 224, 13, 1, 'Semarang Barat'),
(5508, 224, 13, 1, 'Semarang Selatan'),
(5509, 224, 13, 1, 'Semarang Tengah'),
(5510, 224, 13, 1, 'Semarang Timur'),
(5511, 224, 13, 1, 'Semarang Utara'),
(5512, 224, 13, 1, 'Tembalang'),
(5513, 224, 13, 1, 'Tugu'),
(5863, 215, 13, 1, 'Gemolong'),
(5864, 215, 13, 1, 'Gesi'),
(5865, 215, 13, 1, 'Gondang'),
(5866, 215, 13, 1, 'Jenar'),
(5867, 215, 13, 1, 'Kalijambe'),
(5868, 215, 13, 1, 'Karangmalang'),
(5869, 215, 13, 1, 'Kedawung'),
(5870, 215, 13, 1, 'Masaran'),
(5871, 215, 13, 1, 'Miri'),
(5872, 215, 13, 1, 'Mondokan'),
(5873, 215, 13, 1, 'Ngrampal'),
(5874, 215, 13, 1, 'Plupuh'),
(5875, 215, 13, 1, 'Sambirejo'),
(5876, 215, 13, 1, 'Sambung Macan'),
(5877, 215, 13, 1, 'Sidoharjo'),
(5878, 215, 13, 1, 'Sragen'),
(5879, 215, 13, 1, 'Sukodono'),
(5880, 215, 13, 1, 'Sumberlawang'),
(5881, 215, 13, 1, 'Tangen'),
(5882, 215, 13, 1, 'Tanon'),
(5977, 216, 13, 1, 'Baki'),
(5978, 216, 13, 1, 'Bendosari'),
(5979, 216, 13, 1, 'Bulu'),
(5980, 216, 13, 1, 'Gatak'),
(5981, 216, 13, 1, 'Grogol'),
(5982, 216, 13, 1, 'Kartasura'),
(5983, 216, 13, 1, 'Mojolaban'),
(5984, 216, 13, 1, 'Nguter'),
(5985, 216, 13, 1, 'Polokarto'),
(5986, 216, 13, 1, 'Sukoharjo'),
(5987, 216, 13, 1, 'Tawangsari'),
(5988, 216, 13, 1, 'Weru'),
(6162, 225, 13, 1, 'Banjarsari'),
(6163, 225, 13, 1, 'Jebres'),
(6164, 225, 13, 1, 'Laweyan'),
(6165, 225, 13, 1, 'Pasar Kliwon'),
(6166, 225, 13, 1, 'Serengan'),
(6502, 217, 13, 1, 'Adiwerna'),
(6503, 217, 13, 1, 'Balapulang'),
(6504, 217, 13, 1, 'Bojong'),
(6505, 217, 13, 1, 'Bumijawa'),
(6506, 217, 13, 1, 'Dukuhturi'),
(6507, 217, 13, 1, 'Dukuhwaru'),
(6508, 217, 13, 1, 'Jatinegara'),
(6509, 217, 13, 1, 'Kedung Banteng'),
(6510, 217, 13, 1, 'Kramat'),
(6511, 217, 13, 1, 'Lebaksiu'),
(6512, 217, 13, 1, 'Margasari'),
(6513, 217, 13, 1, 'Pagerbarang'),
(6514, 217, 13, 1, 'Pangkah'),
(6515, 217, 13, 1, 'Slawi'),
(6516, 217, 13, 1, 'Surodadi'),
(6517, 217, 13, 1, 'Talang'),
(6518, 217, 13, 1, 'Tarub'),
(6519, 217, 13, 1, 'Warurejo'),
(6520, 226, 13, 1, 'Margadana'),
(6521, 226, 13, 1, 'Tegal Barat'),
(6522, 226, 13, 1, 'Tegal Selatan'),
(6523, 226, 13, 1, 'Tegal Timur'),
(6561, 218, 13, 1, 'Bansari'),
(6562, 218, 13, 1, 'Bejen'),
(6563, 218, 13, 1, 'Bulu'),
(6564, 218, 13, 1, 'Candiroto'),
(6565, 218, 13, 1, 'Gemawang'),
(6566, 218, 13, 1, 'Jumo'),
(6567, 218, 13, 1, 'Kaloran'),
(6568, 218, 13, 1, 'Kandangan'),
(6569, 218, 13, 1, 'Kedu'),
(6570, 218, 13, 1, 'Kledung'),
(6571, 218, 13, 1, 'Kranggan'),
(6572, 218, 13, 1, 'Ngadirejo'),
(6573, 218, 13, 1, 'Parakan'),
(6574, 218, 13, 1, 'Pringsurat'),
(6575, 218, 13, 1, 'Selopampang'),
(6576, 218, 13, 1, 'Temanggung'),
(6577, 218, 13, 1, 'Tembarak'),
(6578, 218, 13, 1, 'Tlogomulyo'),
(6579, 218, 13, 1, 'Tretep'),
(6580, 218, 13, 1, 'Wonoboyo'),
(6885, 219, 13, 1, 'Baturetno'),
(6886, 219, 13, 1, 'Batuwarno'),
(6887, 219, 13, 1, 'Bulukerto'),
(6888, 219, 13, 1, 'Eromoko'),
(6889, 219, 13, 1, 'Girimarto'),
(6890, 219, 13, 1, 'Giritontro'),
(6891, 219, 13, 1, 'Giriwoyo'),
(6892, 219, 13, 1, 'Jatipurno'),
(6893, 219, 13, 1, 'Jatiroto'),
(6894, 219, 13, 1, 'Jatisrono'),
(6895, 219, 13, 1, 'Karangtengah'),
(6896, 219, 13, 1, 'Kismantoro'),
(6897, 219, 13, 1, 'Manyaran'),
(6898, 219, 13, 1, 'Ngadirojo'),
(6899, 219, 13, 1, 'Nguntoronadi'),
(6900, 219, 13, 1, 'Paranggupito'),
(6901, 219, 13, 1, 'Pracimantoro'),
(6902, 219, 13, 1, 'Puhpelem'),
(6903, 219, 13, 1, 'Purwantoro'),
(6904, 219, 13, 1, 'Selogiri'),
(6905, 219, 13, 1, 'Sidoharjo'),
(6906, 219, 13, 1, 'Slogohimo'),
(6907, 219, 13, 1, 'Tirtomoyo'),
(6908, 219, 13, 1, 'Wonogiri'),
(6909, 219, 13, 1, 'Wuryantoro'),
(6910, 220, 13, 1, 'Garung'),
(6911, 220, 13, 1, 'Kalibawang'),
(6912, 220, 13, 1, 'Kalikajar'),
(6913, 220, 13, 1, 'Kaliwiro'),
(6914, 220, 13, 1, 'Kejajar'),
(6915, 220, 13, 1, 'Kepil'),
(6916, 220, 13, 1, 'Kertek'),
(6917, 220, 13, 1, 'Leksono'),
(6918, 220, 13, 1, 'Mojotengah'),
(6919, 220, 13, 1, 'Sapuran'),
(6920, 220, 13, 1, 'Selomerto'),
(6921, 220, 13, 1, 'Sukoharjo'),
(6922, 220, 13, 1, 'Wadaslintang'),
(6923, 220, 13, 1, 'Watumalang'),
(6924, 220, 13, 1, 'Wonosobo'),
(454, 227, 15, 1, 'Arosbaya'),
(455, 227, 15, 1, 'Bangkalan'),
(456, 227, 15, 1, 'Blega'),
(457, 227, 15, 1, 'Burneh'),
(458, 227, 15, 1, 'Galis'),
(459, 227, 15, 1, 'Geger'),
(460, 227, 15, 1, 'Kamal'),
(461, 227, 15, 1, 'Klampis'),
(462, 227, 15, 1, 'Kokop'),
(463, 227, 15, 1, 'Konang'),
(464, 227, 15, 1, 'Kwanyar'),
(465, 227, 15, 1, 'Labang'),
(466, 227, 15, 1, 'Modung'),
(467, 227, 15, 1, 'Sepulu'),
(468, 227, 15, 1, 'Socah'),
(469, 227, 15, 1, 'Tanah Merah'),
(470, 227, 15, 1, 'Tanjungbumi'),
(471, 227, 15, 1, 'Tragah'),
(600, 228, 15, 1, 'Bangorejo'),
(601, 228, 15, 1, 'Banyuwangi'),
(602, 228, 15, 1, 'Cluring'),
(603, 228, 15, 1, 'Gambiran'),
(604, 228, 15, 1, 'Genteng'),
(605, 228, 15, 1, 'Giri'),
(606, 228, 15, 1, 'Glagah'),
(607, 228, 15, 1, 'Glenmore'),
(608, 228, 15, 1, 'Kabat'),
(609, 228, 15, 1, 'Kalibaru'),
(610, 228, 15, 1, 'Kalipuro'),
(611, 228, 15, 1, 'Licin'),
(612, 228, 15, 1, 'Muncar'),
(613, 228, 15, 1, 'Pesanggaran'),
(614, 228, 15, 1, 'Purwoharjo'),
(615, 228, 15, 1, 'Rogojampi'),
(616, 228, 15, 1, 'Sempu'),
(617, 228, 15, 1, 'Siliragung'),
(618, 228, 15, 1, 'Singojuruh'),
(619, 228, 15, 1, 'Songgon'),
(620, 228, 15, 1, 'Srono'),
(621, 228, 15, 1, 'Tegaldlimo'),
(622, 228, 15, 1, 'Tegalsari'),
(623, 228, 15, 1, 'Wongsorejo'),
(708, 256, 15, 1, 'Batu'),
(709, 256, 15, 1, 'Bumiaji'),
(710, 256, 15, 1, 'Junrejo'),
(974, 229, 15, 1, 'Bakung'),
(975, 229, 15, 1, 'Binangun'),
(976, 229, 15, 1, 'Doko'),
(977, 229, 15, 1, 'Gandusari'),
(978, 229, 15, 1, 'Garum'),
(979, 229, 15, 1, 'Kademangan'),
(980, 229, 15, 1, 'Kanigoro'),
(981, 229, 15, 1, 'Kesamben'),
(982, 229, 15, 1, 'Nglegok'),
(983, 229, 15, 1, 'Panggungrejo'),
(984, 229, 15, 1, 'Ponggok'),
(985, 229, 15, 1, 'Sanan Kulon'),
(986, 229, 15, 1, 'Selopuro'),
(987, 229, 15, 1, 'Selorejo'),
(988, 229, 15, 1, 'Srengat'),
(989, 229, 15, 1, 'Sutojayan'),
(990, 229, 15, 1, 'Talun'),
(991, 229, 15, 1, 'Udanawu'),
(992, 229, 15, 1, 'Wates'),
(993, 229, 15, 1, 'Wlingi'),
(994, 229, 15, 1, 'Wonodadi'),
(995, 229, 15, 1, 'Wonotirto'),
(996, 257, 15, 1, 'Kepanjen Kidul'),
(997, 257, 15, 1, 'Sanan Wetan'),
(998, 257, 15, 1, 'Sukorejo'),
(1068, 230, 15, 1, 'Balen'),
(1069, 230, 15, 1, 'Baureno'),
(1070, 230, 15, 1, 'Bojonegoro'),
(1071, 230, 15, 1, 'Bubulan'),
(1072, 230, 15, 1, 'Dander'),
(1073, 230, 15, 1, 'Gayam'),
(1074, 230, 15, 1, 'Gondang'),
(1075, 230, 15, 1, 'Kalitidu'),
(1076, 230, 15, 1, 'Kanor'),
(1077, 230, 15, 1, 'Kapas'),
(1078, 230, 15, 1, 'Kasiman'),
(1079, 230, 15, 1, 'Kedewan'),
(1080, 230, 15, 1, 'Kedungadem'),
(1081, 230, 15, 1, 'Kepoh Baru'),
(1082, 230, 15, 1, 'Malo'),
(1083, 230, 15, 1, 'Margomulyo'),
(1084, 230, 15, 1, 'Ngambon'),
(1085, 230, 15, 1, 'Ngasem'),
(1086, 230, 15, 1, 'Ngraho'),
(1087, 230, 15, 1, 'Padangan'),
(1088, 230, 15, 1, 'Purwosari'),
(1089, 230, 15, 1, 'Sekar'),
(1090, 230, 15, 1, 'Sugihwaras'),
(1091, 230, 15, 1, 'Sukosewu'),
(1092, 230, 15, 1, 'Sumberrejo'),
(1093, 230, 15, 1, 'Tambakrejo'),
(1094, 230, 15, 1, 'Temayang'),
(1095, 230, 15, 1, 'Trucuk'),
(1149, 231, 15, 1, 'Binakal'),
(1150, 231, 15, 1, 'Bondowoso'),
(1151, 231, 15, 1, 'Botolinggo'),
(1152, 231, 15, 1, 'Cermee'),
(1153, 231, 15, 1, 'Curahdami'),
(1154, 231, 15, 1, 'Grujugan'),
(1155, 231, 15, 1, 'Jambe Sari Darus Sholah'),
(1156, 231, 15, 1, 'Klabang'),
(1157, 231, 15, 1, 'Maesan'),
(1158, 231, 15, 1, 'Pakem'),
(1159, 231, 15, 1, 'Prajekan'),
(1160, 231, 15, 1, 'Pujer'),
(1161, 231, 15, 1, 'Sempol'),
(1162, 231, 15, 1, 'Sukosari'),
(1163, 231, 15, 1, 'Sumber Wringin'),
(1164, 231, 15, 1, 'Taman Krocok'),
(1165, 231, 15, 1, 'Tamanan'),
(1166, 231, 15, 1, 'Tapen'),
(1167, 231, 15, 1, 'Tegalampel'),
(1168, 231, 15, 1, 'Tenggarang'),
(1169, 231, 15, 1, 'Tlogosari'),
(1170, 231, 15, 1, 'Wonosari'),
(1171, 231, 15, 1, 'Wringin'),
(1828, 232, 15, 1, 'Balong Panggang'),
(1829, 232, 15, 1, 'Benjeng'),
(1830, 232, 15, 1, 'Bungah'),
(1831, 232, 15, 1, 'Cerme'),
(1832, 232, 15, 1, 'Driyorejo'),
(1833, 232, 15, 1, 'Duduk Sampeyan'),
(1834, 232, 15, 1, 'Dukun'),
(1835, 232, 15, 1, 'Gresik'),
(1836, 232, 15, 1, 'Kebomas'),
(1837, 232, 15, 1, 'Kedamean'),
(1838, 232, 15, 1, 'Manyar'),
(1839, 232, 15, 1, 'Menganti'),
(1840, 232, 15, 1, 'Panceng'),
(1841, 232, 15, 1, 'Sangkapura'),
(1842, 232, 15, 1, 'Sidayu'),
(1843, 232, 15, 1, 'Tambak'),
(1844, 232, 15, 1, 'Ujung Pangkah'),
(1845, 232, 15, 1, 'Wringin Anom'),
(2201, 233, 15, 1, 'Ajung'),
(2202, 233, 15, 1, 'Ambulu'),
(2203, 233, 15, 1, 'Arjasa'),
(2204, 233, 15, 1, 'Balung'),
(2205, 233, 15, 1, 'Bangsalsari'),
(2206, 233, 15, 1, 'Gumuk Mas'),
(2207, 233, 15, 1, 'Jelbuk'),
(2208, 233, 15, 1, 'Jenggawah'),
(2209, 233, 15, 1, 'Jombang'),
(2210, 233, 15, 1, 'Kalisat'),
(2211, 233, 15, 1, 'Kaliwates'),
(2212, 233, 15, 1, 'Kencong'),
(2213, 233, 15, 1, 'Ledokombo'),
(2214, 233, 15, 1, 'Mayang'),
(2215, 233, 15, 1, 'Mumbulsari'),
(2216, 233, 15, 1, 'Pakusari'),
(2217, 233, 15, 1, 'Panti'),
(2218, 233, 15, 1, 'Patrang'),
(2219, 233, 15, 1, 'Puger'),
(2220, 233, 15, 1, 'Rambipuji'),
(2221, 233, 15, 1, 'Semboro'),
(2222, 233, 15, 1, 'Silo'),
(2223, 233, 15, 1, 'Sukorambi'),
(2224, 233, 15, 1, 'Sukowono'),
(2225, 233, 15, 1, 'Sumber Baru'),
(2226, 233, 15, 1, 'Sumber Jambe'),
(2227, 233, 15, 1, 'Sumber Sari'),
(2228, 233, 15, 1, 'Tanggul'),
(2229, 233, 15, 1, 'Tempurejo'),
(2230, 233, 15, 1, 'Umbulsari'),
(2231, 233, 15, 1, 'Wuluhan'),
(2264, 234, 15, 1, 'Bandar Kedung Mulyo'),
(2265, 234, 15, 1, 'Bareng'),
(2266, 234, 15, 1, 'Diwek'),
(2267, 234, 15, 1, 'Gudo'),
(2268, 234, 15, 1, 'Jogoroto'),
(2269, 234, 15, 1, 'Jombang'),
(2270, 234, 15, 1, 'Kabuh'),
(2271, 234, 15, 1, 'Kesamben'),
(2272, 234, 15, 1, 'Kudu'),
(2273, 234, 15, 1, 'Megaluh'),
(2274, 234, 15, 1, 'Mojoagung'),
(2275, 234, 15, 1, 'Mojowarno'),
(2276, 234, 15, 1, 'Ngoro'),
(2277, 234, 15, 1, 'Ngusikan'),
(2278, 234, 15, 1, 'Perak'),
(2279, 234, 15, 1, 'Peterongan'),
(2280, 234, 15, 1, 'Plandaan'),
(2281, 234, 15, 1, 'Ploso'),
(2282, 234, 15, 1, 'Sumobito'),
(2283, 234, 15, 1, 'Tembelang'),
(2284, 234, 15, 1, 'Wonosalam'),
(2497, 235, 15, 1, 'Badas'),
(2498, 235, 15, 1, 'Banyakan'),
(2499, 235, 15, 1, 'Gampengrejo'),
(2500, 235, 15, 1, 'Grogol'),
(2501, 235, 15, 1, 'Gurah'),
(2502, 235, 15, 1, 'Kandangan'),
(2503, 235, 15, 1, 'Kandat'),
(2504, 235, 15, 1, 'Kayen Kidul'),
(2505, 235, 15, 1, 'Kepung'),
(2506, 235, 15, 1, 'Kras'),
(2507, 235, 15, 1, 'Kunjang'),
(2508, 235, 15, 1, 'Mojo'),
(2509, 235, 15, 1, 'Ngadiluwih'),
(2510, 235, 15, 1, 'Ngancar'),
(2511, 235, 15, 1, 'Ngasem'),
(2512, 235, 15, 1, 'Pagu'),
(2513, 235, 15, 1, 'Papar'),
(2514, 235, 15, 1, 'Pare'),
(2515, 235, 15, 1, 'Plemahan'),
(2516, 235, 15, 1, 'Plosoklaten'),
(2517, 235, 15, 1, 'Puncu'),
(2518, 235, 15, 1, 'Purwoasri'),
(2519, 235, 15, 1, 'Ringinrejo'),
(2520, 235, 15, 1, 'Semen'),
(2521, 235, 15, 1, 'Tarokan'),
(2522, 235, 15, 1, 'Wates'),
(2523, 258, 15, 1, 'Kediri Kota'),
(2524, 258, 15, 1, 'Mojoroto'),
(2525, 258, 15, 1, 'Pesantren'),
(3113, 236, 15, 1, 'Babat'),
(3114, 236, 15, 1, 'Bluluk'),
(3115, 236, 15, 1, 'Brondong'),
(3116, 236, 15, 1, 'Deket'),
(3117, 236, 15, 1, 'Glagah'),
(3118, 236, 15, 1, 'Kalitengah'),
(3119, 236, 15, 1, 'Karang Geneng'),
(3120, 236, 15, 1, 'Karangbinangun'),
(3121, 236, 15, 1, 'Kedungpring'),
(3122, 236, 15, 1, 'Kembangbahu'),
(3123, 236, 15, 1, 'Lamongan'),
(3124, 236, 15, 1, 'Laren'),
(3125, 236, 15, 1, 'Maduran'),
(3126, 236, 15, 1, 'Mantup'),
(3127, 236, 15, 1, 'Modo'),
(3128, 236, 15, 1, 'Ngimbang'),
(3129, 236, 15, 1, 'Paciran'),
(3130, 236, 15, 1, 'Pucuk'),
(3131, 236, 15, 1, 'Sambeng'),
(3132, 236, 15, 1, 'Sarirejo'),
(3133, 236, 15, 1, 'Sekaran'),
(3134, 236, 15, 1, 'Solokuro'),
(3135, 236, 15, 1, 'Sugio'),
(3136, 236, 15, 1, 'Sukodadi'),
(3137, 236, 15, 1, 'Sukorame'),
(3138, 236, 15, 1, 'Tikung'),
(3139, 236, 15, 1, 'Turi'),
(3427, 237, 15, 1, 'Candipuro'),
(3428, 237, 15, 1, 'Gucialit'),
(3429, 237, 15, 1, 'Jatiroto'),
(3430, 237, 15, 1, 'Kedungjajang'),
(3431, 237, 15, 1, 'Klakah'),
(3432, 237, 15, 1, 'Kunir'),
(3433, 237, 15, 1, 'Lumajang'),
(3434, 237, 15, 1, 'Padang'),
(3435, 237, 15, 1, 'Pasirian'),
(3436, 237, 15, 1, 'Pasrujambe/Pasujambe'),
(3437, 237, 15, 1, 'Pronojiwo'),
(3438, 237, 15, 1, 'Randuagung'),
(3439, 237, 15, 1, 'Ranuyoso'),
(3440, 237, 15, 1, 'Rowokangkung'),
(3441, 237, 15, 1, 'Senduro'),
(3442, 237, 15, 1, 'Sukodono'),
(3443, 237, 15, 1, 'Sumbersuko'),
(3444, 237, 15, 1, 'Tekung'),
(3445, 237, 15, 1, 'Tempeh'),
(3446, 237, 15, 1, 'Tempursari'),
(3447, 237, 15, 1, 'Yosowilangun'),
(3493, 238, 15, 1, 'Balerejo'),
(3494, 238, 15, 1, 'Dagangan'),
(3495, 238, 15, 1, 'Dolopo'),
(3496, 238, 15, 1, 'Geger'),
(3497, 238, 15, 1, 'Gemarang'),
(3498, 238, 15, 1, 'Jiwan'),
(3499, 238, 15, 1, 'Kare'),
(3500, 238, 15, 1, 'Kebonsari'),
(3501, 238, 15, 1, 'Madiun'),
(3502, 238, 15, 1, 'Mejayan'),
(3503, 238, 15, 1, 'Pilangkenceng'),
(3504, 238, 15, 1, 'Saradan'),
(3505, 238, 15, 1, 'Sawahan'),
(3506, 238, 15, 1, 'Wonoasri'),
(3507, 238, 15, 1, 'Wungu'),
(3508, 259, 15, 1, 'Kartoharjo'),
(3509, 259, 15, 1, 'Manguharjo'),
(3510, 259, 15, 1, 'Taman'),
(3535, 239, 15, 1, 'Barat'),
(3536, 239, 15, 1, 'Bendo'),
(3537, 239, 15, 1, 'Karangrejo'),
(3538, 239, 15, 1, 'Karas'),
(3539, 239, 15, 1, 'Kartoharjo (Kertoharjo)'),
(3540, 239, 15, 1, 'Kawedanan'),
(3541, 239, 15, 1, 'Lembeyan'),
(3542, 239, 15, 1, 'Magetan'),
(3543, 239, 15, 1, 'Maospati'),
(3544, 239, 15, 1, 'Ngariboyo'),
(3545, 239, 15, 1, 'Nguntoronadi'),
(3546, 239, 15, 1, 'Panekan'),
(3547, 239, 15, 1, 'Parang'),
(3548, 239, 15, 1, 'Plaosan'),
(3549, 239, 15, 1, 'Poncol'),
(3550, 239, 15, 1, 'Sidorejo'),
(3551, 239, 15, 1, 'Sukomoro'),
(3552, 239, 15, 1, 'Takeran'),
(3601, 240, 15, 1, 'Ampelgading'),
(3602, 240, 15, 1, 'Bantur'),
(3603, 240, 15, 1, 'Bululawang'),
(3604, 240, 15, 1, 'Dampit'),
(3605, 240, 15, 1, 'Dau'),
(3606, 240, 15, 1, 'Donomulyo'),
(3607, 240, 15, 1, 'Gedangan'),
(3608, 240, 15, 1, 'Gondanglegi'),
(3609, 240, 15, 1, 'Jabung'),
(3610, 240, 15, 1, 'Kalipare'),
(3611, 240, 15, 1, 'Karangploso'),
(3612, 240, 15, 1, 'Kasembon'),
(3613, 240, 15, 1, 'Kepanjen'),
(3614, 240, 15, 1, 'Kromengan'),
(3615, 240, 15, 1, 'Lawang'),
(3616, 240, 15, 1, 'Ngajung (Ngajum)'),
(3617, 240, 15, 1, 'Ngantang'),
(3618, 240, 15, 1, 'Pagak'),
(3619, 240, 15, 1, 'Pagelaran'),
(3620, 240, 15, 1, 'Pakis'),
(3621, 240, 15, 1, 'Pakisaji'),
(3622, 240, 15, 1, 'Poncokusumo'),
(3623, 240, 15, 1, 'Pujon'),
(3624, 240, 15, 1, 'Singosari'),
(3625, 240, 15, 1, 'Sumbermanjing Wetan'),
(3626, 240, 15, 1, 'Sumberpucung'),
(3627, 240, 15, 1, 'Tajinan'),
(3628, 240, 15, 1, 'Tirtoyudo'),
(3629, 240, 15, 1, 'Tumpang'),
(3630, 240, 15, 1, 'Turen'),
(3631, 240, 15, 1, 'Wagir'),
(3632, 240, 15, 1, 'Wajak'),
(3633, 240, 15, 1, 'Wonosari'),
(3634, 260, 15, 1, 'Blimbing'),
(3635, 260, 15, 1, 'Kedungkandang'),
(3636, 260, 15, 1, 'Klojen'),
(3637, 260, 15, 1, 'Lowokwaru'),
(3638, 260, 15, 1, 'Sukun'),
(4070, 241, 15, 1, 'Bangsal'),
(4071, 241, 15, 1, 'Dawar Blandong'),
(4072, 241, 15, 1, 'Dlanggu'),
(4073, 241, 15, 1, 'Gedeg'),
(4074, 241, 15, 1, 'Gondang'),
(4075, 241, 15, 1, 'Jatirejo'),
(4076, 241, 15, 1, 'Jetis'),
(4077, 241, 15, 1, 'Kemlagi'),
(4078, 241, 15, 1, 'Kutorejo'),
(4079, 241, 15, 1, 'Mojoanyar'),
(4080, 241, 15, 1, 'Mojosari'),
(4081, 241, 15, 1, 'Ngoro'),
(4082, 241, 15, 1, 'Pacet'),
(4083, 241, 15, 1, 'Pungging'),
(4084, 241, 15, 1, 'Puri'),
(4085, 241, 15, 1, 'Sooko'),
(4086, 241, 15, 1, 'Trawas'),
(4087, 241, 15, 1, 'Trowulan'),
(4088, 261, 15, 1, 'Magersari'),
(4089, 261, 15, 1, 'Prajurit Kulon'),
(4323, 242, 15, 1, 'Bagor'),
(4324, 242, 15, 1, 'Baron'),
(4325, 242, 15, 1, 'Berbek'),
(4326, 242, 15, 1, 'Gondang'),
(4327, 242, 15, 1, 'Jatikalen'),
(4328, 242, 15, 1, 'Kertosono'),
(4329, 242, 15, 1, 'Lengkong'),
(4330, 242, 15, 1, 'Loceret'),
(4331, 242, 15, 1, 'Nganjuk'),
(4332, 242, 15, 1, 'Ngetos'),
(4333, 242, 15, 1, 'Ngluyu'),
(4334, 242, 15, 1, 'Ngronggot'),
(4335, 242, 15, 1, 'Pace'),
(4336, 242, 15, 1, 'Patianrowo'),
(4337, 242, 15, 1, 'Prambon'),
(4338, 242, 15, 1, 'Rejoso'),
(4339, 242, 15, 1, 'Sawahan'),
(4340, 242, 15, 1, 'Sukomoro'),
(4341, 242, 15, 1, 'Tanjunganom'),
(4342, 242, 15, 1, 'Wilangan'),
(4343, 243, 15, 1, 'Bringin'),
(4344, 243, 15, 1, 'Geneng'),
(4345, 243, 15, 1, 'Gerih'),
(4346, 243, 15, 1, 'Jogorogo'),
(4347, 243, 15, 1, 'Karanganyar'),
(4348, 243, 15, 1, 'Karangjati'),
(4349, 243, 15, 1, 'Kasreman'),
(4350, 243, 15, 1, 'Kedunggalar'),
(4351, 243, 15, 1, 'Kendal'),
(4352, 243, 15, 1, 'Kwadungan'),
(4353, 243, 15, 1, 'Mantingan'),
(4354, 243, 15, 1, 'Ngawi'),
(4355, 243, 15, 1, 'Ngrambe'),
(4356, 243, 15, 1, 'Padas'),
(4357, 243, 15, 1, 'Pangkur'),
(4358, 243, 15, 1, 'Paron'),
(4359, 243, 15, 1, 'Pitu'),
(4360, 243, 15, 1, 'Sine'),
(4361, 243, 15, 1, 'Widodaren'),
(4522, 244, 15, 1, 'Arjosari'),
(4523, 244, 15, 1, 'Bandar'),
(4524, 244, 15, 1, 'Donorojo'),
(4525, 244, 15, 1, 'Kebon Agung'),
(4526, 244, 15, 1, 'Nawangan'),
(4527, 244, 15, 1, 'Ngadirojo'),
(4528, 244, 15, 1, 'Pacitan'),
(4529, 244, 15, 1, 'Pringkuku'),
(4530, 244, 15, 1, 'Punung'),
(4531, 244, 15, 1, 'Sudimoro'),
(4532, 244, 15, 1, 'Tegalombo'),
(4533, 244, 15, 1, 'Tulakan'),
(4642, 245, 15, 1, 'Batumarmar'),
(4643, 245, 15, 1, 'Galis'),
(4644, 245, 15, 1, 'Kadur'),
(4645, 245, 15, 1, 'Larangan'),
(4646, 245, 15, 1, 'Pademawu'),
(4647, 245, 15, 1, 'Pakong'),
(4648, 245, 15, 1, 'Palenga\'an'),
(4649, 245, 15, 1, 'Pamekasan'),
(4650, 245, 15, 1, 'Pasean'),
(4651, 245, 15, 1, 'Pegantenan'),
(4652, 245, 15, 1, 'Proppo'),
(4653, 245, 15, 1, 'Tlanakan'),
(4654, 245, 15, 1, 'Waru'),
(4793, 246, 15, 1, 'Bangil'),
(4794, 246, 15, 1, 'Beji'),
(4795, 246, 15, 1, 'Gempol'),
(4796, 246, 15, 1, 'Gondang Wetan'),
(4797, 246, 15, 1, 'Grati'),
(4798, 246, 15, 1, 'Kejayan'),
(4799, 246, 15, 1, 'Kraton'),
(4800, 246, 15, 1, 'Lekok'),
(4801, 246, 15, 1, 'Lumbang'),
(4802, 246, 15, 1, 'Nguling'),
(4803, 246, 15, 1, 'Pandaan'),
(4804, 246, 15, 1, 'Pasrepan'),
(4805, 246, 15, 1, 'Pohjentrek'),
(4806, 246, 15, 1, 'Prigen'),
(4807, 246, 15, 1, 'Purwodadi'),
(4808, 246, 15, 1, 'Purwosari'),
(4809, 246, 15, 1, 'Puspo'),
(4810, 246, 15, 1, 'Rejoso'),
(4811, 246, 15, 1, 'Rembang'),
(4812, 246, 15, 1, 'Sukorejo'),
(4813, 246, 15, 1, 'Tosari'),
(4814, 246, 15, 1, 'Tutur'),
(4815, 246, 15, 1, 'Winongan'),
(4816, 246, 15, 1, 'Wonorejo'),
(4817, 262, 15, 1, 'Bugul Kidul'),
(4818, 262, 15, 1, 'Gadingrejo'),
(4819, 262, 15, 1, 'Panggungrejo'),
(4820, 262, 15, 1, 'Purworejo'),
(5071, 247, 15, 1, 'Babadan'),
(5072, 247, 15, 1, 'Badegan'),
(5073, 247, 15, 1, 'Balong'),
(5074, 247, 15, 1, 'Bungkal'),
(5075, 247, 15, 1, 'Jambon'),
(5076, 247, 15, 1, 'Jenangan'),
(5077, 247, 15, 1, 'Jetis'),
(5078, 247, 15, 1, 'Kauman'),
(5079, 247, 15, 1, 'Mlarak'),
(5080, 247, 15, 1, 'Ngebel'),
(5081, 247, 15, 1, 'Ngrayun'),
(5082, 247, 15, 1, 'Ponorogo'),
(5083, 247, 15, 1, 'Pudak'),
(5084, 247, 15, 1, 'Pulung'),
(5085, 247, 15, 1, 'Sambit'),
(5086, 247, 15, 1, 'Sampung'),
(5087, 247, 15, 1, 'Sawoo'),
(5088, 247, 15, 1, 'Siman'),
(5089, 247, 15, 1, 'Slahung'),
(5090, 247, 15, 1, 'Sooko'),
(5091, 247, 15, 1, 'Sukorejo'),
(5141, 248, 15, 1, 'Bantaran'),
(5142, 248, 15, 1, 'Banyu Anyar'),
(5143, 248, 15, 1, 'Besuk'),
(5144, 248, 15, 1, 'Dringu'),
(5145, 248, 15, 1, 'Gading'),
(5146, 248, 15, 1, 'Gending'),
(5147, 248, 15, 1, 'Kota Anyar'),
(5148, 248, 15, 1, 'Kraksaan'),
(5149, 248, 15, 1, 'Krejengan'),
(5150, 248, 15, 1, 'Krucil'),
(5151, 248, 15, 1, 'Kuripan'),
(5152, 248, 15, 1, 'Leces'),
(5153, 248, 15, 1, 'Lumbang'),
(5154, 248, 15, 1, 'Maron'),
(5155, 248, 15, 1, 'Paiton'),
(5156, 248, 15, 1, 'Pajarakan'),
(5157, 248, 15, 1, 'Pakuniran'),
(5158, 248, 15, 1, 'Sukapura'),
(5159, 248, 15, 1, 'Sumber'),
(5160, 248, 15, 1, 'Sumberasih'),
(5161, 248, 15, 1, 'Tegal Siwalan'),
(5162, 248, 15, 1, 'Tiris'),
(5163, 248, 15, 1, 'Tongas'),
(5164, 248, 15, 1, 'Wonomerto'),
(5165, 263, 15, 1, 'Kademangan'),
(5166, 263, 15, 1, 'Kanigaran'),
(5167, 263, 15, 1, 'Kedopok (Kedopak)'),
(5168, 263, 15, 1, 'Mayangan'),
(5169, 263, 15, 1, 'Wonoasih'),
(5394, 249, 15, 1, 'Banyuates'),
(5395, 249, 15, 1, 'Camplong'),
(5396, 249, 15, 1, 'Jrengik'),
(5397, 249, 15, 1, 'Karang Penang'),
(5398, 249, 15, 1, 'Kedungdung'),
(5399, 249, 15, 1, 'Ketapang'),
(5400, 249, 15, 1, 'Omben'),
(5401, 249, 15, 1, 'Pangarengan'),
(5402, 249, 15, 1, 'Robatal'),
(5403, 249, 15, 1, 'Sampang'),
(5404, 249, 15, 1, 'Sokobanah'),
(5405, 249, 15, 1, 'Sreseh'),
(5406, 249, 15, 1, 'Tambelangan'),
(5407, 249, 15, 1, 'Torjun'),
(5631, 250, 15, 1, 'Balongbendo'),
(5632, 250, 15, 1, 'Buduran'),
(5633, 250, 15, 1, 'Candi'),
(5634, 250, 15, 1, 'Gedangan'),
(5635, 250, 15, 1, 'Jabon'),
(5636, 250, 15, 1, 'Krembung'),
(5637, 250, 15, 1, 'Krian'),
(5638, 250, 15, 1, 'Porong'),
(5639, 250, 15, 1, 'Prambon'),
(5640, 250, 15, 1, 'Sedati'),
(5641, 250, 15, 1, 'Sidoarjo'),
(5642, 250, 15, 1, 'Sukodono'),
(5643, 250, 15, 1, 'Taman'),
(5644, 250, 15, 1, 'Tanggulangin'),
(5645, 250, 15, 1, 'Tarik'),
(5646, 250, 15, 1, 'Tulangan'),
(5647, 250, 15, 1, 'Waru'),
(5648, 250, 15, 1, 'Wonoayu'),
(5762, 251, 15, 1, 'Arjasa'),
(5763, 251, 15, 1, 'Asembagus'),
(5764, 251, 15, 1, 'Banyuglugur'),
(5765, 251, 15, 1, 'Banyuputih'),
(5766, 251, 15, 1, 'Besuki'),
(5767, 251, 15, 1, 'Bungatan'),
(5768, 251, 15, 1, 'Jangkar'),
(5769, 251, 15, 1, 'Jatibanteng'),
(5770, 251, 15, 1, 'Kapongan'),
(5771, 251, 15, 1, 'Kendit'),
(5772, 251, 15, 1, 'Mangaran'),
(5773, 251, 15, 1, 'Mlandingan'),
(5774, 251, 15, 1, 'Panarukan'),
(5775, 251, 15, 1, 'Panji'),
(5776, 251, 15, 1, 'Situbondo'),
(5777, 251, 15, 1, 'Suboh'),
(5778, 251, 15, 1, 'Sumbermalang'),
(6091, 252, 15, 1, 'Ambunten'),
(6092, 252, 15, 1, 'Arjasa'),
(6093, 252, 15, 1, 'Batang Batang'),
(6094, 252, 15, 1, 'Batuan'),
(6095, 252, 15, 1, 'Batuputih'),
(6096, 252, 15, 1, 'Bluto'),
(6097, 252, 15, 1, 'Dasuk'),
(6098, 252, 15, 1, 'Dungkek'),
(6099, 252, 15, 1, 'Ganding'),
(6100, 252, 15, 1, 'Gapura'),
(6101, 252, 15, 1, 'Gayam'),
(6102, 252, 15, 1, 'Gili Ginting (Giligenteng)'),
(6103, 252, 15, 1, 'Guluk Guluk'),
(6104, 252, 15, 1, 'Kalianget'),
(6105, 252, 15, 1, 'Kangayan'),
(6106, 252, 15, 1, 'Kota Sumenep'),
(6107, 252, 15, 1, 'Lenteng'),
(6108, 252, 15, 1, 'Manding'),
(6109, 252, 15, 1, 'Masalembu'),
(6110, 252, 15, 1, 'Nonggunong'),
(6111, 252, 15, 1, 'Pasongsongan'),
(6112, 252, 15, 1, 'Pragaan'),
(6113, 252, 15, 1, 'Ra\'as (Raas)'),
(6114, 252, 15, 1, 'Rubaru'),
(6115, 252, 15, 1, 'Sapeken'),
(6116, 252, 15, 1, 'Saronggi'),
(6117, 252, 15, 1, 'Talango'),
(6131, 264, 15, 1, 'Asemrowo'),
(6132, 264, 15, 1, 'Benowo'),
(6133, 264, 15, 1, 'Bubutan'),
(6134, 264, 15, 1, 'Bulak'),
(6135, 264, 15, 1, 'Dukuh Pakis'),
(6136, 264, 15, 1, 'Gayungan'),
(6137, 264, 15, 1, 'Genteng'),
(6138, 264, 15, 1, 'Gubeng'),
(6139, 264, 15, 1, 'Gununganyar'),
(6140, 264, 15, 1, 'Jambangan'),
(6141, 264, 15, 1, 'Karangpilang'),
(6142, 264, 15, 1, 'Kenjeran'),
(6143, 264, 15, 1, 'Krembangan'),
(6144, 264, 15, 1, 'Lakar Santri'),
(6145, 264, 15, 1, 'Mulyorejo'),
(6146, 264, 15, 1, 'Pabean Cantikan'),
(6147, 264, 15, 1, 'Pakal'),
(6148, 264, 15, 1, 'Rungkut'),
(6149, 264, 15, 1, 'Sambikerep'),
(6150, 264, 15, 1, 'Sawahan'),
(6151, 264, 15, 1, 'Semampir'),
(6152, 264, 15, 1, 'Simokerto'),
(6153, 264, 15, 1, 'Sukolilo'),
(6154, 264, 15, 1, 'Sukomanunggal'),
(6155, 264, 15, 1, 'Tambaksari'),
(6156, 264, 15, 1, 'Tandes'),
(6157, 264, 15, 1, 'Tegalsari'),
(6158, 264, 15, 1, 'Tenggilis Mejoyo'),
(6159, 264, 15, 1, 'Wiyung'),
(6160, 264, 15, 1, 'Wonocolo'),
(6161, 264, 15, 1, 'Wonokromo'),
(6759, 253, 15, 1, 'Bendungan'),
(6760, 253, 15, 1, 'Dongko'),
(6761, 253, 15, 1, 'Durenan'),
(6762, 253, 15, 1, 'Gandusari'),
(6763, 253, 15, 1, 'Kampak'),
(6764, 253, 15, 1, 'Karangan'),
(6765, 253, 15, 1, 'Munjungan'),
(6766, 253, 15, 1, 'Panggul'),
(6767, 253, 15, 1, 'Pogalan'),
(6768, 253, 15, 1, 'Pule'),
(6769, 253, 15, 1, 'Suruh'),
(6770, 253, 15, 1, 'Trenggalek'),
(6771, 253, 15, 1, 'Tugu'),
(6772, 253, 15, 1, 'Watulimo'),
(6778, 254, 15, 1, 'Bancar'),
(6779, 254, 15, 1, 'Bangilan'),
(6780, 254, 15, 1, 'Grabagan'),
(6781, 254, 15, 1, 'Jatirogo'),
(6782, 254, 15, 1, 'Jenu'),
(6783, 254, 15, 1, 'Kenduruan'),
(6784, 254, 15, 1, 'Kerek'),
(6785, 254, 15, 1, 'Merakurak'),
(6786, 254, 15, 1, 'Montong'),
(6787, 254, 15, 1, 'Palang'),
(6788, 254, 15, 1, 'Parengan'),
(6789, 254, 15, 1, 'Plumpang'),
(6790, 254, 15, 1, 'Rengel'),
(6791, 254, 15, 1, 'Semanding'),
(6792, 254, 15, 1, 'Senori'),
(6793, 254, 15, 1, 'Singgahan'),
(6794, 254, 15, 1, 'Soko'),
(6795, 254, 15, 1, 'Tambakboyo'),
(6796, 254, 15, 1, 'Tuban'),
(6797, 254, 15, 1, 'Widang'),
(6821, 255, 15, 1, 'Bandung'),
(6822, 255, 15, 1, 'Besuki'),
(6823, 255, 15, 1, 'Boyolangu'),
(6824, 255, 15, 1, 'Campur Darat'),
(6825, 255, 15, 1, 'Gondang'),
(6826, 255, 15, 1, 'Kalidawir'),
(6827, 255, 15, 1, 'Karang Rejo'),
(6828, 255, 15, 1, 'Kauman'),
(6829, 255, 15, 1, 'Kedungwaru'),
(6830, 255, 15, 1, 'Ngantru'),
(6831, 255, 15, 1, 'Ngunut'),
(6832, 255, 15, 1, 'Pagerwojo'),
(6833, 255, 15, 1, 'Pakel'),
(6834, 255, 15, 1, 'Pucanglaban'),
(6835, 255, 15, 1, 'Rejotangan'),
(6836, 255, 15, 1, 'Sendang'),
(6837, 255, 15, 1, 'Sumbergempol'),
(6838, 255, 15, 1, 'Tanggung Gunung'),
(6839, 255, 15, 1, 'Tulungagung'),
(815, 310, 20, 1, 'Bengkayang'),
(816, 310, 20, 1, 'Capkala'),
(817, 310, 20, 1, 'Jagoi Babang'),
(818, 310, 20, 1, 'Ledo'),
(819, 310, 20, 1, 'Lembah Bawang'),
(820, 310, 20, 1, 'Lumar'),
(821, 310, 20, 1, 'Monterado'),
(822, 310, 20, 1, 'Samalantan'),
(823, 310, 20, 1, 'Sanggau Ledo'),
(824, 310, 20, 1, 'Seluas'),
(825, 310, 20, 1, 'Siding'),
(826, 310, 20, 1, 'Sungai Betung'),
(827, 310, 20, 1, 'Sungai Raya'),
(828, 310, 20, 1, 'Sungai Raya Kepulauan'),
(829, 310, 20, 1, 'Suti Semarang'),
(830, 310, 20, 1, 'Teriak'),
(831, 310, 20, 1, 'Tujuh Belas'),
(2330, 311, 20, 1, 'Badau'),
(2331, 311, 20, 1, 'Batang Lupar'),
(2332, 311, 20, 1, 'Bika'),
(2333, 311, 20, 1, 'Boyan Tanjung'),
(2334, 311, 20, 1, 'Bunut Hilir'),
(2335, 311, 20, 1, 'Bunut Hulu'),
(2336, 311, 20, 1, 'Embaloh Hilir'),
(2337, 311, 20, 1, 'Embaloh Hulu'),
(2338, 311, 20, 1, 'Empanang'),
(2339, 311, 20, 1, 'Hulu Gurung'),
(2340, 311, 20, 1, 'Jongkong (Jengkong)'),
(2341, 311, 20, 1, 'Kalis'),
(2342, 311, 20, 1, 'Mentebah'),
(2343, 311, 20, 1, 'Pengkadan (Batu Datu)'),
(2344, 311, 20, 1, 'Puring Kencana'),
(2345, 311, 20, 1, 'Putussibau Selatan'),
(2346, 311, 20, 1, 'Putussibau Utara'),
(2347, 311, 20, 1, 'Seberuang'),
(2348, 311, 20, 1, 'Selimbau'),
(2349, 311, 20, 1, 'Semitau'),
(2350, 311, 20, 1, 'Silat Hilir'),
(2351, 311, 20, 1, 'Silat Hulu'),
(2352, 311, 20, 1, 'Suhaid'),
(2465, 312, 20, 1, 'Kepulauan Karimata'),
(2466, 312, 20, 1, 'Pulau Maya (Pulau Maya Karimata)'),
(2467, 312, 20, 1, 'Seponti'),
(2468, 312, 20, 1, 'Simpang Hilir'),
(2469, 312, 20, 1, 'Sukadana'),
(2470, 312, 20, 1, 'Teluk Batang'),
(2702, 313, 20, 1, 'Air Upas'),
(2703, 313, 20, 1, 'Benua Kayong'),
(2704, 313, 20, 1, 'Delta Pawan'),
(2705, 313, 20, 1, 'Hulu Sungai'),
(2706, 313, 20, 1, 'Jelai Hulu'),
(2707, 313, 20, 1, 'Kendawangan'),
(2708, 313, 20, 1, 'Manis Mata'),
(2709, 313, 20, 1, 'Marau'),
(2710, 313, 20, 1, 'Matan Hilir Selatan'),
(2711, 313, 20, 1, 'Matan Hilir Utara'),
(2712, 313, 20, 1, 'Muara Pawan'),
(2713, 313, 20, 1, 'Nanga Tayap'),
(2714, 313, 20, 1, 'Pemahan'),
(2715, 313, 20, 1, 'Sandai'),
(2716, 313, 20, 1, 'Simpang Dua'),
(2717, 313, 20, 1, 'Simpang Hulu'),
(2718, 313, 20, 1, 'Singkup'),
(2719, 313, 20, 1, 'Sungai Laur'),
(2720, 313, 20, 1, 'Sungai Melayu Rayak'),
(2721, 313, 20, 1, 'Tumbang Titi'),
(2912, 314, 20, 1, 'Batu Ampar'),
(2913, 314, 20, 1, 'Kuala Mandor-B'),
(2914, 314, 20, 1, 'Kubu'),
(2915, 314, 20, 1, 'Rasau Jaya'),
(2916, 314, 20, 1, 'Sei/Sungai Ambawang'),
(2917, 314, 20, 1, 'Sei/Sungai Kakap'),
(2918, 314, 20, 1, 'Sei/Sungai Raya'),
(2919, 314, 20, 1, 'Teluk/Telok Pakedai'),
(2920, 314, 20, 1, 'Terentang'),
(3247, 315, 20, 1, 'Air Besar'),
(3248, 315, 20, 1, 'Banyuke Hulu'),
(3249, 315, 20, 1, 'Jelimpo'),
(3250, 315, 20, 1, 'Kuala Behe'),
(3251, 315, 20, 1, 'Mandor'),
(3252, 315, 20, 1, 'Mempawah Hulu'),
(3253, 315, 20, 1, 'Menjalin'),
(3254, 315, 20, 1, 'Menyuke'),
(3255, 315, 20, 1, 'Meranti'),
(3256, 315, 20, 1, 'Ngabang'),
(3257, 315, 20, 1, 'Sebangki'),
(3258, 315, 20, 1, 'Sengah Temila'),
(3259, 315, 20, 1, 'Sompak'),
(3927, 316, 20, 1, 'Belimbing'),
(3928, 316, 20, 1, 'Belimbing Hulu'),
(3929, 316, 20, 1, 'Ella Hilir'),
(3930, 316, 20, 1, 'Menukung'),
(3931, 316, 20, 1, 'Nanga Pinoh'),
(3932, 316, 20, 1, 'Pinoh Selatan'),
(3933, 316, 20, 1, 'Pinoh Utara'),
(3934, 316, 20, 1, 'Sayan'),
(3935, 316, 20, 1, 'Sokan'),
(3936, 316, 20, 1, 'Tanah Pinoh'),
(3937, 316, 20, 1, 'Tanah Pinoh Barat'),
(5092, 317, 20, 1, 'Anjongan'),
(5093, 317, 20, 1, 'Mempawah Hilir'),
(5094, 317, 20, 1, 'Mempawah Timur'),
(5095, 317, 20, 1, 'Sadaniang'),
(5096, 317, 20, 1, 'Segedong'),
(5097, 317, 20, 1, 'Sei/Sungai Kunyit'),
(5098, 317, 20, 1, 'Sei/Sungai Pinyuh'),
(5099, 317, 20, 1, 'Siantan'),
(5100, 317, 20, 1, 'Toho'),
(5101, 322, 20, 1, 'Pontianak Barat'),
(5102, 322, 20, 1, 'Pontianak Kota'),
(5103, 322, 20, 1, 'Pontianak Selatan'),
(5104, 322, 20, 1, 'Pontianak Tenggara'),
(5105, 322, 20, 1, 'Pontianak Timur'),
(5106, 322, 20, 1, 'Pontianak Utara'),
(5366, 318, 20, 1, 'Galing'),
(5367, 318, 20, 1, 'Jawai'),
(5368, 318, 20, 1, 'Jawai Selatan'),
(5369, 318, 20, 1, 'Paloh'),
(5370, 318, 20, 1, 'Pemangkat'),
(5371, 318, 20, 1, 'Sajad'),
(5372, 318, 20, 1, 'Sajingan Besar'),
(5373, 318, 20, 1, 'Salatiga'),
(5374, 318, 20, 1, 'Sambas'),
(5375, 318, 20, 1, 'Sebawi'),
(5376, 318, 20, 1, 'Sejangkung'),
(5377, 318, 20, 1, 'Selakau'),
(5378, 318, 20, 1, 'Selakau Timur'),
(5379, 318, 20, 1, 'Semparuk'),
(5380, 318, 20, 1, 'Subah'),
(5381, 318, 20, 1, 'Tangaran'),
(5382, 318, 20, 1, 'Tebas'),
(5383, 318, 20, 1, 'Tekarang'),
(5384, 318, 20, 1, 'Teluk Keramat'),
(5408, 319, 20, 1, 'Balai'),
(5409, 319, 20, 1, 'Beduai (Beduwai)'),
(5410, 319, 20, 1, 'Bonti'),
(5411, 319, 20, 1, 'Entikong'),
(5412, 319, 20, 1, 'Jangkang'),
(5413, 319, 20, 1, 'Kapuas (Sanggau Kapuas)'),
(5414, 319, 20, 1, 'Kembayan'),
(5415, 319, 20, 1, 'Meliau'),
(5416, 319, 20, 1, 'Mukok'),
(5417, 319, 20, 1, 'Noyan'),
(5418, 319, 20, 1, 'Parindu'),
(5419, 319, 20, 1, 'Sekayam'),
(5420, 319, 20, 1, 'Tayan Hilir'),
(5421, 319, 20, 1, 'Tayan Hulu'),
(5422, 319, 20, 1, 'Toba'),
(5447, 320, 20, 1, 'Belitang'),
(5448, 320, 20, 1, 'Belitang Hilir'),
(5449, 320, 20, 1, 'Belitang Hulu'),
(5450, 320, 20, 1, 'Nanga Mahap'),
(5451, 320, 20, 1, 'Nanga Taman'),
(5452, 320, 20, 1, 'Sekadau Hilir'),
(5453, 320, 20, 1, 'Sekadau Hulu'),
(5734, 323, 20, 1, 'Singkawang Barat'),
(5735, 323, 20, 1, 'Singkawang Selatan'),
(5736, 323, 20, 1, 'Singkawang Tengah'),
(5737, 323, 20, 1, 'Singkawang Timur'),
(5738, 323, 20, 1, 'Singkawang Utara'),
(5748, 321, 20, 1, 'Ambalau'),
(5749, 321, 20, 1, 'Binjai Hulu'),
(5750, 321, 20, 1, 'Dedai'),
(5751, 321, 20, 1, 'Kayan Hilir'),
(5752, 321, 20, 1, 'Kayan Hulu'),
(5753, 321, 20, 1, 'Kelam Permai'),
(5754, 321, 20, 1, 'Ketungau Hilir'),
(5755, 321, 20, 1, 'Ketungau Hulu'),
(5756, 321, 20, 1, 'Ketungau Tengah'),
(5757, 321, 20, 1, 'Sepauk'),
(5758, 321, 20, 1, 'Serawai (Nanga Serawai)'),
(5759, 321, 20, 1, 'Sintang'),
(5760, 321, 20, 1, 'Sungai Tebelian'),
(5761, 321, 20, 1, 'Tempunak'),
(264, 324, 22, 1, 'Awayan'),
(265, 324, 22, 1, 'Batu Mandi'),
(266, 324, 22, 1, 'Halong'),
(267, 324, 22, 1, 'Juai'),
(268, 324, 22, 1, 'Lampihong'),
(269, 324, 22, 1, 'Paringin'),
(270, 324, 22, 1, 'Paringin Selatan'),
(271, 324, 22, 1, 'Tebing Tinggi'),
(476, 325, 22, 1, 'Aluh-Aluh'),
(477, 325, 22, 1, 'Aranio'),
(478, 325, 22, 1, 'Astambul'),
(479, 325, 22, 1, 'Beruntung Baru'),
(480, 325, 22, 1, 'Gambut'),
(481, 325, 22, 1, 'Karang Intan'),
(482, 325, 22, 1, 'Kertak Hanyar'),
(483, 325, 22, 1, 'Martapura Barat'),
(484, 325, 22, 1, 'Martapura Kota'),
(485, 325, 22, 1, 'Martapura Timur'),
(486, 325, 22, 1, 'Mataraman'),
(487, 325, 22, 1, 'Pengaron'),
(488, 325, 22, 1, 'Peramasan'),
(489, 325, 22, 1, 'Sambung Makmur'),
(490, 325, 22, 1, 'Sei/Sungai Pinang'),
(491, 325, 22, 1, 'Sei/Sungai Tabuk'),
(492, 325, 22, 1, 'Simpang Empat'),
(493, 325, 22, 1, 'Tatah Makmur'),
(494, 325, 22, 1, 'Telaga Bauntung'),
(499, 335, 22, 1, 'Banjar Baru Selatan'),
(500, 335, 22, 1, 'Banjar Baru Utara'),
(501, 335, 22, 1, 'Cempaka'),
(502, 335, 22, 1, 'Landasan Ulin'),
(503, 335, 22, 1, 'Liang Anggang'),
(504, 336, 22, 1, 'Banjarmasin Barat'),
(505, 336, 22, 1, 'Banjarmasin Selatan'),
(506, 336, 22, 1, 'Banjarmasin Tengah'),
(507, 336, 22, 1, 'Banjarmasin Timur'),
(508, 336, 22, 1, 'Banjarmasin Utara'),
(624, 326, 22, 1, 'Alalak'),
(625, 326, 22, 1, 'Anjir Muara'),
(626, 326, 22, 1, 'Anjir Pasar'),
(627, 326, 22, 1, 'Bakumpai'),
(628, 326, 22, 1, 'Barambai'),
(629, 326, 22, 1, 'Belawang'),
(630, 326, 22, 1, 'Cerbon'),
(631, 326, 22, 1, 'Jejangkit'),
(632, 326, 22, 1, 'Kuripan'),
(633, 326, 22, 1, 'Mandastana'),
(634, 326, 22, 1, 'Marabahan'),
(635, 326, 22, 1, 'Mekar Sari'),
(636, 326, 22, 1, 'Rantau Badauh'),
(637, 326, 22, 1, 'Tabukan'),
(638, 326, 22, 1, 'Tabunganen'),
(639, 326, 22, 1, 'Tamban'),
(640, 326, 22, 1, 'Wanaraya'),
(1974, 327, 22, 1, 'Angkinang'),
(1975, 327, 22, 1, 'Daha Barat'),
(1976, 327, 22, 1, 'Daha Selatan'),
(1977, 327, 22, 1, 'Daha Utara'),
(1978, 327, 22, 1, 'Kalumpang (Kelumpang)'),
(1979, 327, 22, 1, 'Kandangan'),
(1980, 327, 22, 1, 'Loksado'),
(1981, 327, 22, 1, 'Padang Batung'),
(1982, 327, 22, 1, 'Simpur'),
(1983, 327, 22, 1, 'Sungai Raya'),
(1984, 327, 22, 1, 'Telaga Langsat'),
(1985, 328, 22, 1, 'Barabai'),
(1986, 328, 22, 1, 'Batang Alai Selatan'),
(1987, 328, 22, 1, 'Batang Alai Timur'),
(1988, 328, 22, 1, 'Batang Alai Utara'),
(1989, 328, 22, 1, 'Batu Benawa'),
(1990, 328, 22, 1, 'Hantakan'),
(1991, 328, 22, 1, 'Haruyan'),
(1992, 328, 22, 1, 'Labuan Amas Selatan'),
(1993, 328, 22, 1, 'Labuan Amas Utara'),
(1994, 328, 22, 1, 'Limpasu'),
(1995, 328, 22, 1, 'Pandawan'),
(1996, 329, 22, 1, 'Amuntai Selatan'),
(1997, 329, 22, 1, 'Amuntai Tengah'),
(1998, 329, 22, 1, 'Amuntai Utara'),
(1999, 329, 22, 1, 'Babirik'),
(2000, 329, 22, 1, 'Banjang'),
(2001, 329, 22, 1, 'Danau Panggang'),
(2002, 329, 22, 1, 'Haur Gading'),
(2003, 329, 22, 1, 'Paminggir'),
(2004, 329, 22, 1, 'Sungai Pandan'),
(2005, 329, 22, 1, 'Sungai Tabukan'),
(2849, 330, 22, 1, 'Hampang'),
(2850, 330, 22, 1, 'Kelumpang Barat'),
(2851, 330, 22, 1, 'Kelumpang Hilir'),
(2852, 330, 22, 1, 'Kelumpang Hulu'),
(2853, 330, 22, 1, 'Kelumpang Selatan'),
(2854, 330, 22, 1, 'Kelumpang Tengah'),
(2855, 330, 22, 1, 'Kelumpang Utara'),
(2856, 330, 22, 1, 'Pamukan Barat'),
(2857, 330, 22, 1, 'Pamukan Selatan'),
(2858, 330, 22, 1, 'Pamukan Utara'),
(2859, 330, 22, 1, 'Pulau Laut Barat'),
(2860, 330, 22, 1, 'Pulau Laut Kepulauan'),
(2861, 330, 22, 1, 'Pulau Laut Selatan'),
(2862, 330, 22, 1, 'Pulau Laut Tanjung Selayar'),
(2863, 330, 22, 1, 'Pulau Laut Tengah'),
(2864, 330, 22, 1, 'Pulau Laut Timur'),
(2865, 330, 22, 1, 'Pulau Laut Utara'),
(2866, 330, 22, 1, 'Pulau Sebuku'),
(2867, 330, 22, 1, 'Pulau Sembilan'),
(2868, 330, 22, 1, 'Sampanahan'),
(2869, 330, 22, 1, 'Sungai Durian'),
(6167, 331, 22, 1, 'Banua Lawas'),
(6168, 331, 22, 1, 'Bintang Ara'),
(6169, 331, 22, 1, 'Haruai'),
(6170, 331, 22, 1, 'Jaro'),
(6171, 331, 22, 1, 'Kelua (Klua)'),
(6172, 331, 22, 1, 'Muara Harus'),
(6173, 331, 22, 1, 'Muara Uya'),
(6174, 331, 22, 1, 'Murung Pudak'),
(6175, 331, 22, 1, 'Pugaan'),
(6176, 331, 22, 1, 'Tanjung'),
(6177, 331, 22, 1, 'Tanta'),
(6178, 331, 22, 1, 'Upau'),
(6233, 332, 22, 1, 'Angsana'),
(6234, 332, 22, 1, 'Batulicin'),
(6235, 332, 22, 1, 'Karang Bintang'),
(6236, 332, 22, 1, 'Kuranji'),
(6237, 332, 22, 1, 'Kusan Hilir'),
(6238, 332, 22, 1, 'Kusan Hulu'),
(6239, 332, 22, 1, 'Mantewe'),
(6240, 332, 22, 1, 'Satui'),
(6241, 332, 22, 1, 'Simpang Empat'),
(6242, 332, 22, 1, 'Sungai Loban'),
(6257, 333, 22, 1, 'Bajuin'),
(6258, 333, 22, 1, 'Bati-Bati'),
(6259, 333, 22, 1, 'Batu Ampar'),
(6260, 333, 22, 1, 'Bumi Makmur'),
(6261, 333, 22, 1, 'Jorong'),
(6262, 333, 22, 1, 'Kintap'),
(6263, 333, 22, 1, 'Kurau'),
(6264, 333, 22, 1, 'Panyipatan'),
(6265, 333, 22, 1, 'Pelaihari'),
(6266, 333, 22, 1, 'Takisung'),
(6267, 333, 22, 1, 'Tambang Ulang'),
(6420, 334, 22, 1, 'Bakarangan'),
(6421, 334, 22, 1, 'Binuang'),
(6422, 334, 22, 1, 'Bungur'),
(6423, 334, 22, 1, 'Candi Laras Selatan'),
(6424, 334, 22, 1, 'Candi Laras Utara'),
(6425, 334, 22, 1, 'Hatungun'),
(6426, 334, 22, 1, 'Lokpaikat'),
(6427, 334, 22, 1, 'Piani'),
(6428, 334, 22, 1, 'Salam Babaris'),
(6429, 334, 22, 1, 'Tapin Selatan'),
(6430, 334, 22, 1, 'Tapin Tengah'),
(6431, 334, 22, 1, 'Tapin Utara'),
(641, 337, 21, 1, 'Dusun Hilir'),
(642, 337, 21, 1, 'Dusun Selatan'),
(643, 337, 21, 1, 'Dusun Utara'),
(644, 337, 21, 1, 'Gunung Bintang Awai'),
(645, 337, 21, 1, 'Jenamas'),
(646, 337, 21, 1, 'Karau Kuala'),
(647, 338, 21, 1, 'Awang'),
(648, 338, 21, 1, 'Benua Lima'),
(649, 338, 21, 1, 'Dusun Tengah'),
(650, 338, 21, 1, 'Dusun Timur'),
(651, 338, 21, 1, 'Karusen Janang'),
(652, 338, 21, 1, 'Paju Epat'),
(653, 338, 21, 1, 'Paku'),
(654, 338, 21, 1, 'Patangkep Tutui'),
(655, 338, 21, 1, 'Pematang Karau'),
(656, 338, 21, 1, 'Raren Batuah'),
(657, 339, 21, 1, 'Gunung Purei'),
(658, 339, 21, 1, 'Gunung Timang'),
(659, 339, 21, 1, 'Lahei'),
(660, 339, 21, 1, 'Lahei Barat'),
(661, 339, 21, 1, 'Montallat (Montalat)'),
(662, 339, 21, 1, 'Teweh Baru'),
(663, 339, 21, 1, 'Teweh Selatan'),
(664, 339, 21, 1, 'Teweh Tengah'),
(665, 339, 21, 1, 'Teweh Timur'),
(1883, 340, 21, 1, 'Damang Batu'),
(1884, 340, 21, 1, 'Kahayan Hulu Utara'),
(1885, 340, 21, 1, 'Kurun'),
(1886, 340, 21, 1, 'Manuhing'),
(1887, 340, 21, 1, 'Manuhing Raya'),
(1888, 340, 21, 1, 'Mihing Raya'),
(1889, 340, 21, 1, 'Miri Manasa'),
(1890, 340, 21, 1, 'Rungan'),
(1891, 340, 21, 1, 'Rungan Barat'),
(1892, 340, 21, 1, 'Rungan Hulu'),
(1893, 340, 21, 1, 'Sepang (Sepang Simin)'),
(1894, 340, 21, 1, 'Tewah'),
(2313, 341, 21, 1, 'Basarang'),
(2314, 341, 21, 1, 'Bataguh'),
(2315, 341, 21, 1, 'Dadahup'),
(2316, 341, 21, 1, 'Kapuas Barat'),
(2317, 341, 21, 1, 'Kapuas Hilir'),
(2318, 341, 21, 1, 'Kapuas Hulu'),
(2319, 341, 21, 1, 'Kapuas Kuala'),
(2320, 341, 21, 1, 'Kapuas Murung'),
(2321, 341, 21, 1, 'Kapuas Tengah'),
(2322, 341, 21, 1, 'Kapuas Timur'),
(2323, 341, 21, 1, 'Mandau Talawang'),
(2324, 341, 21, 1, 'Mantangai'),
(2325, 341, 21, 1, 'Pasak Talawang'),
(2326, 341, 21, 1, 'Pulau Petak'),
(2327, 341, 21, 1, 'Selat'),
(2328, 341, 21, 1, 'Tamban Catur'),
(2329, 341, 21, 1, 'Timpah'),
(2437, 342, 21, 1, 'Bukit Raya'),
(2438, 342, 21, 1, 'Kamipang'),
(2439, 342, 21, 1, 'Katingan Hilir'),
(2440, 342, 21, 1, 'Katingan Hulu'),
(2441, 342, 21, 1, 'Katingan Kuala'),
(2442, 342, 21, 1, 'Katingan Tengah'),
(2443, 342, 21, 1, 'Marikit'),
(2444, 342, 21, 1, 'Mendawai'),
(2445, 342, 21, 1, 'Petak Malai'),
(2446, 342, 21, 1, 'Pulau Malan'),
(2447, 342, 21, 1, 'Sanaman Mantikei (Senamang Mantikei)'),
(2448, 342, 21, 1, 'Tasik Payawan'),
(2449, 342, 21, 1, 'Tewang Sanggalang Garing (Sangalang)'),
(2874, 343, 21, 1, 'Arut Selatan'),
(2875, 343, 21, 1, 'Arut Utara'),
(2876, 343, 21, 1, 'Kotawaringin Lama'),
(2877, 343, 21, 1, 'Kumai'),
(2878, 343, 21, 1, 'Pangkalan Banteng'),
(2879, 343, 21, 1, 'Pangkalan Lada'),
(2880, 344, 21, 1, 'Antang Kalang'),
(2881, 344, 21, 1, 'Baamang'),
(2882, 344, 21, 1, 'Bukit Santuei'),
(2883, 344, 21, 1, 'Cempaga'),
(2884, 344, 21, 1, 'Cempaga Hulu'),
(2885, 344, 21, 1, 'Kota Besi'),
(2886, 344, 21, 1, 'Mentawa Baru (Ketapang)'),
(2887, 344, 21, 1, 'Mentaya Hilir Selatan'),
(2888, 344, 21, 1, 'Mentaya Hilir Utara'),
(2889, 344, 21, 1, 'Mentaya Hulu'),
(2890, 344, 21, 1, 'Parenggean'),
(2891, 344, 21, 1, 'Pulau Hanaut'),
(2892, 344, 21, 1, 'Seranau'),
(2893, 344, 21, 1, 'Telaga Antang'),
(2894, 344, 21, 1, 'Telawang'),
(2895, 344, 21, 1, 'Teluk Sampit'),
(2896, 344, 21, 1, 'Tualan Hulu'),
(3105, 345, 21, 1, 'Batangkawa'),
(3106, 345, 21, 1, 'Belantikan Raya'),
(3107, 345, 21, 1, 'Bulik'),
(3108, 345, 21, 1, 'Bulik Timur'),
(3109, 345, 21, 1, 'Delang'),
(3110, 345, 21, 1, 'Lamandau'),
(3111, 345, 21, 1, 'Menthobi Raya'),
(3112, 345, 21, 1, 'Sematu Jaya'),
(4190, 346, 21, 1, 'Barito Tuhup Raya'),
(4191, 346, 21, 1, 'Laung Tuhup'),
(4192, 346, 21, 1, 'Murung'),
(4193, 346, 21, 1, 'Permata Intan'),
(4194, 346, 21, 1, 'Seribu Riam'),
(4195, 346, 21, 1, 'Sumber Barito'),
(4196, 346, 21, 1, 'Sungai Babuat'),
(4197, 346, 21, 1, 'Tanah Siang'),
(4198, 346, 21, 1, 'Tanah Siang Selatan'),
(4199, 346, 21, 1, 'Uut Murung'),
(4604, 350, 21, 1, 'Bukit Batu'),
(4605, 350, 21, 1, 'Jekan Raya'),
(4606, 350, 21, 1, 'Pahandut'),
(4607, 350, 21, 1, 'Rakumpit'),
(4608, 350, 21, 1, 'Sebangau'),
(5170, 347, 21, 1, 'Banama Tingang'),
(5171, 347, 21, 1, 'Jabiren Raya'),
(5172, 347, 21, 1, 'Kahayan Hilir'),
(5173, 347, 21, 1, 'Kahayan Kuala'),
(5174, 347, 21, 1, 'Kahayan Tengah'),
(5175, 347, 21, 1, 'Maliku'),
(5176, 347, 21, 1, 'Pandih Batu'),
(5177, 347, 21, 1, 'Sebangau Kuala'),
(5592, 349, 21, 1, 'Batu Ampar'),
(5593, 349, 21, 1, 'Danau Seluluk'),
(5594, 349, 21, 1, 'Danau Sembuluh'),
(5595, 349, 21, 1, 'Hanau'),
(5596, 349, 21, 1, 'Seruyan Hilir'),
(5597, 349, 21, 1, 'Seruyan Hilir Timur'),
(5598, 349, 21, 1, 'Seruyan Hulu'),
(5599, 349, 21, 1, 'Seruyan Raya'),
(5600, 349, 21, 1, 'Seruyan Tengah'),
(5601, 349, 21, 1, 'Suling Tambun'),
(5972, 348, 21, 1, 'Balai Riam'),
(5973, 348, 21, 1, 'Jelai'),
(5974, 348, 21, 1, 'Pantai Lunci'),
(5975, 348, 21, 1, 'Permata Kecubung'),
(5976, 348, 21, 1, 'Sukamara'),
(272, 361, 23, 1, 'Balikpapan Barat'),
(273, 361, 23, 1, 'Balikpapan Kota'),
(274, 361, 23, 1, 'Balikpapan Selatan'),
(275, 361, 23, 1, 'Balikpapan Tengah'),
(276, 361, 23, 1, 'Balikpapan Timur'),
(277, 361, 23, 1, 'Balikpapan Utara'),
(879, 351, 23, 1, 'Batu Putih'),
(880, 351, 23, 1, 'Biatan'),
(881, 351, 23, 1, 'Biduk-Biduk'),
(882, 351, 23, 1, 'Derawan (Pulau Derawan)'),
(883, 351, 23, 1, 'Gunung Tabur'),
(884, 351, 23, 1, 'Kelay'),
(885, 351, 23, 1, 'Maratua'),
(886, 351, 23, 1, 'Sambaliung'),
(887, 351, 23, 1, 'Segah'),
(888, 351, 23, 1, 'Tabalar'),
(889, 351, 23, 1, 'Talisayan'),
(890, 351, 23, 1, 'Tanjung Redeb'),
(891, 351, 23, 1, 'Teluk Bayur'),
(1217, 362, 23, 1, 'Bontang Barat'),
(1218, 362, 23, 1, 'Bontang Selatan'),
(1219, 362, 23, 1, 'Bontang Utara'),
(3004, 353, 23, 1, 'Barong Tongkok'),
(3005, 353, 23, 1, 'Bentian Besar'),
(3006, 353, 23, 1, 'Bongan'),
(3007, 353, 23, 1, 'Damai'),
(3008, 353, 23, 1, 'Jempang'),
(3009, 353, 23, 1, 'Laham'),
(3010, 353, 23, 1, 'Linggang Bigung'),
(3011, 353, 23, 1, 'Long Apari'),
(3012, 353, 23, 1, 'Long Bagun'),
(3013, 353, 23, 1, 'Long Hubung'),
(3014, 353, 23, 1, 'Long Iram'),
(3015, 353, 23, 1, 'Long Pahangai'),
(3016, 353, 23, 1, 'Manor Bulatin (Mook Manaar Bulatn)'),
(3017, 353, 23, 1, 'Melak'),
(3018, 353, 23, 1, 'Muara Lawa'),
(3019, 353, 23, 1, 'Muara Pahu'),
(3020, 353, 23, 1, 'Nyuatan'),
(3021, 353, 23, 1, 'Penyinggahan'),
(3022, 353, 23, 1, 'Sekolaq Darat'),
(3023, 353, 23, 1, 'Siluq Ngurai'),
(3024, 353, 23, 1, 'Tering'),
(3025, 354, 23, 1, 'Anggana'),
(3026, 354, 23, 1, 'Kembang Janggut'),
(3027, 354, 23, 1, 'Kenohan'),
(3028, 354, 23, 1, 'Kota Bangun'),
(3029, 354, 23, 1, 'Loa Janan'),
(3030, 354, 23, 1, 'Loa Kulu'),
(3031, 354, 23, 1, 'Marang Kayu'),
(3032, 354, 23, 1, 'Muara Badak'),
(3033, 354, 23, 1, 'Muara Jawa'),
(3034, 354, 23, 1, 'Muara Kaman'),
(3035, 354, 23, 1, 'Muara Muntai'),
(3036, 354, 23, 1, 'Muara Wis'),
(3037, 354, 23, 1, 'Samboja (Semboja)'),
(3038, 354, 23, 1, 'Sanga-Sanga'),
(3039, 354, 23, 1, 'Sebulu'),
(3040, 354, 23, 1, 'Tabang'),
(3041, 354, 23, 1, 'Tenggarong'),
(3042, 354, 23, 1, 'Tenggarong Seberang'),
(3043, 355, 23, 1, 'Batu Ampar'),
(3044, 355, 23, 1, 'Bengalon'),
(3045, 355, 23, 1, 'Busang'),
(3046, 355, 23, 1, 'Kaliorang'),
(3047, 355, 23, 1, 'Karangan'),
(3048, 355, 23, 1, 'Kaubun'),
(3049, 355, 23, 1, 'Kongbeng'),
(3050, 355, 23, 1, 'Long Mesangat (Mesengat)'),
(3051, 355, 23, 1, 'Muara Ancalong'),
(3052, 355, 23, 1, 'Muara Bengkal'),
(3053, 355, 23, 1, 'Muara Wahau'),
(3054, 355, 23, 1, 'Rantau Pulung'),
(3055, 355, 23, 1, 'Sandaran'),
(3056, 355, 23, 1, 'Sangatta Selatan'),
(3057, 355, 23, 1, 'Sangatta Utara'),
(3058, 355, 23, 1, 'Sangkulirang'),
(3059, 355, 23, 1, 'Telen'),
(3060, 355, 23, 1, 'Teluk Pandan'),
(4783, 358, 23, 1, 'Batu Engau'),
(4784, 358, 23, 1, 'Batu Sopang'),
(4785, 358, 23, 1, 'Kuaro'),
(4786, 358, 23, 1, 'Long Ikis'),
(4787, 358, 23, 1, 'Long Kali'),
(4788, 358, 23, 1, 'Muara Komam'),
(4789, 358, 23, 1, 'Muara Samu'),
(4790, 358, 23, 1, 'Pasir Belengkong'),
(4791, 358, 23, 1, 'Tanah Grogot'),
(4792, 358, 23, 1, 'Tanjung Harapan'),
(4960, 359, 23, 1, 'Babulu'),
(4961, 359, 23, 1, 'Penajam'),
(4962, 359, 23, 1, 'Sepaku'),
(4963, 359, 23, 1, 'Waru'),
(5356, 363, 23, 1, 'Loa Janan Ilir'),
(5357, 363, 23, 1, 'Palaran'),
(5358, 363, 23, 1, 'Samarinda Ilir'),
(5359, 363, 23, 1, 'Samarinda Kota'),
(5360, 363, 23, 1, 'Samarinda Seberang'),
(5361, 363, 23, 1, 'Samarinda Ulu'),
(5362, 363, 23, 1, 'Samarinda Utara'),
(5363, 363, 23, 1, 'Sambutan'),
(5364, 363, 23, 1, 'Sungai Kunjang'),
(5365, 363, 23, 1, 'Sungai Pinang'),
(1298, 352, 3738, 1, 'Peso'),
(1299, 352, 3738, 1, 'Peso Hilir/Ilir'),
(1300, 352, 3738, 1, 'Pulau Bunyu'),
(1301, 352, 3738, 1, 'Sekatak'),
(1302, 352, 3738, 1, 'Tanjung Palas'),
(1303, 352, 3738, 1, 'Tanjung Palas Barat'),
(1304, 352, 3738, 1, 'Tanjung Palas Tengah'),
(1305, 352, 3738, 1, 'Tanjung Palas Timur'),
(1306, 352, 3738, 1, 'Tanjung Palas Utara'),
(1307, 352, 3738, 1, 'Tanjung Selor'),
(3639, 356, 3738, 1, 'Bahau Hulu'),
(3640, 356, 3738, 1, 'Kayan Hilir'),
(3641, 356, 3738, 1, 'Kayan Hulu'),
(3642, 356, 3738, 1, 'Kayan Selatan'),
(3643, 356, 3738, 1, 'Malinau Barat'),
(3644, 356, 3738, 1, 'Malinau Kota'),
(3645, 356, 3738, 1, 'Malinau Selatan'),
(3646, 356, 3738, 1, 'Malinau Selatan Hilir'),
(3647, 356, 3738, 1, 'Malinau Selatan Hulu'),
(3648, 356, 3738, 1, 'Malinau Utara'),
(3649, 356, 3738, 1, 'Mentarang'),
(3650, 356, 3738, 1, 'Mentarang Hulu'),
(3651, 356, 3738, 1, 'Pujungan'),
(3652, 356, 3738, 1, 'Sungai Boh'),
(3653, 356, 3738, 1, 'Sungai Tubu'),
(4422, 357, 3738, 1, 'Krayan'),
(4423, 357, 3738, 1, 'Krayan Selatan'),
(4424, 357, 3738, 1, 'Lumbis'),
(4425, 357, 3738, 1, 'Lumbis Ogong'),
(4426, 357, 3738, 1, 'Nunukan'),
(4427, 357, 3738, 1, 'Nunukan Selatan'),
(4428, 357, 3738, 1, 'Sebatik'),
(4429, 357, 3738, 1, 'Sebatik Barat'),
(4430, 357, 3738, 1, 'Sebatik Tengah'),
(4431, 357, 3738, 1, 'Sebatik Timur'),
(4432, 357, 3738, 1, 'Sebatik Utara'),
(4433, 357, 3738, 1, 'Sebuku'),
(4434, 357, 3738, 1, 'Sei Menggaris'),
(4435, 357, 3738, 1, 'Sembakung'),
(4436, 357, 3738, 1, 'Tulin Onsoi'),
(6210, 360, 3738, 1, 'Betayau'),
(6211, 360, 3738, 1, 'Sesayap'),
(6212, 360, 3738, 1, 'Sesayap Hilir'),
(6213, 360, 3738, 1, 'Tana Lia (Tanah Lia)'),
(6432, 364, 3738, 1, 'Tarakan Barat'),
(6433, 364, 3738, 1, 'Tarakan Tengah'),
(6434, 364, 3738, 1, 'Tarakan Timur'),
(6435, 364, 3738, 1, 'Tarakan Utara'),
(673, 150, 10, 1, 'Batam Kota'),
(674, 150, 10, 1, 'Batu Aji'),
(675, 150, 10, 1, 'Batu Ampar'),
(676, 150, 10, 1, 'Belakang Padang'),
(677, 150, 10, 1, 'Bengkong'),
(678, 150, 10, 1, 'Bulang'),
(679, 150, 10, 1, 'Galang'),
(680, 150, 10, 1, 'Lubuk Baja'),
(681, 150, 10, 1, 'Nongsa'),
(682, 150, 10, 1, 'Sagulung'),
(683, 150, 10, 1, 'Sei/Sungai Beduk'),
(684, 150, 10, 1, 'Sekupang'),
(939, 145, 10, 1, 'Bintan Pesisir'),
(940, 145, 10, 1, 'Bintan Timur'),
(941, 145, 10, 1, 'Bintan Utara'),
(942, 145, 10, 1, 'Gunung Kijang'),
(943, 145, 10, 1, 'Mantang'),
(944, 145, 10, 1, 'Seri/Sri Kuala Lobam'),
(945, 145, 10, 1, 'Tambelan'),
(946, 145, 10, 1, 'Teluk Bintan'),
(947, 145, 10, 1, 'Teluk Sebong'),
(948, 145, 10, 1, 'Toapaya'),
(2408, 146, 10, 1, 'Belat'),
(2409, 146, 10, 1, 'Buru'),
(2410, 146, 10, 1, 'Durai'),
(2411, 146, 10, 1, 'Karimun'),
(2412, 146, 10, 1, 'Kundur'),
(2413, 146, 10, 1, 'Kundur Barat'),
(2414, 146, 10, 1, 'Kundur Utara'),
(2415, 146, 10, 1, 'Meral'),
(2416, 146, 10, 1, 'Meral Barat'),
(2417, 146, 10, 1, 'Moro'),
(2418, 146, 10, 1, 'Tebing'),
(2419, 146, 10, 1, 'Ungar'),
(2571, 147, 10, 1, 'Jemaja'),
(2572, 147, 10, 1, 'Jemaja Timur'),
(2573, 147, 10, 1, 'Palmatak'),
(2574, 147, 10, 1, 'Siantan'),
(2575, 147, 10, 1, 'Siantan Selatan'),
(2576, 147, 10, 1, 'Siantan Tengah'),
(2577, 147, 10, 1, 'Siantan Timur'),
(3364, 148, 10, 1, 'Lingga'),
(3365, 148, 10, 1, 'Lingga Timur'),
(3366, 148, 10, 1, 'Lingga Utara'),
(3367, 148, 10, 1, 'Selayar'),
(3368, 148, 10, 1, 'Senayang'),
(3369, 148, 10, 1, 'Singkep');
INSERT INTO `tb_subdistrict` (`SUBD_ID`, `CITY_ID`, `STATE_ID`, `CNTR_ID`, `SUBD_NAME`) VALUES
(3370, 148, 10, 1, 'Singkep Barat'),
(3371, 148, 10, 1, 'Singkep Pesisir'),
(4267, 149, 10, 1, 'Bunguran Barat'),
(4268, 149, 10, 1, 'Bunguran Selatan'),
(4269, 149, 10, 1, 'Bunguran Tengah'),
(4270, 149, 10, 1, 'Bunguran Timur'),
(4271, 149, 10, 1, 'Bunguran Timur Laut'),
(4272, 149, 10, 1, 'Bunguran Utara'),
(4273, 149, 10, 1, 'Midai'),
(4274, 149, 10, 1, 'Pulau Laut'),
(4275, 149, 10, 1, 'Pulau Tiga'),
(4276, 149, 10, 1, 'Serasan'),
(4277, 149, 10, 1, 'Serasan Timur'),
(4278, 149, 10, 1, 'Subi'),
(6367, 151, 10, 1, 'Bukit Bestari'),
(6368, 151, 10, 1, 'Tanjung Pinang Barat'),
(6369, 151, 10, 1, 'Tanjung Pinang Kota'),
(6370, 151, 10, 1, 'Tanjung Pinang Timur'),
(287, 136, 8, 1, 'Bumi Waras'),
(288, 136, 8, 1, 'Enggal'),
(289, 136, 8, 1, 'Kedamaian'),
(290, 136, 8, 1, 'Kedaton'),
(291, 136, 8, 1, 'Kemiling'),
(292, 136, 8, 1, 'Labuhan Ratu'),
(293, 136, 8, 1, 'Langkapura'),
(294, 136, 8, 1, 'Panjang'),
(295, 136, 8, 1, 'Rajabasa'),
(296, 136, 8, 1, 'Sukabumi'),
(297, 136, 8, 1, 'Sukarame'),
(298, 136, 8, 1, 'Tanjung Karang Barat'),
(299, 136, 8, 1, 'Tanjung Karang Pusat'),
(300, 136, 8, 1, 'Tanjung Karang Timur'),
(301, 136, 8, 1, 'Tanjung Senang'),
(302, 136, 8, 1, 'Telukbetung Barat'),
(303, 136, 8, 1, 'Telukbetung Selatan'),
(304, 136, 8, 1, 'Telukbetung Timur'),
(305, 136, 8, 1, 'Telukbetung Utara'),
(306, 136, 8, 1, 'Way Halim'),
(3140, 124, 8, 1, 'Air Hitam'),
(3141, 124, 8, 1, 'Balik Bukit'),
(3142, 124, 8, 1, 'Bandar Negeri Suoh'),
(3143, 124, 8, 1, 'Batu Brak'),
(3144, 124, 8, 1, 'Batu Ketulis'),
(3145, 124, 8, 1, 'Belalau'),
(3146, 124, 8, 1, 'Gedung Surian'),
(3147, 124, 8, 1, 'Kebun Tebu'),
(3148, 124, 8, 1, 'Lumbok Seminung'),
(3149, 124, 8, 1, 'Pagar Dewa'),
(3150, 124, 8, 1, 'Sekincau'),
(3151, 124, 8, 1, 'Sukau'),
(3152, 124, 8, 1, 'Sumber Jaya'),
(3153, 124, 8, 1, 'Suoh'),
(3154, 124, 8, 1, 'Way Tenong'),
(3155, 125, 8, 1, 'Bakauheni'),
(3156, 125, 8, 1, 'Candipuro'),
(3157, 125, 8, 1, 'Jati Agung'),
(3158, 125, 8, 1, 'Kalianda'),
(3159, 125, 8, 1, 'Katibung'),
(3160, 125, 8, 1, 'Ketapang'),
(3161, 125, 8, 1, 'Merbau Mataram'),
(3162, 125, 8, 1, 'Natar'),
(3163, 125, 8, 1, 'Palas'),
(3164, 125, 8, 1, 'Penengahan'),
(3165, 125, 8, 1, 'Rajabasa'),
(3166, 125, 8, 1, 'Sidomulyo'),
(3167, 125, 8, 1, 'Sragi'),
(3168, 125, 8, 1, 'Tanjung Bintang'),
(3169, 125, 8, 1, 'Tanjung Sari'),
(3170, 125, 8, 1, 'Way Panji'),
(3171, 125, 8, 1, 'Way Sulan'),
(3172, 126, 8, 1, 'Anak Ratu Aji'),
(3173, 126, 8, 1, 'Anak Tuha'),
(3174, 126, 8, 1, 'Bandar Mataram'),
(3175, 126, 8, 1, 'Bandar Surabaya'),
(3176, 126, 8, 1, 'Bangunrejo'),
(3177, 126, 8, 1, 'Bekri'),
(3178, 126, 8, 1, 'Bumi Nabung'),
(3179, 126, 8, 1, 'Bumi Ratu Nuban'),
(3180, 126, 8, 1, 'Gunung Sugih'),
(3181, 126, 8, 1, 'Kalirejo'),
(3182, 126, 8, 1, 'Kota Gajah'),
(3183, 126, 8, 1, 'Padang Ratu'),
(3184, 126, 8, 1, 'Pubian'),
(3185, 126, 8, 1, 'Punggur'),
(3186, 126, 8, 1, 'Putra Rumbia'),
(3187, 126, 8, 1, 'Rumbia'),
(3188, 126, 8, 1, 'Selagai Lingga'),
(3189, 126, 8, 1, 'Sendang Agung'),
(3190, 126, 8, 1, 'Seputih Agung'),
(3191, 126, 8, 1, 'Seputih Banyak'),
(3192, 126, 8, 1, 'Seputih Mataram'),
(3193, 126, 8, 1, 'Seputih Raman'),
(3194, 126, 8, 1, 'Seputih Surabaya'),
(3195, 126, 8, 1, 'Terbanggi Besar'),
(3196, 126, 8, 1, 'Terusan Nunyai'),
(3197, 126, 8, 1, 'Trimurjo'),
(3198, 126, 8, 1, 'Way Pangubuan (Pengubuan)'),
(3199, 126, 8, 1, 'Way Seputih'),
(3200, 127, 8, 1, 'Bandar Sribawono'),
(3201, 127, 8, 1, 'Batanghari'),
(3202, 127, 8, 1, 'Batanghari Nuban'),
(3203, 127, 8, 1, 'Braja Slebah'),
(3204, 127, 8, 1, 'Bumi Agung'),
(3205, 127, 8, 1, 'Gunung Pelindung'),
(3206, 127, 8, 1, 'Jabung'),
(3207, 127, 8, 1, 'Labuhan Maringgai'),
(3208, 127, 8, 1, 'Labuhan Ratu'),
(3209, 127, 8, 1, 'Marga Sekampung'),
(3210, 127, 8, 1, 'Margatiga'),
(3211, 127, 8, 1, 'Mataram Baru'),
(3212, 127, 8, 1, 'Melinting'),
(3213, 127, 8, 1, 'Metro Kibang'),
(3214, 127, 8, 1, 'Pasir Sakti'),
(3215, 127, 8, 1, 'Pekalongan'),
(3216, 127, 8, 1, 'Purbolinggo'),
(3217, 127, 8, 1, 'Raman Utara'),
(3218, 127, 8, 1, 'Sekampung'),
(3219, 127, 8, 1, 'Sekampung Udik'),
(3220, 127, 8, 1, 'Sukadana'),
(3221, 127, 8, 1, 'Waway Karya'),
(3222, 127, 8, 1, 'Way Bungur (Purbolinggo Utara)'),
(3223, 127, 8, 1, 'Way Jepara'),
(3982, 129, 8, 1, 'Mesuji'),
(3983, 129, 8, 1, 'Mesuji Timur'),
(3984, 129, 8, 1, 'Panca Jaya'),
(3985, 129, 8, 1, 'Rawa Jitu Utara'),
(3986, 129, 8, 1, 'Simpang Pematang'),
(3987, 129, 8, 1, 'Tanjung Raya'),
(3988, 129, 8, 1, 'Way Serdang'),
(3224, 128, 8, 1, 'Abung Barat'),
(3225, 128, 8, 1, 'Abung Kunang'),
(3226, 128, 8, 1, 'Abung Pekurun'),
(3227, 128, 8, 1, 'Abung Selatan'),
(3228, 128, 8, 1, 'Abung Semuli'),
(3229, 128, 8, 1, 'Abung Surakarta'),
(3230, 128, 8, 1, 'Abung Tengah'),
(3231, 128, 8, 1, 'Abung Timur'),
(3232, 128, 8, 1, 'Abung Tinggi'),
(3233, 128, 8, 1, 'Blambangan Pagar'),
(3234, 128, 8, 1, 'Bukit Kemuning'),
(3235, 128, 8, 1, 'Bunga Mayang'),
(3236, 128, 8, 1, 'Hulu Sungkai'),
(3237, 128, 8, 1, 'Kotabumi'),
(3238, 128, 8, 1, 'Kotabumi Selatan'),
(3239, 128, 8, 1, 'Kotabumi Utara'),
(3240, 128, 8, 1, 'Muara Sungkai'),
(3241, 128, 8, 1, 'Sungkai Barat'),
(3242, 128, 8, 1, 'Sungkai Jaya'),
(3243, 128, 8, 1, 'Sungkai Selatan'),
(3244, 128, 8, 1, 'Sungkai Tengah'),
(3245, 128, 8, 1, 'Sungkai Utara'),
(3246, 128, 8, 1, 'Tanjung Raja'),
(3989, 137, 8, 1, 'Metro Barat'),
(3990, 137, 8, 1, 'Metro Pusat'),
(3991, 137, 8, 1, 'Metro Selatan'),
(3992, 137, 8, 1, 'Metro Timur'),
(3993, 137, 8, 1, 'Metro Utara'),
(4964, 130, 8, 1, 'Gedong Tataan (Gedung Tataan)'),
(4965, 130, 8, 1, 'Kedondong'),
(4966, 130, 8, 1, 'Marga Punduh'),
(4967, 130, 8, 1, 'Negeri Katon'),
(4968, 130, 8, 1, 'Padang Cermin'),
(4969, 130, 8, 1, 'Punduh Pidada (Pedada)'),
(4970, 130, 8, 1, 'Tegineneng'),
(4971, 130, 8, 1, 'Way Khilau'),
(4972, 130, 8, 1, 'Way Lima'),
(5132, 131, 8, 1, 'Adi Luwih'),
(5133, 131, 8, 1, 'Ambarawa'),
(5134, 131, 8, 1, 'Banyumas'),
(5135, 131, 8, 1, 'Gading Rejo'),
(5136, 131, 8, 1, 'Pagelaran'),
(5137, 131, 8, 1, 'Pagelaran Utara'),
(5138, 131, 8, 1, 'Pardasuka'),
(5139, 131, 8, 1, 'Pringsewu'),
(5140, 131, 8, 1, 'Sukoharjo'),
(6317, 132, 8, 1, 'Air Naningan'),
(6318, 132, 8, 1, 'Bandar Negeri Semuong'),
(6319, 132, 8, 1, 'Bulok'),
(6320, 132, 8, 1, 'Cukuh Balak'),
(6321, 132, 8, 1, 'Gisting'),
(6322, 132, 8, 1, 'Gunung Alip'),
(6323, 132, 8, 1, 'Kelumbayan'),
(6324, 132, 8, 1, 'Kelumbayan Barat'),
(6325, 132, 8, 1, 'Kota Agung (Kota Agung Pusat)'),
(6326, 132, 8, 1, 'Kota Agung Barat'),
(6327, 132, 8, 1, 'Kota Agung Timur'),
(6328, 132, 8, 1, 'Limau'),
(6329, 132, 8, 1, 'Pematang Sawa'),
(6330, 132, 8, 1, 'Pugung'),
(6331, 132, 8, 1, 'Pulau Panggung'),
(6332, 132, 8, 1, 'Semaka'),
(6333, 132, 8, 1, 'Sumberejo'),
(6334, 132, 8, 1, 'Talang Padang'),
(6335, 132, 8, 1, 'Ulubelu'),
(6336, 132, 8, 1, 'Wonosobo'),
(6798, 133, 8, 1, 'Banjar Agung'),
(6799, 133, 8, 1, 'Banjar Baru'),
(6800, 133, 8, 1, 'Banjar Margo'),
(6801, 133, 8, 1, 'Dente Teladas'),
(6802, 133, 8, 1, 'Gedung Aji'),
(6803, 133, 8, 1, 'Gedung Aji Baru'),
(6804, 133, 8, 1, 'Gedung Meneng'),
(6805, 133, 8, 1, 'Menggala'),
(6806, 133, 8, 1, 'Menggala Timur'),
(6807, 133, 8, 1, 'Meraksa Aji'),
(6808, 133, 8, 1, 'Penawar Aji'),
(6809, 133, 8, 1, 'Penawar Tama'),
(6810, 133, 8, 1, 'Rawa Pitu'),
(6811, 133, 8, 1, 'Rawajitu Selatan'),
(6812, 133, 8, 1, 'Rawajitu Timur'),
(6813, 134, 8, 1, 'Gunung Agung'),
(6814, 134, 8, 1, 'Gunung Terang'),
(6815, 134, 8, 1, 'Lambu Kibang'),
(6816, 134, 8, 1, 'Pagar Dewa'),
(6817, 134, 8, 1, 'Tulang Bawang Tengah'),
(6818, 134, 8, 1, 'Tulang Bawang Udik'),
(6819, 134, 8, 1, 'Tumijajar'),
(6820, 134, 8, 1, 'Way Kenanga'),
(6871, 135, 8, 1, 'Bahuga'),
(6872, 135, 8, 1, 'Banjit'),
(6873, 135, 8, 1, 'Baradatu'),
(6874, 135, 8, 1, 'Blambangan Umpu'),
(6875, 135, 8, 1, 'Buay Bahuga'),
(6876, 135, 8, 1, 'Bumi Agung'),
(6877, 135, 8, 1, 'Gunung Labuhan'),
(6878, 135, 8, 1, 'Kasui'),
(6879, 135, 8, 1, 'Negara Batin'),
(6880, 135, 8, 1, 'Negeri Agung'),
(6881, 135, 8, 1, 'Negeri Besar'),
(6882, 135, 8, 1, 'Pakuan Ratu'),
(6883, 135, 8, 1, 'Rebang Tangkas'),
(6884, 135, 8, 1, 'Way Tuba'),
(209, 447, 30, 1, 'Baguala'),
(210, 447, 30, 1, 'Leitimur Selatan'),
(211, 447, 30, 1, 'Nusaniwe (Nusanive)'),
(212, 447, 30, 1, 'Sirimau'),
(213, 447, 30, 1, 'Teluk Ambon'),
(1336, 438, 30, 1, 'Airbuaya'),
(1337, 438, 30, 1, 'Batabual'),
(1338, 438, 30, 1, 'Fena Leisela'),
(1339, 438, 30, 1, 'Lilialy'),
(1340, 438, 30, 1, 'Lolong Guba'),
(1341, 438, 30, 1, 'Namlea'),
(1342, 438, 30, 1, 'Teluk Kaiely'),
(1343, 438, 30, 1, 'Waeapo'),
(1344, 438, 30, 1, 'Waelata'),
(1345, 438, 30, 1, 'Waplau'),
(1346, 439, 30, 1, 'Ambalau'),
(1347, 439, 30, 1, 'Fena Fafan'),
(1348, 439, 30, 1, 'Kepala Madan'),
(1349, 439, 30, 1, 'Leksula'),
(1350, 439, 30, 1, 'Namrole'),
(1351, 439, 30, 1, 'Waesama'),
(2578, 440, 30, 1, 'Aru Selatan'),
(2579, 440, 30, 1, 'Aru Selatan Timur'),
(2580, 440, 30, 1, 'Aru Selatan Utara'),
(2581, 440, 30, 1, 'Aru Tengah'),
(2582, 440, 30, 1, 'Aru Tengah Selatan'),
(2583, 440, 30, 1, 'Aru Tengah Timur'),
(2584, 440, 30, 1, 'Aru Utara'),
(2585, 440, 30, 1, 'Aru Utara Timur Batuley'),
(2586, 440, 30, 1, 'Pulau-Pulau Aru'),
(2587, 440, 30, 1, 'Sir-Sir'),
(3654, 441, 30, 1, 'Damer'),
(3655, 441, 30, 1, 'Dawelor Dawera'),
(3656, 441, 30, 1, 'Kepulauan Romang'),
(3657, 441, 30, 1, 'Kisar Utara'),
(3658, 441, 30, 1, 'Mdona Hyera/Hiera'),
(3659, 441, 30, 1, 'Moa Lakor'),
(3660, 441, 30, 1, 'Pulau Lakor'),
(3661, 441, 30, 1, 'Pulau Letti (Leti Moa Lakor)'),
(3662, 441, 30, 1, 'Pulau Masela'),
(3663, 441, 30, 1, 'Pulau Pulau Babar'),
(3664, 441, 30, 1, 'Pulau Pulau Terselatan'),
(3665, 441, 30, 1, 'Pulau Wetang'),
(3666, 441, 30, 1, 'Pulau-Pulau Babar Timur'),
(3667, 441, 30, 1, 'Wetar'),
(3668, 441, 30, 1, 'Wetar Barat'),
(3669, 441, 30, 1, 'Wetar Timur'),
(3670, 441, 30, 1, 'Wetar Utara'),
(3671, 442, 30, 1, 'Amahai'),
(3672, 442, 30, 1, 'Banda'),
(3673, 442, 30, 1, 'Leihitu'),
(3674, 442, 30, 1, 'Leihitu Barat'),
(3675, 442, 30, 1, 'Masohi Kota'),
(3676, 442, 30, 1, 'Nusalaut'),
(3677, 442, 30, 1, 'Pulau Haruku'),
(3678, 442, 30, 1, 'Salahutu'),
(3679, 442, 30, 1, 'Saparua'),
(3680, 442, 30, 1, 'Saparua Timur'),
(3681, 442, 30, 1, 'Seram Utara'),
(3682, 442, 30, 1, 'Seram Utara Barat'),
(3683, 442, 30, 1, 'Seram Utara Timur Kobi'),
(3684, 442, 30, 1, 'Seram Utara Timur Seti'),
(3685, 442, 30, 1, 'Tehoru'),
(3686, 442, 30, 1, 'Teluk Elpaputih'),
(3687, 442, 30, 1, 'Telutih'),
(3688, 442, 30, 1, 'Teon Nila Serua'),
(3689, 443, 30, 1, 'Hoat Sorbay'),
(3690, 443, 30, 1, 'Kei Besar'),
(3691, 443, 30, 1, 'Kei Besar Selatan'),
(3692, 443, 30, 1, 'Kei Besar Selatan Barat'),
(3693, 443, 30, 1, 'Kei Besar Utara Barat'),
(3694, 443, 30, 1, 'Kei Besar Utara Timur'),
(3695, 443, 30, 1, 'Kei Kecil'),
(3696, 443, 30, 1, 'Kei Kecil Barat'),
(3697, 443, 30, 1, 'Kei Kecil Timur'),
(3698, 443, 30, 1, 'Kei Kecil Timur Selatan'),
(3699, 443, 30, 1, 'Manyeuw'),
(5514, 445, 30, 1, 'Amalatu'),
(5515, 445, 30, 1, 'Elpaputih'),
(5516, 445, 30, 1, 'Huamual'),
(5517, 445, 30, 1, 'Huamual Belakang (Waisala)'),
(5518, 445, 30, 1, 'Inamosol'),
(5519, 445, 30, 1, 'Kairatu'),
(5520, 445, 30, 1, 'Kairatu Barat'),
(5521, 445, 30, 1, 'Kepulauan Manipa'),
(5522, 445, 30, 1, 'Seram Barat'),
(5523, 445, 30, 1, 'Taniwel'),
(5524, 445, 30, 1, 'Taniwel Timur'),
(3700, 444, 30, 1, 'Kormomolin'),
(3701, 444, 30, 1, 'Molu Maru'),
(3702, 444, 30, 1, 'Nirunmas'),
(3703, 444, 30, 1, 'Selaru'),
(3704, 444, 30, 1, 'Tanimbar Selatan'),
(3705, 444, 30, 1, 'Tanimbar Utara'),
(3706, 444, 30, 1, 'Wermakatian (Wer Maktian)'),
(3707, 444, 30, 1, 'Wertamrian'),
(3708, 444, 30, 1, 'Wuarlabobar'),
(3709, 444, 30, 1, 'Yaru'),
(5525, 446, 30, 1, 'Bula'),
(5526, 446, 30, 1, 'Bula Barat'),
(5527, 446, 30, 1, 'Gorom Timur'),
(5528, 446, 30, 1, 'Kian Darat'),
(5529, 446, 30, 1, 'Kilmury'),
(5530, 446, 30, 1, 'Pulau Gorong (Gorom)'),
(5531, 446, 30, 1, 'Pulau Panjang'),
(5532, 446, 30, 1, 'Seram Timur'),
(5533, 446, 30, 1, 'Siritaun Wida Timur'),
(5534, 446, 30, 1, 'Siwalalat'),
(5535, 446, 30, 1, 'Teluk Waru'),
(5536, 446, 30, 1, 'Teor'),
(5537, 446, 30, 1, 'Tutuk Tolu'),
(5538, 446, 30, 1, 'Wakate'),
(5539, 446, 30, 1, 'Werinama'),
(6773, 448, 30, 1, 'Kur Selatan'),
(6774, 448, 30, 1, 'Pulau Dullah Selatan'),
(6775, 448, 30, 1, 'Pulau Dullah Utara'),
(6776, 448, 30, 1, 'Pulau Tayando Tam'),
(6777, 448, 30, 1, 'Pulau-Pulau Kur'),
(1901, 449, 31, 1, 'Ibu'),
(1902, 449, 31, 1, 'Ibu Selatan'),
(1903, 449, 31, 1, 'Ibu Utara'),
(1904, 449, 31, 1, 'Jailolo'),
(1905, 449, 31, 1, 'Jailolo Selatan'),
(1906, 449, 31, 1, 'Loloda'),
(1907, 449, 31, 1, 'Sahu'),
(1908, 449, 31, 1, 'Sahu Timur'),
(1909, 452, 31, 1, 'Bacan'),
(1910, 452, 31, 1, 'Bacan Barat'),
(1911, 452, 31, 1, 'Bacan Barat Utara'),
(1912, 452, 31, 1, 'Bacan Selatan'),
(1913, 452, 31, 1, 'Bacan Timur'),
(1914, 452, 31, 1, 'Bacan Timur Selatan'),
(1915, 452, 31, 1, 'Bacan Timur Tengah'),
(1916, 452, 31, 1, 'Gane Barat'),
(1917, 452, 31, 1, 'Gane Barat Selatan'),
(1918, 452, 31, 1, 'Gane Barat Utara'),
(1919, 452, 31, 1, 'Gane Timur'),
(1920, 452, 31, 1, 'Gane Timur Selatan'),
(1921, 452, 31, 1, 'Gane Timur Tengah'),
(1922, 452, 31, 1, 'Kasiruta Barat'),
(1923, 452, 31, 1, 'Kasiruta Timur'),
(1924, 452, 31, 1, 'Kayoa'),
(1925, 452, 31, 1, 'Kayoa Barat'),
(1926, 452, 31, 1, 'Kayoa Selatan'),
(1927, 452, 31, 1, 'Kayoa Utara'),
(1928, 452, 31, 1, 'Kepulauan Botanglomang'),
(1929, 452, 31, 1, 'Kepulauan Joronga'),
(1930, 452, 31, 1, 'Makian (Pulau Makian)'),
(1931, 452, 31, 1, 'Makian Barat (Pulau Makian)'),
(1932, 452, 31, 1, 'Mandioli Selatan'),
(1933, 452, 31, 1, 'Mandioli Utara'),
(1934, 452, 31, 1, 'Obi'),
(1935, 452, 31, 1, 'Obi Barat'),
(1936, 452, 31, 1, 'Obi Selatan'),
(1937, 452, 31, 1, 'Obi Timur'),
(1938, 452, 31, 1, 'Obi Utara'),
(1947, 454, 31, 1, 'Kota Maba'),
(1948, 454, 31, 1, 'Maba'),
(1949, 454, 31, 1, 'Maba Selatan'),
(1950, 454, 31, 1, 'Maba Tengah'),
(1951, 454, 31, 1, 'Maba Utara'),
(1952, 454, 31, 1, 'Wasile'),
(1953, 454, 31, 1, 'Wasile Selatan'),
(1954, 454, 31, 1, 'Wasile Tengah'),
(1955, 454, 31, 1, 'Wasile Timur'),
(1956, 454, 31, 1, 'Wasile Utara'),
(1957, 451, 31, 1, 'Galela'),
(1958, 451, 31, 1, 'Galela Barat'),
(1959, 451, 31, 1, 'Galela Selatan'),
(1960, 451, 31, 1, 'Galela Utara'),
(1961, 451, 31, 1, 'Kao'),
(1962, 451, 31, 1, 'Kao Barat'),
(1963, 451, 31, 1, 'Kao Teluk'),
(1964, 451, 31, 1, 'Kao Utara'),
(1965, 451, 31, 1, 'Loloda Kepulauan'),
(1966, 451, 31, 1, 'Loloda Utara'),
(1967, 451, 31, 1, 'Malifut'),
(1968, 451, 31, 1, 'Tobelo'),
(1969, 451, 31, 1, 'Tobelo Barat'),
(1970, 451, 31, 1, 'Tobelo Selatan'),
(1971, 451, 31, 1, 'Tobelo Tengah'),
(1972, 451, 31, 1, 'Tobelo Timur'),
(1973, 451, 31, 1, 'Tobelo Utara'),
(1939, 450, 31, 1, 'Patani'),
(1940, 450, 31, 1, 'Patani Barat'),
(1941, 450, 31, 1, 'Patani Utara'),
(1942, 450, 31, 1, 'Pulau Gebe'),
(1943, 450, 31, 1, 'Weda'),
(1944, 450, 31, 1, 'Weda Selatan'),
(1945, 450, 31, 1, 'Weda Tengah'),
(1946, 450, 31, 1, 'Weda Utara'),
(2634, 453, 31, 1, 'Lede'),
(2635, 453, 31, 1, 'Mangoli Barat'),
(2636, 453, 31, 1, 'Mangoli Selatan'),
(2637, 453, 31, 1, 'Mangoli Tengah'),
(2638, 453, 31, 1, 'Mangoli Timur'),
(2639, 453, 31, 1, 'Mangoli Utara'),
(2640, 453, 31, 1, 'Mangoli Utara Timur'),
(2641, 453, 31, 1, 'Sanana'),
(2642, 453, 31, 1, 'Sanana Utara'),
(2643, 453, 31, 1, 'Sulabesi Barat'),
(2644, 453, 31, 1, 'Sulabesi Selatan'),
(2645, 453, 31, 1, 'Sulabesi Tengah'),
(2646, 453, 31, 1, 'Sulabesi Timur'),
(2647, 453, 31, 1, 'Taliabu Barat'),
(2648, 453, 31, 1, 'Taliabu Barat Laut'),
(2649, 453, 31, 1, 'Taliabu Selatan'),
(2650, 453, 31, 1, 'Taliabu Timur'),
(2651, 453, 31, 1, 'Taliabu Timur Selatan'),
(2652, 453, 31, 1, 'Taliabu Utara'),
(5178, 455, 31, 1, 'Morotai Jaya'),
(5179, 455, 31, 1, 'Morotai Selatan'),
(5180, 455, 31, 1, 'Morotai Selatan Barat'),
(5181, 455, 31, 1, 'Morotai Timur'),
(5182, 455, 31, 1, 'Morotai Utara'),
(6581, 456, 31, 1, 'Moti (Pulau Moti)'),
(6582, 456, 31, 1, 'Pulau Batang Dua'),
(6583, 456, 31, 1, 'Pulau Hiri'),
(6584, 456, 31, 1, 'Pulau Ternate'),
(6585, 456, 31, 1, 'Ternate Selatan (Kota)'),
(6586, 456, 31, 1, 'Ternate Tengah (Kota)'),
(6587, 456, 31, 1, 'Ternate Utara (Kota)'),
(6588, 457, 31, 1, 'Oba'),
(6589, 457, 31, 1, 'Oba Selatan'),
(6590, 457, 31, 1, 'Oba Tengah'),
(6591, 457, 31, 1, 'Oba Utara'),
(6592, 457, 31, 1, 'Tidore (Pulau Tidore)'),
(6593, 457, 31, 1, 'Tidore Selatan'),
(6594, 457, 31, 1, 'Tidore Timur (Pulau Tidore)'),
(6595, 457, 31, 1, 'Tidore Utara'),
(1, 1, 1, 1, 'Arongan Lambalek'),
(2, 1, 1, 1, 'Bubon'),
(3, 1, 1, 1, 'Johan Pahlawan'),
(4, 1, 1, 1, 'Kaway XVI'),
(5, 1, 1, 1, 'Meureubo'),
(6, 1, 1, 1, 'Pante Ceureumen (Pantai Ceuremen)'),
(7, 1, 1, 1, 'Panton Reu'),
(8, 1, 1, 1, 'Samatiga'),
(9, 1, 1, 1, 'Sungai Mas'),
(10, 1, 1, 1, 'Woyla'),
(11, 1, 1, 1, 'Woyla Barat'),
(12, 1, 1, 1, 'Woyla Timur'),
(13, 2, 1, 1, 'Babah Rot'),
(14, 2, 1, 1, 'Blang Pidie'),
(15, 2, 1, 1, 'Jeumpa'),
(16, 2, 1, 1, 'Kuala Batee'),
(17, 2, 1, 1, 'Lembah Sabil'),
(18, 2, 1, 1, 'Manggeng'),
(19, 2, 1, 1, 'Setia'),
(20, 2, 1, 1, 'Susoh'),
(21, 2, 1, 1, 'Tangan-Tangan'),
(22, 3, 1, 1, 'Baitussalam'),
(23, 3, 1, 1, 'Blank Bintang'),
(24, 3, 1, 1, 'Darul Imarah'),
(25, 3, 1, 1, 'Darul Kamal'),
(26, 3, 1, 1, 'Darussalam'),
(27, 3, 1, 1, 'Indrapuri'),
(28, 3, 1, 1, 'Ingin Jaya'),
(29, 3, 1, 1, 'Kota Cot Glie (Kuta Cot Glie)'),
(30, 3, 1, 1, 'Kota Jantho'),
(31, 3, 1, 1, 'Kota Malaka (Kuta Malaka)'),
(32, 3, 1, 1, 'Krueng Barona Jaya'),
(33, 3, 1, 1, 'Kuta Baro'),
(34, 3, 1, 1, 'Lembah Seulawah'),
(35, 3, 1, 1, 'Leupung'),
(36, 3, 1, 1, 'Lhoknga (Lho\'nga)'),
(37, 3, 1, 1, 'Lhoong'),
(38, 3, 1, 1, 'Mantasiek (Montasik)'),
(39, 3, 1, 1, 'Mesjid Raya'),
(40, 3, 1, 1, 'Peukan Bada'),
(41, 3, 1, 1, 'Pulo Aceh'),
(42, 3, 1, 1, 'Seulimeum'),
(43, 3, 1, 1, 'Simpang Tiga'),
(44, 3, 1, 1, 'Suka Makmur'),
(45, 4, 1, 1, 'Darul Hikmah'),
(46, 4, 1, 1, 'Indra Jaya'),
(47, 4, 1, 1, 'Jaya'),
(48, 4, 1, 1, 'Keude Panga'),
(49, 4, 1, 1, 'Krueng Sabee'),
(50, 4, 1, 1, 'Pasie Raya'),
(51, 4, 1, 1, 'Sampoiniet'),
(52, 4, 1, 1, 'Setia Bakti'),
(53, 4, 1, 1, 'Teunom'),
(54, 5, 1, 1, 'Bakongan'),
(55, 5, 1, 1, 'Bakongan Timur'),
(56, 5, 1, 1, 'Kluet Selatan'),
(57, 5, 1, 1, 'Kluet Tengah'),
(58, 5, 1, 1, 'Kluet Timur'),
(59, 5, 1, 1, 'Kluet Utara'),
(60, 5, 1, 1, 'Kota Bahagia'),
(61, 5, 1, 1, 'Labuhan Haji'),
(62, 5, 1, 1, 'Labuhan Haji Barat'),
(63, 5, 1, 1, 'Labuhan Haji Timur'),
(64, 5, 1, 1, 'Meukek'),
(65, 5, 1, 1, 'Pasie Raja'),
(66, 5, 1, 1, 'Sama Dua'),
(67, 5, 1, 1, 'Sawang'),
(68, 5, 1, 1, 'Tapak Tuan'),
(69, 5, 1, 1, 'Trumon'),
(70, 5, 1, 1, 'Trumon Tengah'),
(71, 5, 1, 1, 'Trumon Timur'),
(72, 6, 1, 1, 'Danau Paris'),
(73, 6, 1, 1, 'Gunung Meriah (Mariah)'),
(74, 6, 1, 1, 'Kota Baharu'),
(75, 6, 1, 1, 'Kuala Baru'),
(76, 6, 1, 1, 'Pulau Banyak'),
(77, 6, 1, 1, 'Pulau Banyak Barat'),
(78, 6, 1, 1, 'Simpang Kanan'),
(79, 6, 1, 1, 'Singkil'),
(80, 6, 1, 1, 'Singkil Utara'),
(81, 6, 1, 1, 'Singkohor'),
(82, 6, 1, 1, 'Suro Makmur'),
(83, 7, 1, 1, 'Banda Mulia'),
(84, 7, 1, 1, 'Bandar Pusaka'),
(85, 7, 1, 1, 'Bendahara'),
(86, 7, 1, 1, 'Karang Baru'),
(87, 7, 1, 1, 'Kejuruan Muda'),
(88, 7, 1, 1, 'Kota Kuala Simpang'),
(89, 7, 1, 1, 'Manyak Payed'),
(90, 7, 1, 1, 'Rantau'),
(91, 7, 1, 1, 'Sekerak'),
(92, 7, 1, 1, 'Seruway'),
(93, 7, 1, 1, 'Tamiang Hulu'),
(94, 7, 1, 1, 'Tenggulun'),
(95, 8, 1, 1, 'Atu Lintang'),
(96, 8, 1, 1, 'Bebesen'),
(97, 8, 1, 1, 'Bies'),
(98, 8, 1, 1, 'Bintang'),
(99, 8, 1, 1, 'Celala'),
(100, 8, 1, 1, 'Jagong Jeget'),
(101, 8, 1, 1, 'Kebayakan'),
(102, 8, 1, 1, 'Ketol'),
(103, 8, 1, 1, 'Kute Panang'),
(104, 8, 1, 1, 'Linge'),
(105, 8, 1, 1, 'Lut Tawar'),
(106, 8, 1, 1, 'Pegasing'),
(107, 8, 1, 1, 'Rusip Antara'),
(108, 8, 1, 1, 'Silih Nara'),
(109, 9, 1, 1, 'Babul Makmur'),
(110, 9, 1, 1, 'Babul Rahmah'),
(111, 9, 1, 1, 'Babussalam'),
(112, 9, 1, 1, 'Badar'),
(113, 9, 1, 1, 'Bambel'),
(114, 9, 1, 1, 'Bukit Tusam'),
(115, 9, 1, 1, 'Darul Hasanah'),
(116, 9, 1, 1, 'Deleng Pokhisen'),
(117, 9, 1, 1, 'Ketambe'),
(118, 9, 1, 1, 'Lawe Alas'),
(119, 9, 1, 1, 'Lawe Bulan'),
(120, 9, 1, 1, 'Lawe Sigala-Gala'),
(121, 9, 1, 1, 'Lawe Sumur'),
(122, 9, 1, 1, 'Leuser'),
(123, 9, 1, 1, 'Semadam'),
(124, 9, 1, 1, 'Tanah Alas'),
(125, 10, 1, 1, 'Banda Alam'),
(126, 10, 1, 1, 'Birem Bayeun'),
(127, 10, 1, 1, 'Darul Aman'),
(128, 10, 1, 1, 'Darul Falah'),
(129, 10, 1, 1, 'Darul Iksan (Ihsan)'),
(130, 10, 1, 1, 'Idi Rayeuk'),
(131, 10, 1, 1, 'Idi Timur'),
(132, 10, 1, 1, 'Idi Tunong'),
(133, 10, 1, 1, 'Indra Makmur'),
(134, 10, 1, 1, 'Julok'),
(135, 10, 1, 1, 'Madat'),
(136, 10, 1, 1, 'Nurussalam'),
(137, 10, 1, 1, 'Pante Bidari (Beudari)'),
(138, 10, 1, 1, 'Peudawa'),
(139, 10, 1, 1, 'Peunaron'),
(140, 10, 1, 1, 'Peureulak'),
(141, 10, 1, 1, 'Peureulak Barat'),
(142, 10, 1, 1, 'Peureulak Timur'),
(143, 10, 1, 1, 'Rantau Selamat'),
(144, 10, 1, 1, 'Ranto Peureulak'),
(145, 10, 1, 1, 'Serba Jadi'),
(146, 10, 1, 1, 'Simpang Jernih'),
(147, 10, 1, 1, 'Simpang Ulim'),
(148, 10, 1, 1, 'Sungai Raya'),
(149, 11, 1, 1, 'Baktiya'),
(150, 11, 1, 1, 'Baktiya Barat'),
(151, 11, 1, 1, 'Banda Baro'),
(152, 11, 1, 1, 'Cot Girek'),
(153, 11, 1, 1, 'Dewantara'),
(154, 11, 1, 1, 'Geuredong Pase'),
(155, 11, 1, 1, 'Kuta Makmur'),
(156, 11, 1, 1, 'Langkahan'),
(157, 11, 1, 1, 'Lapang'),
(158, 11, 1, 1, 'Lhoksukon'),
(159, 11, 1, 1, 'Matangkuli'),
(160, 11, 1, 1, 'Meurah Mulia'),
(161, 11, 1, 1, 'Muara Batu'),
(162, 11, 1, 1, 'Nibong'),
(163, 11, 1, 1, 'Nisam'),
(164, 11, 1, 1, 'Nisam Antara'),
(165, 11, 1, 1, 'Paya Bakong'),
(166, 11, 1, 1, 'Pirak Timur'),
(167, 11, 1, 1, 'Samudera'),
(168, 11, 1, 1, 'Sawang'),
(169, 11, 1, 1, 'Seunuddon (Seunudon)'),
(170, 11, 1, 1, 'Simpang Kramat (Keramat)'),
(171, 11, 1, 1, 'Syamtalira Aron'),
(172, 11, 1, 1, 'Syamtalira Bayu'),
(173, 11, 1, 1, 'Tanah Jambo Aye'),
(174, 11, 1, 1, 'Tanah Luas'),
(175, 11, 1, 1, 'Tanah Pasir'),
(278, 19, 1, 1, 'Baiturrahman'),
(279, 19, 1, 1, 'Banda Raya'),
(280, 19, 1, 1, 'Jaya Baru'),
(281, 19, 1, 1, 'Kuta Alam'),
(282, 19, 1, 1, 'Kuta Raja'),
(283, 19, 1, 1, 'Lueng Bata'),
(284, 19, 1, 1, 'Meuraxa'),
(285, 19, 1, 1, 'Syiah Kuala'),
(286, 19, 1, 1, 'Ulee Kareng'),
(797, 12, 1, 1, 'Bandar'),
(798, 12, 1, 1, 'Bener Kelipah'),
(799, 12, 1, 1, 'Bukit'),
(800, 12, 1, 1, 'Gajah Putih'),
(801, 12, 1, 1, 'Mesidah'),
(802, 12, 1, 1, 'Permata'),
(803, 12, 1, 1, 'Pintu Rime Gayo'),
(804, 12, 1, 1, 'Syiah Utama'),
(805, 12, 1, 1, 'Timang Gajah'),
(806, 12, 1, 1, 'Wih Pesam'),
(949, 13, 1, 1, 'Ganda Pura'),
(950, 13, 1, 1, 'Jangka'),
(951, 13, 1, 1, 'Jeumpa'),
(952, 13, 1, 1, 'Jeunieb'),
(953, 13, 1, 1, 'Juli'),
(954, 13, 1, 1, 'Kota Juang'),
(955, 13, 1, 1, 'Kuala'),
(956, 13, 1, 1, 'Kuta Blang'),
(957, 13, 1, 1, 'Makmur'),
(958, 13, 1, 1, 'Pandrah'),
(959, 13, 1, 1, 'Peudada'),
(960, 13, 1, 1, 'Peulimbang (Plimbang)'),
(961, 13, 1, 1, 'Peusangan'),
(962, 13, 1, 1, 'Peusangan Selatan'),
(963, 13, 1, 1, 'Peusangan Siblah Krueng'),
(964, 13, 1, 1, 'Samalanga'),
(965, 13, 1, 1, 'Simpang Mamplam'),
(1753, 14, 1, 1, 'Blang Jerango'),
(1754, 14, 1, 1, 'Blang Kejeren'),
(1755, 14, 1, 1, 'Blang Pegayon'),
(1756, 14, 1, 1, 'Dabun Gelang (Debun Gelang)'),
(1757, 14, 1, 1, 'Kuta Panjang'),
(1758, 14, 1, 1, 'Pantan Cuaca'),
(1759, 14, 1, 1, 'Pining (Pinding)'),
(1760, 14, 1, 1, 'Putri Betung'),
(1761, 14, 1, 1, 'Rikit Gaib'),
(1762, 14, 1, 1, 'Terangun (Terangon)'),
(1763, 14, 1, 1, 'Teripe/Tripe Jaya'),
(3283, 20, 1, 1, 'Langsa Barat'),
(3284, 20, 1, 1, 'Langsa Baro'),
(3285, 20, 1, 1, 'Langsa Kota'),
(3286, 20, 1, 1, 'Langsa Lama'),
(3287, 20, 1, 1, 'Langsa Timur'),
(3347, 21, 1, 1, 'Banda Sakti'),
(3348, 21, 1, 1, 'Blang Mangat'),
(3349, 21, 1, 1, 'Muara Dua'),
(3350, 21, 1, 1, 'Muara Satu'),
(4250, 15, 1, 1, 'Beutong'),
(4251, 15, 1, 1, 'Beutong Ateuh Banggalang'),
(4252, 15, 1, 1, 'Darul Makmur'),
(4253, 15, 1, 1, 'Kuala'),
(4254, 15, 1, 1, 'Kuala Pesisir'),
(4255, 15, 1, 1, 'Seunagan'),
(4256, 15, 1, 1, 'Seunagan Timur'),
(4257, 15, 1, 1, 'Suka Makmue'),
(4258, 15, 1, 1, 'Tadu Raya'),
(4259, 15, 1, 1, 'Tripa Makmur'),
(4999, 16, 1, 1, 'Batee'),
(5000, 16, 1, 1, 'Delima'),
(5001, 16, 1, 1, 'Geumpang'),
(5002, 16, 1, 1, 'Glumpang Baro'),
(5003, 16, 1, 1, 'Glumpang Tiga (Geulumpang Tiga)'),
(5004, 16, 1, 1, 'Grong Grong'),
(5005, 16, 1, 1, 'Indrajaya'),
(5006, 16, 1, 1, 'Kembang Tanjong (Tanjung)'),
(5007, 16, 1, 1, 'Keumala'),
(5008, 16, 1, 1, 'Kota Sigli'),
(5009, 16, 1, 1, 'Mane'),
(5010, 16, 1, 1, 'Mila'),
(5011, 16, 1, 1, 'Muara Tiga'),
(5012, 16, 1, 1, 'Mutiara'),
(5013, 16, 1, 1, 'Mutiara Timur'),
(5014, 16, 1, 1, 'Padang Tiji'),
(5015, 16, 1, 1, 'Peukan Baro'),
(5016, 16, 1, 1, 'Pidie'),
(5017, 16, 1, 1, 'Sakti'),
(5018, 16, 1, 1, 'Simpang Tiga'),
(5019, 16, 1, 1, 'Tangse'),
(5020, 16, 1, 1, 'Tiro/Truseb'),
(5021, 16, 1, 1, 'Titeue'),
(5022, 17, 1, 1, 'Bandar Baru'),
(5023, 17, 1, 1, 'Bandar Dua'),
(5024, 17, 1, 1, 'Jangka Buya'),
(5025, 17, 1, 1, 'Meurah Dua'),
(5026, 17, 1, 1, 'Meureudu'),
(5027, 17, 1, 1, 'Panteraja'),
(5028, 17, 1, 1, 'Trienggadeng'),
(5029, 17, 1, 1, 'Ulim'),
(5344, 22, 1, 1, 'Sukajaya'),
(5345, 22, 1, 1, 'Sukakarya'),
(5724, 18, 1, 1, 'Alapan (Alafan)'),
(5725, 18, 1, 1, 'Salang'),
(5726, 18, 1, 1, 'Simeuleu Barat'),
(5727, 18, 1, 1, 'Simeuleu Tengah'),
(5728, 18, 1, 1, 'Simeuleu Timur'),
(5729, 18, 1, 1, 'Simeulue Cut'),
(5730, 18, 1, 1, 'Teluk Dalam'),
(5731, 18, 1, 1, 'Teupah Barat'),
(5732, 18, 1, 1, 'Teupah Selatan'),
(5733, 18, 1, 1, 'Teupah Tengah'),
(5913, 23, 1, 1, 'Longkib'),
(5914, 23, 1, 1, 'Penanggalan'),
(5915, 23, 1, 1, 'Rundeng'),
(5916, 23, 1, 1, 'Simpang Kiri'),
(5917, 23, 1, 1, 'Sultan Daulat'),
(911, 279, 18, 1, 'Ambalawi'),
(912, 279, 18, 1, 'Belo'),
(913, 279, 18, 1, 'Bolo'),
(914, 279, 18, 1, 'Donggo'),
(915, 279, 18, 1, 'Lambitu'),
(916, 279, 18, 1, 'Lambu'),
(917, 279, 18, 1, 'Langgudu'),
(918, 279, 18, 1, 'Madapangga'),
(919, 279, 18, 1, 'Monta'),
(920, 279, 18, 1, 'Palibelo'),
(921, 279, 18, 1, 'Parado'),
(922, 279, 18, 1, 'Sanggar'),
(923, 279, 18, 1, 'Sape'),
(924, 279, 18, 1, 'Soromandi'),
(925, 279, 18, 1, 'Tambora'),
(926, 279, 18, 1, 'Wawo'),
(927, 279, 18, 1, 'Wera'),
(928, 279, 18, 1, 'Woha'),
(929, 287, 18, 1, 'Asakota'),
(930, 287, 18, 1, 'Mpunda'),
(931, 287, 18, 1, 'Raba'),
(932, 287, 18, 1, 'Rasanae Barat'),
(933, 287, 18, 1, 'Rasanae Timur'),
(1609, 280, 18, 1, 'Dompu'),
(1610, 280, 18, 1, 'Hu\'u'),
(1611, 280, 18, 1, 'Kempo'),
(1612, 280, 18, 1, 'Kilo'),
(1613, 280, 18, 1, 'Menggelewa (Manggelewa)'),
(1614, 280, 18, 1, 'Pajo'),
(1615, 280, 18, 1, 'Pekat'),
(1616, 280, 18, 1, 'Woja'),
(3372, 281, 18, 1, 'Batu Layar'),
(3373, 281, 18, 1, 'Gerung'),
(3374, 281, 18, 1, 'Gunungsari'),
(3375, 281, 18, 1, 'Kediri'),
(3376, 281, 18, 1, 'Kuripan'),
(3377, 281, 18, 1, 'Labuapi'),
(3378, 281, 18, 1, 'Lembar'),
(3379, 281, 18, 1, 'Lingsar'),
(3380, 281, 18, 1, 'Narmada'),
(3381, 281, 18, 1, 'Sekotong'),
(3382, 282, 18, 1, 'Batukliang'),
(3383, 282, 18, 1, 'Batukliang Utara'),
(3384, 282, 18, 1, 'Janapria'),
(3385, 282, 18, 1, 'Jonggat'),
(3386, 282, 18, 1, 'Kopang'),
(3387, 282, 18, 1, 'Praya'),
(3388, 282, 18, 1, 'Praya Barat'),
(3389, 282, 18, 1, 'Praya Barat Daya'),
(3390, 282, 18, 1, 'Praya Tengah'),
(3391, 282, 18, 1, 'Praya Timur'),
(3392, 282, 18, 1, 'Pringgarata'),
(3393, 282, 18, 1, 'Pujut'),
(3394, 283, 18, 1, 'Aikmel'),
(3395, 283, 18, 1, 'Jerowaru'),
(3396, 283, 18, 1, 'Keruak'),
(3397, 283, 18, 1, 'Labuhan Haji'),
(3398, 283, 18, 1, 'Masbagik'),
(3399, 283, 18, 1, 'Montong Gading'),
(3400, 283, 18, 1, 'Pringgabaya'),
(3401, 283, 18, 1, 'Pringgasela'),
(3402, 283, 18, 1, 'Sakra'),
(3403, 283, 18, 1, 'Sakra Barat'),
(3404, 283, 18, 1, 'Sakra Timur'),
(3405, 283, 18, 1, 'Sambalia (Sambelia)'),
(3406, 283, 18, 1, 'Selong'),
(3407, 283, 18, 1, 'Sembalun'),
(3408, 283, 18, 1, 'Sikur'),
(3409, 283, 18, 1, 'Suela (Suwela)'),
(3410, 283, 18, 1, 'Sukamulia'),
(3411, 283, 18, 1, 'Suralaga'),
(3412, 283, 18, 1, 'Terara'),
(3413, 283, 18, 1, 'Wanasaba'),
(3414, 284, 18, 1, 'Bayan'),
(3415, 284, 18, 1, 'Gangga'),
(3416, 284, 18, 1, 'Kayangan'),
(3417, 284, 18, 1, 'Pemenang'),
(3418, 284, 18, 1, 'Tanjung'),
(3876, 288, 18, 1, 'Ampenan'),
(3877, 288, 18, 1, 'Cakranegara'),
(3878, 288, 18, 1, 'Mataram'),
(3879, 288, 18, 1, 'Sandubaya (Sandujaya)'),
(3880, 288, 18, 1, 'Sekarbela'),
(3881, 288, 18, 1, 'Selaparang (Selaprang)'),
(6033, 285, 18, 1, 'Alas'),
(6034, 285, 18, 1, 'Alas Barat'),
(6035, 285, 18, 1, 'Batulanteh'),
(6036, 285, 18, 1, 'Buer'),
(6037, 285, 18, 1, 'Empang'),
(6038, 285, 18, 1, 'Labangka'),
(6039, 285, 18, 1, 'Labuhan Badas'),
(6040, 285, 18, 1, 'Lantung'),
(6041, 285, 18, 1, 'Lape (Lape Lopok)'),
(6042, 285, 18, 1, 'Lenangguar'),
(6043, 285, 18, 1, 'Lopok'),
(6044, 285, 18, 1, 'Lunyuk'),
(6045, 285, 18, 1, 'Maronge'),
(6046, 285, 18, 1, 'Moyo Hilir'),
(6047, 285, 18, 1, 'Moyo Hulu'),
(6048, 285, 18, 1, 'Moyo Utara'),
(6049, 285, 18, 1, 'Orong Telu'),
(6050, 285, 18, 1, 'Plampang'),
(6051, 285, 18, 1, 'Rhee'),
(6052, 285, 18, 1, 'Ropang'),
(6053, 285, 18, 1, 'Sumbawa'),
(6054, 285, 18, 1, 'Tarano'),
(6055, 285, 18, 1, 'Unter Iwes (Unterwiris)'),
(6056, 285, 18, 1, 'Utan'),
(6057, 286, 18, 1, 'Brang Ene'),
(6058, 286, 18, 1, 'Brang Rea'),
(6059, 286, 18, 1, 'Jereweh'),
(6060, 286, 18, 1, 'Maluk'),
(6061, 286, 18, 1, 'Poto Tano'),
(6062, 286, 18, 1, 'Sateluk (Seteluk)'),
(6063, 286, 18, 1, 'Sekongkang'),
(6064, 286, 18, 1, 'Taliwang'),
(192, 289, 19, 1, 'Alor Barat Daya'),
(193, 289, 19, 1, 'Alor Barat Laut'),
(194, 289, 19, 1, 'Alor Selatan'),
(195, 289, 19, 1, 'Alor Tengah Utara'),
(196, 289, 19, 1, 'Alor Timur'),
(197, 289, 19, 1, 'Alor Timur Laut'),
(198, 289, 19, 1, 'Kabola'),
(199, 289, 19, 1, 'Lembur'),
(200, 289, 19, 1, 'Mataru'),
(201, 289, 19, 1, 'Pantar'),
(202, 289, 19, 1, 'Pantar Barat'),
(203, 289, 19, 1, 'Pantar Barat Laut'),
(204, 289, 19, 1, 'Pantar Tengah'),
(205, 289, 19, 1, 'Pantar Timur'),
(206, 289, 19, 1, 'Pulau Pura'),
(207, 289, 19, 1, 'Pureman'),
(208, 289, 19, 1, 'Teluk Mutiara'),
(773, 290, 19, 1, 'Atambua Barat'),
(774, 290, 19, 1, 'Atambua Kota'),
(775, 290, 19, 1, 'Atambua Selatan'),
(776, 290, 19, 1, 'Botin Leo Bele'),
(777, 290, 19, 1, 'Io Kufeu'),
(778, 290, 19, 1, 'Kakuluk Mesak'),
(779, 290, 19, 1, 'Kobalima'),
(780, 290, 19, 1, 'Kobalima Timur'),
(781, 290, 19, 1, 'Laen Manen'),
(782, 290, 19, 1, 'Lamaknen'),
(783, 290, 19, 1, 'Lamaknen Selatan'),
(784, 290, 19, 1, 'Lasiolat'),
(785, 290, 19, 1, 'Malaka Barat'),
(786, 290, 19, 1, 'Malaka Tengah'),
(787, 290, 19, 1, 'Malaka Timur'),
(788, 290, 19, 1, 'Nanaet Duabesi'),
(789, 290, 19, 1, 'Raihat'),
(790, 290, 19, 1, 'Raimanuk'),
(791, 290, 19, 1, 'Rinhat'),
(792, 290, 19, 1, 'Sasitamean'),
(793, 290, 19, 1, 'Tasifeto Barat'),
(794, 290, 19, 1, 'Tasifeto Timur'),
(795, 290, 19, 1, 'Weliman'),
(796, 290, 19, 1, 'Wewiku'),
(1650, 291, 19, 1, 'Detukeli'),
(1651, 291, 19, 1, 'Detusoko'),
(1652, 291, 19, 1, 'Ende'),
(1653, 291, 19, 1, 'Ende Selatan'),
(1654, 291, 19, 1, 'Ende Tengah'),
(1655, 291, 19, 1, 'Ende Timur'),
(1656, 291, 19, 1, 'Ende Utara'),
(1657, 291, 19, 1, 'Kelimutu'),
(1658, 291, 19, 1, 'Kotabaru'),
(1659, 291, 19, 1, 'Lepembusu Kelisoke'),
(1660, 291, 19, 1, 'Lio Timur'),
(1661, 291, 19, 1, 'Maukaro'),
(1662, 291, 19, 1, 'Maurole'),
(1663, 291, 19, 1, 'Nangapanda'),
(1664, 291, 19, 1, 'Ndona'),
(1665, 291, 19, 1, 'Ndona Timur'),
(1666, 291, 19, 1, 'Ndori'),
(1667, 291, 19, 1, 'Pulau Ende'),
(1668, 291, 19, 1, 'Wewaria'),
(1669, 291, 19, 1, 'Wolojita'),
(1670, 291, 19, 1, 'Wolowaru'),
(1692, 292, 19, 1, 'Adonara'),
(1693, 292, 19, 1, 'Adonara Barat'),
(1694, 292, 19, 1, 'Adonara Tengah'),
(1695, 292, 19, 1, 'Adonara Timur'),
(1696, 292, 19, 1, 'Demon Pagong'),
(1697, 292, 19, 1, 'Ile Boleng'),
(1698, 292, 19, 1, 'Ile Bura'),
(1699, 292, 19, 1, 'Ile Mandiri'),
(1700, 292, 19, 1, 'Kelubagolit (Klubagolit)'),
(1701, 292, 19, 1, 'Larantuka'),
(1702, 292, 19, 1, 'Lewolema'),
(1703, 292, 19, 1, 'Solor Barat'),
(1704, 292, 19, 1, 'Solor Selatan'),
(1705, 292, 19, 1, 'Solor Timur'),
(1706, 292, 19, 1, 'Tanjung Bunga'),
(1707, 292, 19, 1, 'Titehena'),
(1708, 292, 19, 1, 'Witihama (Watihama)'),
(1709, 292, 19, 1, 'Wotan Ulumado'),
(1710, 292, 19, 1, 'Wulanggitang'),
(2974, 293, 19, 1, 'Amabi Oefeto'),
(2975, 293, 19, 1, 'Amabi Oefeto Timur'),
(2976, 293, 19, 1, 'Amarasi'),
(2977, 293, 19, 1, 'Amarasi Barat'),
(2978, 293, 19, 1, 'Amarasi Selatan'),
(2979, 293, 19, 1, 'Amarasi Timur'),
(2980, 293, 19, 1, 'Amfoang Barat Daya'),
(2981, 293, 19, 1, 'Amfoang Barat Laut'),
(2982, 293, 19, 1, 'Amfoang Selatan'),
(2983, 293, 19, 1, 'Amfoang Tengah'),
(2984, 293, 19, 1, 'Amfoang Timur'),
(2985, 293, 19, 1, 'Amfoang Utara'),
(2986, 293, 19, 1, 'Fatuleu'),
(2987, 293, 19, 1, 'Fatuleu Barat'),
(2988, 293, 19, 1, 'Fatuleu Tengah'),
(2989, 293, 19, 1, 'Kupang Barat'),
(2990, 293, 19, 1, 'Kupang Tengah'),
(2991, 293, 19, 1, 'Kupang Timur'),
(2992, 293, 19, 1, 'Nekamese'),
(2993, 293, 19, 1, 'Semau'),
(2994, 293, 19, 1, 'Semau Selatan'),
(2995, 293, 19, 1, 'Sulamu'),
(2996, 293, 19, 1, 'Taebenu'),
(2997, 293, 19, 1, 'Takari'),
(2998, 309, 19, 1, 'Alak'),
(2999, 309, 19, 1, 'Kelapa Lima'),
(3000, 309, 19, 1, 'Kota Lama'),
(3001, 309, 19, 1, 'Kota Raja'),
(3002, 309, 19, 1, 'Maulafa'),
(3003, 309, 19, 1, 'Oebobo'),
(3338, 294, 19, 1, 'Atadei'),
(3339, 294, 19, 1, 'Buyasuri (Buyasari)'),
(3340, 294, 19, 1, 'Ile Ape'),
(3341, 294, 19, 1, 'Ile Ape Timur'),
(3342, 294, 19, 1, 'Lebatukan'),
(3343, 294, 19, 1, 'Nagawutung'),
(3344, 294, 19, 1, 'Nubatukan'),
(3345, 294, 19, 1, 'Omesuri'),
(3346, 294, 19, 1, 'Wulandoni (Wulandioni)'),
(3802, 295, 19, 1, 'Cibal'),
(3803, 295, 19, 1, 'Cibal Barat'),
(3804, 295, 19, 1, 'Langke Rembong'),
(3805, 295, 19, 1, 'Lelak'),
(3806, 295, 19, 1, 'Rahong Utara'),
(3807, 295, 19, 1, 'Reok'),
(3808, 295, 19, 1, 'Reok Barat'),
(3809, 295, 19, 1, 'Ruteng'),
(3810, 295, 19, 1, 'Satar Mese'),
(3811, 295, 19, 1, 'Satar Mese Barat'),
(3812, 295, 19, 1, 'Wae Rii'),
(3813, 296, 19, 1, 'Boleng'),
(3814, 296, 19, 1, 'Komodo'),
(3815, 296, 19, 1, 'Kuwus'),
(3816, 296, 19, 1, 'Lembor'),
(3817, 296, 19, 1, 'Lembor Selatan'),
(3818, 296, 19, 1, 'Macang Pacar'),
(3819, 296, 19, 1, 'Mbeliling'),
(3820, 296, 19, 1, 'Ndoso'),
(3821, 296, 19, 1, 'Sano Nggoang'),
(3822, 296, 19, 1, 'Welak'),
(3823, 297, 19, 1, 'Borong'),
(3824, 297, 19, 1, 'Elar'),
(3825, 297, 19, 1, 'Elar Selatan'),
(3826, 297, 19, 1, 'Kota Komba'),
(3827, 297, 19, 1, 'Lamba Leda'),
(3828, 297, 19, 1, 'Poco Ranaka'),
(3829, 297, 19, 1, 'Poco Ranaka Timur'),
(3830, 297, 19, 1, 'Rana Mese'),
(3831, 297, 19, 1, 'Sambi Rampas'),
(4260, 299, 19, 1, 'Aesesa'),
(4261, 299, 19, 1, 'Aesesa Selatan'),
(4262, 299, 19, 1, 'Boawae'),
(4263, 299, 19, 1, 'Keo Tengah'),
(4264, 299, 19, 1, 'Mauponggo'),
(4265, 299, 19, 1, 'Nangaroro'),
(4266, 299, 19, 1, 'Wolowae'),
(4311, 298, 19, 1, 'Aimere'),
(4312, 298, 19, 1, 'Bajawa'),
(4313, 298, 19, 1, 'Bajawa Utara'),
(4314, 298, 19, 1, 'Golewa'),
(4315, 298, 19, 1, 'Golewa Barat'),
(4316, 298, 19, 1, 'Golewa Selatan'),
(4317, 298, 19, 1, 'Inerie'),
(4318, 298, 19, 1, 'Jerebuu'),
(4319, 298, 19, 1, 'Riung'),
(4320, 298, 19, 1, 'Riung Barat'),
(4321, 298, 19, 1, 'Soa'),
(4322, 298, 19, 1, 'Wolomeze (Riung Selatan)'),
(5334, 300, 19, 1, 'Landu Leko'),
(5335, 300, 19, 1, 'Lobalain'),
(5336, 300, 19, 1, 'Ndao Nuse'),
(5337, 300, 19, 1, 'Pantai Baru'),
(5338, 300, 19, 1, 'Rote Barat'),
(5339, 300, 19, 1, 'Rote Barat Daya'),
(5340, 300, 19, 1, 'Rote Barat Laut'),
(5341, 300, 19, 1, 'Rote Selatan'),
(5342, 300, 19, 1, 'Rote Tengah'),
(5343, 300, 19, 1, 'Rote Timur'),
(5346, 301, 19, 1, 'Hawu Mehara'),
(5347, 301, 19, 1, 'Raijua'),
(5348, 301, 19, 1, 'Sabu Barat'),
(5349, 301, 19, 1, 'Sabu Liae'),
(5350, 301, 19, 1, 'Sabu Tengah'),
(5351, 301, 19, 1, 'Sabu Timur'),
(5672, 302, 19, 1, 'Alok'),
(5673, 302, 19, 1, 'Alok Barat'),
(5674, 302, 19, 1, 'Alok Timur'),
(5675, 302, 19, 1, 'Bola'),
(5676, 302, 19, 1, 'Doreng'),
(5677, 302, 19, 1, 'Hewokloang'),
(5678, 302, 19, 1, 'Kangae'),
(5679, 302, 19, 1, 'Kewapante'),
(5680, 302, 19, 1, 'Koting'),
(5681, 302, 19, 1, 'Lela'),
(5682, 302, 19, 1, 'Magepanda'),
(5683, 302, 19, 1, 'Mapitara'),
(5684, 302, 19, 1, 'Mego'),
(5685, 302, 19, 1, 'Nelle (Maumerei)'),
(5686, 302, 19, 1, 'Nita'),
(5687, 302, 19, 1, 'Paga'),
(5688, 302, 19, 1, 'Palue'),
(5689, 302, 19, 1, 'Talibura'),
(5690, 302, 19, 1, 'Tana Wawo'),
(5691, 302, 19, 1, 'Waiblama'),
(5692, 302, 19, 1, 'Waigete'),
(5989, 303, 19, 1, 'Kota Waikabubak'),
(5990, 303, 19, 1, 'Lamboya'),
(5991, 303, 19, 1, 'Lamboya Barat'),
(5992, 303, 19, 1, 'Loli'),
(5993, 303, 19, 1, 'Tana Righu'),
(5994, 303, 19, 1, 'Wanokaka'),
(5995, 304, 19, 1, 'Kodi'),
(5996, 304, 19, 1, 'Kodi Balaghar'),
(5997, 304, 19, 1, 'Kodi Bangedo'),
(5998, 304, 19, 1, 'Kodi Utara'),
(5999, 304, 19, 1, 'Kota Tambolaka'),
(6000, 304, 19, 1, 'Loura (Laura)'),
(6001, 304, 19, 1, 'Wewewa Barat'),
(6002, 304, 19, 1, 'Wewewa Selatan'),
(6003, 304, 19, 1, 'Wewewa Tengah (Wewera Tengah)'),
(6004, 304, 19, 1, 'Wewewa Timur'),
(6005, 304, 19, 1, 'Wewewa Utara'),
(6006, 305, 19, 1, 'Katikutana'),
(6007, 305, 19, 1, 'Katikutana Selatan'),
(6008, 305, 19, 1, 'Mamboro'),
(6009, 305, 19, 1, 'Umbu Ratu Nggay'),
(6010, 305, 19, 1, 'Umbu Ratu Nggay Barat'),
(6011, 306, 19, 1, 'Haharu'),
(6012, 306, 19, 1, 'Kahaunguweti (Kahaungu Eti)'),
(6013, 306, 19, 1, 'Kambata Mapambuhang'),
(6014, 306, 19, 1, 'Kambera'),
(6015, 306, 19, 1, 'Kanatang'),
(6016, 306, 19, 1, 'Karera'),
(6017, 306, 19, 1, 'Katala Hamu Lingu'),
(6018, 306, 19, 1, 'Kota Waingapu'),
(6019, 306, 19, 1, 'Lewa'),
(6020, 306, 19, 1, 'Lewa Tidahu'),
(6021, 306, 19, 1, 'Mahu'),
(6022, 306, 19, 1, 'Matawai Lappau (La Pawu)'),
(6023, 306, 19, 1, 'Ngadu Ngala'),
(6024, 306, 19, 1, 'Nggaha Oriangu'),
(6025, 306, 19, 1, 'Paberiwai'),
(6026, 306, 19, 1, 'Pahunga Lodu'),
(6027, 306, 19, 1, 'Pandawai'),
(6028, 306, 19, 1, 'Pinupahar (Pirapahar)'),
(6029, 306, 19, 1, 'Rindi'),
(6030, 306, 19, 1, 'Tabundung'),
(6031, 306, 19, 1, 'Umalulu'),
(6032, 306, 19, 1, 'Wula Waijelu'),
(6596, 307, 19, 1, 'Amanatun Selatan'),
(6597, 307, 19, 1, 'Amanatun Utara'),
(6598, 307, 19, 1, 'Amanuban Barat'),
(6599, 307, 19, 1, 'Amanuban Selatan'),
(6600, 307, 19, 1, 'Amanuban Tengah'),
(6601, 307, 19, 1, 'Amanuban Timur'),
(6602, 307, 19, 1, 'Batu Putih'),
(6603, 307, 19, 1, 'Boking'),
(6604, 307, 19, 1, 'Fatukopa'),
(6605, 307, 19, 1, 'Fatumnasi'),
(6606, 307, 19, 1, 'Fautmolo'),
(6607, 307, 19, 1, 'Kie (Ki\'e)'),
(6608, 307, 19, 1, 'Kok Baun'),
(6609, 307, 19, 1, 'Kolbano'),
(6610, 307, 19, 1, 'Kot Olin'),
(6611, 307, 19, 1, 'Kota Soe'),
(6612, 307, 19, 1, 'Kualin'),
(6613, 307, 19, 1, 'Kuanfatu'),
(6614, 307, 19, 1, 'Kuatnana'),
(6615, 307, 19, 1, 'Mollo Barat'),
(6616, 307, 19, 1, 'Mollo Selatan'),
(6617, 307, 19, 1, 'Mollo Tengah'),
(6618, 307, 19, 1, 'Mollo Utara'),
(6619, 307, 19, 1, 'Noebana'),
(6620, 307, 19, 1, 'Noebeba'),
(6621, 307, 19, 1, 'Nunbena'),
(6622, 307, 19, 1, 'Nunkolo'),
(6623, 307, 19, 1, 'Oenino'),
(6624, 307, 19, 1, 'Polen'),
(6625, 307, 19, 1, 'Santian'),
(6626, 307, 19, 1, 'Tobu'),
(6627, 307, 19, 1, 'Toianas'),
(6628, 308, 19, 1, 'Biboki Anleu'),
(6629, 308, 19, 1, 'Biboki Feotleu'),
(6630, 308, 19, 1, 'Biboki Moenleu'),
(6631, 308, 19, 1, 'Biboki Selatan'),
(6632, 308, 19, 1, 'Biboki Tan Pah'),
(6633, 308, 19, 1, 'Biboki Utara'),
(6634, 308, 19, 1, 'Bikomi Nilulat'),
(6635, 308, 19, 1, 'Bikomi Selatan'),
(6636, 308, 19, 1, 'Bikomi Tengah'),
(6637, 308, 19, 1, 'Bikomi Utara'),
(6638, 308, 19, 1, 'Insana'),
(6639, 308, 19, 1, 'Insana Barat'),
(6640, 308, 19, 1, 'Insana Fafinesu'),
(6641, 308, 19, 1, 'Insana Tengah'),
(6642, 308, 19, 1, 'Insana Utara'),
(6643, 308, 19, 1, 'Kota Kefamenanu'),
(6644, 308, 19, 1, 'Miomaffo Barat'),
(6645, 308, 19, 1, 'Miomaffo Tengah'),
(6646, 308, 19, 1, 'Miomaffo Timur'),
(6647, 308, 19, 1, 'Musi'),
(6648, 308, 19, 1, 'Mutis'),
(6649, 308, 19, 1, 'Naibenu'),
(6650, 308, 19, 1, 'Noemuti'),
(6651, 308, 19, 1, 'Noemuti Timur'),
(239, 458, 33, 1, 'Agats'),
(240, 458, 33, 1, 'Akat'),
(241, 458, 33, 1, 'Atsy / Atsj'),
(242, 458, 33, 1, 'Ayip'),
(243, 458, 33, 1, 'Betcbamu'),
(244, 458, 33, 1, 'Der Koumur'),
(245, 458, 33, 1, 'Fayit'),
(246, 458, 33, 1, 'Jetsy'),
(247, 458, 33, 1, 'Joerat'),
(248, 458, 33, 1, 'Kolf Braza'),
(249, 458, 33, 1, 'Kopay'),
(250, 458, 33, 1, 'Pantai Kasuari'),
(251, 458, 33, 1, 'Pulau Tiga'),
(252, 458, 33, 1, 'Safan'),
(253, 458, 33, 1, 'Sawa Erma'),
(254, 458, 33, 1, 'Sirets'),
(255, 458, 33, 1, 'Suator'),
(256, 458, 33, 1, 'Suru-suru'),
(257, 458, 33, 1, 'Unir Sirau'),
(892, 459, 33, 1, 'Aimando Padaido'),
(893, 459, 33, 1, 'Andey (Andei)'),
(894, 459, 33, 1, 'Biak Barat'),
(895, 459, 33, 1, 'Biak Kota'),
(896, 459, 33, 1, 'Biak Timur'),
(897, 459, 33, 1, 'Biak Utara'),
(898, 459, 33, 1, 'Bondifuar'),
(899, 459, 33, 1, 'Bruyadori'),
(900, 459, 33, 1, 'Numfor Barat'),
(901, 459, 33, 1, 'Numfor Timur'),
(902, 459, 33, 1, 'Oridek'),
(903, 459, 33, 1, 'Orkeri'),
(904, 459, 33, 1, 'Padaido'),
(905, 459, 33, 1, 'Poiru'),
(906, 459, 33, 1, 'Samofa'),
(907, 459, 33, 1, 'Swandiwe'),
(908, 459, 33, 1, 'Warsa'),
(909, 459, 33, 1, 'Yawosi'),
(910, 459, 33, 1, 'Yendidori'),
(1220, 460, 33, 1, 'Ambatkwi (Ambatkui)'),
(1221, 460, 33, 1, 'Arimop'),
(1222, 460, 33, 1, 'Bomakia'),
(1223, 460, 33, 1, 'Firiwage'),
(1224, 460, 33, 1, 'Fofi'),
(1225, 460, 33, 1, 'Iniyandit'),
(1226, 460, 33, 1, 'Jair'),
(1227, 460, 33, 1, 'Kawagit'),
(1228, 460, 33, 1, 'Ki'),
(1229, 460, 33, 1, 'Kombay'),
(1230, 460, 33, 1, 'Kombut'),
(1231, 460, 33, 1, 'Kouh'),
(1232, 460, 33, 1, 'Mandobo'),
(1233, 460, 33, 1, 'Manggelum'),
(1234, 460, 33, 1, 'Mindiptana'),
(1235, 460, 33, 1, 'Ninati'),
(1236, 460, 33, 1, 'Sesnuk'),
(1237, 460, 33, 1, 'Subur'),
(1238, 460, 33, 1, 'Waropko'),
(1239, 460, 33, 1, 'Yaniruma'),
(1532, 461, 33, 1, 'Bowobado'),
(1533, 461, 33, 1, 'Kapiraya'),
(1534, 461, 33, 1, 'Tigi'),
(1535, 461, 33, 1, 'Tigi Barat'),
(1536, 461, 33, 1, 'Tigi Timur'),
(1599, 462, 33, 1, 'Dogiyai'),
(1600, 462, 33, 1, 'Kamu'),
(1601, 462, 33, 1, 'Kamu Selatan'),
(1602, 462, 33, 1, 'Kamu Timur'),
(1603, 462, 33, 1, 'Kamu Utara (Ikrar/Ikrat)'),
(1604, 462, 33, 1, 'Mapia'),
(1605, 462, 33, 1, 'Mapia Barat'),
(1606, 462, 33, 1, 'Mapia Tengah'),
(1607, 462, 33, 1, 'Piyaiye (Sukikai)'),
(1608, 462, 33, 1, 'Sukikai Selatan'),
(2081, 463, 33, 1, 'Agisiga'),
(2082, 463, 33, 1, 'Biandoga'),
(2083, 463, 33, 1, 'Hitadipa'),
(2084, 463, 33, 1, 'Homeo (Homeyo)'),
(2085, 463, 33, 1, 'Sugapa'),
(2086, 463, 33, 1, 'Wandai'),
(2137, 464, 33, 1, 'Airu'),
(2138, 464, 33, 1, 'Demta'),
(2139, 464, 33, 1, 'Depapre'),
(2140, 464, 33, 1, 'Ebungfau (Ebungfa)'),
(2141, 464, 33, 1, 'Gresi Selatan'),
(2142, 464, 33, 1, 'Kaureh'),
(2143, 464, 33, 1, 'Kemtuk'),
(2144, 464, 33, 1, 'Kemtuk Gresi'),
(2145, 464, 33, 1, 'Nambluong'),
(2146, 464, 33, 1, 'Nimbokrang'),
(2147, 464, 33, 1, 'Nimboran'),
(2148, 464, 33, 1, 'Ravenirara'),
(2149, 464, 33, 1, 'Sentani'),
(2150, 464, 33, 1, 'Sentani Barat'),
(2151, 464, 33, 1, 'Sentani Timur'),
(2152, 464, 33, 1, 'Unurum Guay'),
(2153, 464, 33, 1, 'Waibu'),
(2154, 464, 33, 1, 'Yapsi'),
(2155, 464, 33, 1, 'Yokari'),
(2156, 486, 33, 1, 'Abepura'),
(2157, 486, 33, 1, 'Heram'),
(2158, 486, 33, 1, 'Jayapura Selatan'),
(2159, 486, 33, 1, 'Jayapura Utara'),
(2160, 486, 33, 1, 'Muara Tami'),
(2161, 465, 33, 1, 'Asologaima (Asalogaima)'),
(2162, 465, 33, 1, 'Asolokobal'),
(2163, 465, 33, 1, 'Asotipo'),
(2164, 465, 33, 1, 'Bolakme'),
(2165, 465, 33, 1, 'Bpiri'),
(2166, 465, 33, 1, 'Bugi'),
(2167, 465, 33, 1, 'Hubikiak'),
(2168, 465, 33, 1, 'Hubikosi (Hobikosi)'),
(2169, 465, 33, 1, 'Ibele'),
(2170, 465, 33, 1, 'Itlay Hisage'),
(2171, 465, 33, 1, 'Koragi'),
(2172, 465, 33, 1, 'Kurulu'),
(2173, 465, 33, 1, 'Libarek'),
(2174, 465, 33, 1, 'Maima'),
(2175, 465, 33, 1, 'Molagalome'),
(2176, 465, 33, 1, 'Muliama'),
(2177, 465, 33, 1, 'Musatfak'),
(2178, 465, 33, 1, 'Napua'),
(2179, 465, 33, 1, 'Pelebaga'),
(2180, 465, 33, 1, 'Piramid'),
(2181, 465, 33, 1, 'Pisugi'),
(2182, 465, 33, 1, 'Popugoba'),
(2183, 465, 33, 1, 'Siepkosi'),
(2184, 465, 33, 1, 'Silo Karno Doga'),
(2185, 465, 33, 1, 'Taelarek'),
(2186, 465, 33, 1, 'Tagime'),
(2187, 465, 33, 1, 'Tagineri'),
(2188, 465, 33, 1, 'Trikora'),
(2189, 465, 33, 1, 'Usilimo'),
(2190, 465, 33, 1, 'Wadangku'),
(2191, 465, 33, 1, 'Walaik'),
(2192, 465, 33, 1, 'Walelagama'),
(2193, 465, 33, 1, 'Wame'),
(2194, 465, 33, 1, 'Wamena'),
(2195, 465, 33, 1, 'Welesi'),
(2196, 465, 33, 1, 'Wesaput'),
(2197, 465, 33, 1, 'Wita Waya'),
(2198, 465, 33, 1, 'Wollo (Wolo)'),
(2199, 465, 33, 1, 'Wouma'),
(2200, 465, 33, 1, 'Yalengga'),
(2526, 466, 33, 1, 'Arso'),
(2527, 466, 33, 1, 'Arso Timur'),
(2528, 466, 33, 1, 'Senggi'),
(2529, 466, 33, 1, 'Skamto (Skanto)'),
(2530, 466, 33, 1, 'Towe'),
(2531, 466, 33, 1, 'Waris'),
(2532, 466, 33, 1, 'Web'),
(2672, 467, 33, 1, 'Angkaisera'),
(2673, 467, 33, 1, 'Kepulauan Ambai'),
(2674, 467, 33, 1, 'Kosiwo'),
(2675, 467, 33, 1, 'Poom'),
(2676, 467, 33, 1, 'Pulau Kurudu'),
(2677, 467, 33, 1, 'Pulau Yerui'),
(2678, 467, 33, 1, 'Raimbawi'),
(2679, 467, 33, 1, 'Teluk Ampimoi'),
(2680, 467, 33, 1, 'Windesi'),
(2681, 467, 33, 1, 'Wonawa'),
(2682, 467, 33, 1, 'Yapen Barat'),
(2683, 467, 33, 1, 'Yapen Selatan'),
(2684, 467, 33, 1, 'Yapen Timur'),
(2685, 467, 33, 1, 'Yapen Utara'),
(3288, 468, 33, 1, 'Balingga'),
(3289, 468, 33, 1, 'Dimba'),
(3290, 468, 33, 1, 'Gamelia'),
(3291, 468, 33, 1, 'Kuyawage'),
(3292, 468, 33, 1, 'Makki (Maki)'),
(3293, 468, 33, 1, 'Malagaineri (Malagineri)'),
(3294, 468, 33, 1, 'Pirime'),
(3295, 468, 33, 1, 'Poga'),
(3296, 468, 33, 1, 'Tiom'),
(3297, 468, 33, 1, 'Tiomneri'),
(3727, 469, 33, 1, 'Benuki'),
(3728, 469, 33, 1, 'Mamberamo Hilir/Ilir'),
(3729, 469, 33, 1, 'Mamberamo Hulu/Ulu'),
(3730, 469, 33, 1, 'Mamberamo Tengah'),
(3731, 469, 33, 1, 'Mamberamo Tengah Timur'),
(3732, 469, 33, 1, 'Rofaer (Rufaer)'),
(3733, 469, 33, 1, 'Sawai'),
(3734, 469, 33, 1, 'Waropen Atas'),
(3735, 470, 33, 1, 'Eragayam'),
(3736, 470, 33, 1, 'Ilugwa'),
(3737, 470, 33, 1, 'Kelila'),
(3738, 470, 33, 1, 'Kobakma'),
(3739, 470, 33, 1, 'Megabilis (Megambilis)'),
(3847, 471, 33, 1, 'Assue'),
(3848, 471, 33, 1, 'Bamgi'),
(3849, 471, 33, 1, 'Citakmitak'),
(3850, 471, 33, 1, 'Edera'),
(3851, 471, 33, 1, 'Haju'),
(3852, 471, 33, 1, 'Kaibar'),
(3853, 471, 33, 1, 'Minyamur'),
(3854, 471, 33, 1, 'Nambioman Bapai (Mambioman)'),
(3855, 471, 33, 1, 'Obaa'),
(3856, 471, 33, 1, 'Passue'),
(3857, 471, 33, 1, 'Passue Bawah'),
(3858, 471, 33, 1, 'Syahcame'),
(3859, 471, 33, 1, 'Ti Zain'),
(3860, 471, 33, 1, 'Venaha'),
(3861, 471, 33, 1, 'Yakomi'),
(3962, 472, 33, 1, 'Animha'),
(3963, 472, 33, 1, 'Eligobel'),
(3964, 472, 33, 1, 'Ilyawab'),
(3965, 472, 33, 1, 'Jagebob'),
(3966, 472, 33, 1, 'Kaptel'),
(3967, 472, 33, 1, 'Kimaam'),
(3968, 472, 33, 1, 'Kurik'),
(3969, 472, 33, 1, 'Malind'),
(3970, 472, 33, 1, 'Merauke'),
(3971, 472, 33, 1, 'Muting'),
(3972, 472, 33, 1, 'Naukenjerai'),
(3973, 472, 33, 1, 'Ngguti (Nggunti)'),
(3974, 472, 33, 1, 'Okaba'),
(3975, 472, 33, 1, 'Semangga'),
(3976, 472, 33, 1, 'Sota'),
(3977, 472, 33, 1, 'Tabonji'),
(3978, 472, 33, 1, 'Tanah Miring'),
(3979, 472, 33, 1, 'Tubang'),
(3980, 472, 33, 1, 'Ulilin'),
(3981, 472, 33, 1, 'Waan'),
(3994, 473, 33, 1, 'Agimuga'),
(3995, 473, 33, 1, 'Jila'),
(3996, 473, 33, 1, 'Jita'),
(3997, 473, 33, 1, 'Kuala Kencana'),
(3998, 473, 33, 1, 'Mimika Barat (Mibar)'),
(3999, 473, 33, 1, 'Mimika Barat Jauh'),
(4000, 473, 33, 1, 'Mimika Barat Tengah'),
(4001, 473, 33, 1, 'Mimika Baru'),
(4002, 473, 33, 1, 'Mimika Timur'),
(4003, 473, 33, 1, 'Mimika Timur Jauh'),
(4004, 473, 33, 1, 'Mimika Timur Tengah'),
(4005, 473, 33, 1, 'Tembagapura'),
(4235, 474, 33, 1, 'Dipa'),
(4236, 474, 33, 1, 'Makimi'),
(4237, 474, 33, 1, 'Menou'),
(4238, 474, 33, 1, 'Moora'),
(4239, 474, 33, 1, 'Nabire'),
(4240, 474, 33, 1, 'Nabire Barat'),
(4241, 474, 33, 1, 'Napan'),
(4242, 474, 33, 1, 'Siriwo'),
(4243, 474, 33, 1, 'Teluk Kimi'),
(4244, 474, 33, 1, 'Teluk Umar'),
(4245, 474, 33, 1, 'Uwapa'),
(4246, 474, 33, 1, 'Wanggar'),
(4247, 474, 33, 1, 'Wapoga'),
(4248, 474, 33, 1, 'Yaro (Yaro Kabisay)'),
(4249, 474, 33, 1, 'Yaur'),
(4279, 475, 33, 1, 'Alama'),
(4280, 475, 33, 1, 'Dal'),
(4281, 475, 33, 1, 'Embetpen'),
(4282, 475, 33, 1, 'Gearek'),
(4283, 475, 33, 1, 'Geselma (Geselema)'),
(4284, 475, 33, 1, 'Inikgal'),
(4285, 475, 33, 1, 'Iniye'),
(4286, 475, 33, 1, 'Kegayem'),
(4287, 475, 33, 1, 'Kenyam'),
(4288, 475, 33, 1, 'Kilmid'),
(4289, 475, 33, 1, 'Kora'),
(4290, 475, 33, 1, 'Koroptak'),
(4291, 475, 33, 1, 'Krepkuri'),
(4292, 475, 33, 1, 'Mam'),
(4293, 475, 33, 1, 'Mapenduma'),
(4294, 475, 33, 1, 'Mbua (Mbuga)'),
(4295, 475, 33, 1, 'Mbua Tengah'),
(4296, 475, 33, 1, 'Mbulmu Yalma'),
(4297, 475, 33, 1, 'Mebarok'),
(4298, 475, 33, 1, 'Moba'),
(4299, 475, 33, 1, 'Mugi'),
(4300, 475, 33, 1, 'Nenggeagin'),
(4301, 475, 33, 1, 'Nirkuri'),
(4302, 475, 33, 1, 'Paro'),
(4303, 475, 33, 1, 'Pasir Putih'),
(4304, 475, 33, 1, 'Pija'),
(4305, 475, 33, 1, 'Wosak'),
(4306, 475, 33, 1, 'Wusi'),
(4307, 475, 33, 1, 'Wutpaga'),
(4308, 475, 33, 1, 'Yal'),
(4309, 475, 33, 1, 'Yenggelo'),
(4310, 475, 33, 1, 'Yigi'),
(4720, 476, 33, 1, 'Aradide'),
(4721, 476, 33, 1, 'Bibida'),
(4722, 476, 33, 1, 'Bogobaida'),
(4723, 476, 33, 1, 'Dumadama'),
(4724, 476, 33, 1, 'Ekadide'),
(4725, 476, 33, 1, 'Kebo'),
(4726, 476, 33, 1, 'Paniai Barat'),
(4727, 476, 33, 1, 'Paniai Timur'),
(4728, 476, 33, 1, 'Siriwo'),
(4729, 476, 33, 1, 'Yatamo'),
(4857, 477, 33, 1, 'Aboy'),
(4858, 477, 33, 1, 'Alemsom'),
(4859, 477, 33, 1, 'Awinbon'),
(4860, 477, 33, 1, 'Batani'),
(4861, 477, 33, 1, 'Batom'),
(4862, 477, 33, 1, 'Bime'),
(4863, 477, 33, 1, 'Borme'),
(4864, 477, 33, 1, 'Eipumek'),
(4865, 477, 33, 1, 'Iwur (Okiwur)'),
(4866, 477, 33, 1, 'Jetfa'),
(4867, 477, 33, 1, 'Kalomdol'),
(4868, 477, 33, 1, 'Kawor'),
(4869, 477, 33, 1, 'Kiwirok'),
(4870, 477, 33, 1, 'Kiwirok Timur'),
(4871, 477, 33, 1, 'Mofinop'),
(4872, 477, 33, 1, 'Murkim'),
(4873, 477, 33, 1, 'Nongme'),
(4874, 477, 33, 1, 'Ok Aom'),
(4875, 477, 33, 1, 'Okbab'),
(4876, 477, 33, 1, 'Okbape'),
(4877, 477, 33, 1, 'Okbemtau'),
(4878, 477, 33, 1, 'Okbibab'),
(4879, 477, 33, 1, 'Okhika'),
(4880, 477, 33, 1, 'Oklip'),
(4881, 477, 33, 1, 'Oksamol'),
(4882, 477, 33, 1, 'Oksebang'),
(4883, 477, 33, 1, 'Oksibil'),
(4884, 477, 33, 1, 'Oksop'),
(4885, 477, 33, 1, 'Pamek'),
(4886, 477, 33, 1, 'Pepera'),
(4887, 477, 33, 1, 'Serambakon'),
(4888, 477, 33, 1, 'Tarup'),
(4889, 477, 33, 1, 'Teiraplu'),
(4890, 477, 33, 1, 'Weime'),
(5183, 478, 33, 1, 'Agadugume'),
(5184, 478, 33, 1, 'Beoga'),
(5185, 478, 33, 1, 'Doufu'),
(5186, 478, 33, 1, 'Gome'),
(5187, 478, 33, 1, 'Ilaga'),
(5188, 478, 33, 1, 'Pogoma'),
(5189, 478, 33, 1, 'Sinak'),
(5190, 478, 33, 1, 'Wangbe'),
(5191, 479, 33, 1, 'Fawi'),
(5192, 479, 33, 1, 'Ilu'),
(5193, 479, 33, 1, 'Jigonikme'),
(5194, 479, 33, 1, 'Mewoluk (Mewulok)'),
(5195, 479, 33, 1, 'Mulia'),
(5196, 479, 33, 1, 'Tingginambut'),
(5197, 479, 33, 1, 'Torere'),
(5198, 479, 33, 1, 'Yamo'),
(5423, 480, 33, 1, 'Apawer Hulu'),
(5424, 480, 33, 1, 'Bonggo'),
(5425, 480, 33, 1, 'Bonggo Timur'),
(5426, 480, 33, 1, 'Pantai Barat'),
(5427, 480, 33, 1, 'Pantai Timur'),
(5428, 480, 33, 1, 'Pantai Timur Barat'),
(5429, 480, 33, 1, 'Sarmi'),
(5430, 480, 33, 1, 'Sarmi Selatan'),
(5431, 480, 33, 1, 'Sarmi Timur'),
(5432, 480, 33, 1, 'Tor Atas'),
(6126, 481, 33, 1, 'Kepulauan Aruri'),
(6127, 481, 33, 1, 'Supiori Barat'),
(6128, 481, 33, 1, 'Supiori Selatan'),
(6129, 481, 33, 1, 'Supiori Timur'),
(6130, 481, 33, 1, 'Supiori Utara'),
(6687, 482, 33, 1, 'Airgaram'),
(6688, 482, 33, 1, 'Anawi'),
(6689, 482, 33, 1, 'Aweku'),
(6690, 482, 33, 1, 'Bewani'),
(6691, 482, 33, 1, 'Biuk'),
(6692, 482, 33, 1, 'Bogonuk'),
(6693, 482, 33, 1, 'Bokondini'),
(6694, 482, 33, 1, 'Bokoneri'),
(6695, 482, 33, 1, 'Danime'),
(6696, 482, 33, 1, 'Dow'),
(6697, 482, 33, 1, 'Dundu (Ndundu)'),
(6698, 482, 33, 1, 'Egiam'),
(6699, 482, 33, 1, 'Geya'),
(6700, 482, 33, 1, 'Gika'),
(6701, 482, 33, 1, 'Gilubandu (Gilumbandu/Gilimbandu)'),
(6702, 482, 33, 1, 'Goyage'),
(6703, 482, 33, 1, 'Gundagi (Gudage)'),
(6704, 482, 33, 1, 'Kai'),
(6705, 482, 33, 1, 'Kamboneri'),
(6706, 482, 33, 1, 'Kanggime (Kanggima )'),
(6707, 482, 33, 1, 'Karubaga'),
(6708, 482, 33, 1, 'Kembu'),
(6709, 482, 33, 1, 'Kondaga (Konda)'),
(6710, 482, 33, 1, 'Kuari'),
(6711, 482, 33, 1, 'Kubu'),
(6712, 482, 33, 1, 'Li Anogomma'),
(6713, 482, 33, 1, 'Nabunage'),
(6714, 482, 33, 1, 'Nelawi'),
(6715, 482, 33, 1, 'Numba'),
(6716, 482, 33, 1, 'Nunggawi (Munggawi)'),
(6717, 482, 33, 1, 'Panaga'),
(6718, 482, 33, 1, 'Poganeri'),
(6719, 482, 33, 1, 'Tagime'),
(6720, 482, 33, 1, 'Tagineri'),
(6721, 482, 33, 1, 'Telenggeme'),
(6722, 482, 33, 1, 'Timori'),
(6723, 482, 33, 1, 'Umagi'),
(6724, 482, 33, 1, 'Wakuwo'),
(6725, 482, 33, 1, 'Wari (Taiyeve)'),
(6726, 482, 33, 1, 'Wenam'),
(6727, 482, 33, 1, 'Wina'),
(6728, 482, 33, 1, 'Wonoki (Woniki)'),
(6729, 482, 33, 1, 'Wugi'),
(6730, 482, 33, 1, 'Wunin (Wumin)'),
(6731, 482, 33, 1, 'Yuko'),
(6732, 482, 33, 1, 'Yuneri'),
(6862, 483, 33, 1, 'Demba Masirei'),
(6863, 483, 33, 1, 'Inggerus'),
(6864, 483, 33, 1, 'Kirihi'),
(6865, 483, 33, 1, 'Masirei'),
(6866, 483, 33, 1, 'Oudate Waropen'),
(6867, 483, 33, 1, 'Risei Sayati'),
(6868, 483, 33, 1, 'Ureifasei'),
(6869, 483, 33, 1, 'Wapoga Inggerus'),
(6870, 483, 33, 1, 'Waropen Bawah'),
(6925, 484, 33, 1, 'Amuma'),
(6926, 484, 33, 1, 'Anggruk'),
(6927, 484, 33, 1, 'Bomela'),
(6928, 484, 33, 1, 'Dekai');
INSERT INTO `tb_subdistrict` (`SUBD_ID`, `CITY_ID`, `STATE_ID`, `CNTR_ID`, `SUBD_NAME`) VALUES
(6929, 484, 33, 1, 'Dirwemna (Diruwena)'),
(6930, 484, 33, 1, 'Duram'),
(6931, 484, 33, 1, 'Endomen'),
(6932, 484, 33, 1, 'Hereapini (Hereanini)'),
(6933, 484, 33, 1, 'Hilipuk'),
(6934, 484, 33, 1, 'Hogio (Hugio)'),
(6935, 484, 33, 1, 'Holuon'),
(6936, 484, 33, 1, 'Kabianggama (Kabianggema)'),
(6937, 484, 33, 1, 'Kayo'),
(6938, 484, 33, 1, 'Kona'),
(6939, 484, 33, 1, 'Koropun (Korupun)'),
(6940, 484, 33, 1, 'Kosarek'),
(6941, 484, 33, 1, 'Kurima'),
(6942, 484, 33, 1, 'Kwelemdua (Kwelamdua)'),
(6943, 484, 33, 1, 'Kwikma'),
(6944, 484, 33, 1, 'Langda'),
(6945, 484, 33, 1, 'Lolat'),
(6946, 484, 33, 1, 'Mugi'),
(6947, 484, 33, 1, 'Musaik'),
(6948, 484, 33, 1, 'Nalca'),
(6949, 484, 33, 1, 'Ninia'),
(6950, 484, 33, 1, 'Nipsan'),
(6951, 484, 33, 1, 'Obio'),
(6952, 484, 33, 1, 'Panggema'),
(6953, 484, 33, 1, 'Pasema'),
(6954, 484, 33, 1, 'Pronggoli (Proggoli)'),
(6955, 484, 33, 1, 'Puldama'),
(6956, 484, 33, 1, 'Samenage'),
(6957, 484, 33, 1, 'Sela'),
(6958, 484, 33, 1, 'Seredela (Seredala)'),
(6959, 484, 33, 1, 'Silimo'),
(6960, 484, 33, 1, 'Soba'),
(6961, 484, 33, 1, 'Sobaham'),
(6962, 484, 33, 1, 'Soloikma'),
(6963, 484, 33, 1, 'Sumo'),
(6964, 484, 33, 1, 'Suntamon'),
(6965, 484, 33, 1, 'Suru Suru'),
(6966, 484, 33, 1, 'Talambo'),
(6967, 484, 33, 1, 'Tangma'),
(6968, 484, 33, 1, 'Ubahak'),
(6969, 484, 33, 1, 'Ubalihi'),
(6970, 484, 33, 1, 'Ukha'),
(6971, 484, 33, 1, 'Walma'),
(6972, 484, 33, 1, 'Werima'),
(6973, 484, 33, 1, 'Wusuma'),
(6974, 484, 33, 1, 'Yahuliambut'),
(6975, 484, 33, 1, 'Yogosem'),
(6976, 485, 33, 1, 'Abenaho'),
(6977, 485, 33, 1, 'Apalapsili'),
(6978, 485, 33, 1, 'Benawa'),
(6979, 485, 33, 1, 'Elelim'),
(6980, 485, 33, 1, 'Welarek'),
(1683, 487, 32, 1, 'Bombarai (Bomberay)'),
(1684, 487, 32, 1, 'Fakfak'),
(1685, 487, 32, 1, 'Fakfak Barat'),
(1686, 487, 32, 1, 'Fakfak Tengah'),
(1687, 487, 32, 1, 'Fakfak Timur'),
(1688, 487, 32, 1, 'Karas'),
(1689, 487, 32, 1, 'Kokas'),
(1690, 487, 32, 1, 'Kramongmongga (Kramamongga)'),
(1691, 487, 32, 1, 'Teluk Patipi'),
(2285, 488, 32, 1, 'Buruway'),
(2286, 488, 32, 1, 'Kaimana'),
(2287, 488, 32, 1, 'Kambraw (Kamberau)'),
(2288, 488, 32, 1, 'Teluk Arguni Atas'),
(2289, 488, 32, 1, 'Teluk Arguni Bawah (Yerusi)'),
(2290, 488, 32, 1, 'Teluk Etna'),
(2291, 488, 32, 1, 'Yamor'),
(3832, 489, 32, 1, 'Manokwari Barat'),
(3833, 489, 32, 1, 'Manokwari Selatan'),
(3834, 489, 32, 1, 'Manokwari Timur'),
(3835, 489, 32, 1, 'Manokwari Utara'),
(3836, 489, 32, 1, 'Masni'),
(3837, 489, 32, 1, 'Prafi'),
(3838, 489, 32, 1, 'Sidey'),
(3839, 489, 32, 1, 'Tanah Rubuh'),
(3840, 489, 32, 1, 'Warmare'),
(3882, 490, 32, 1, 'Aifat'),
(3883, 490, 32, 1, 'Aifat Selatan'),
(3884, 490, 32, 1, 'Aifat Timur'),
(3885, 490, 32, 1, 'Aifat Timur Jauh'),
(3886, 490, 32, 1, 'Aifat Timur Selatan'),
(3887, 490, 32, 1, 'Aifat Timur Tengah'),
(3888, 490, 32, 1, 'Aifat Utara'),
(3889, 490, 32, 1, 'Aitinyo'),
(3890, 490, 32, 1, 'Aitinyo Barat'),
(3891, 490, 32, 1, 'Aitinyo Raya'),
(3892, 490, 32, 1, 'Aitinyo Tengah'),
(3893, 490, 32, 1, 'Aitinyo Utara'),
(3894, 490, 32, 1, 'Ayamaru'),
(3895, 490, 32, 1, 'Ayamaru Barat'),
(3896, 490, 32, 1, 'Ayamaru Jaya'),
(3897, 490, 32, 1, 'Ayamaru Selatan'),
(3898, 490, 32, 1, 'Ayamaru Selatan Jaya'),
(3899, 490, 32, 1, 'Ayamaru Tengah'),
(3900, 490, 32, 1, 'Ayamaru Timur'),
(3901, 490, 32, 1, 'Ayamaru Timur Selatan'),
(3902, 490, 32, 1, 'Ayamaru Utara'),
(3903, 490, 32, 1, 'Ayamaru Utara Timur'),
(3904, 490, 32, 1, 'Mare'),
(3905, 490, 32, 1, 'Mare Selatan'),
(5250, 491, 32, 1, 'Ayau'),
(5251, 491, 32, 1, 'Batanta Selatan'),
(5252, 491, 32, 1, 'Batanta Utara'),
(5253, 491, 32, 1, 'Kepulauan Ayau'),
(5254, 491, 32, 1, 'Kepulauan Sembilan'),
(5255, 491, 32, 1, 'Kofiau'),
(5256, 491, 32, 1, 'Kota Waisai'),
(5257, 491, 32, 1, 'Meos Mansar'),
(5258, 491, 32, 1, 'Misool (Misool Utara)'),
(5259, 491, 32, 1, 'Misool Barat'),
(5260, 491, 32, 1, 'Misool Selatan'),
(5261, 491, 32, 1, 'Misool Timur'),
(5262, 491, 32, 1, 'Salawati Barat'),
(5263, 491, 32, 1, 'Salawati Tengah'),
(5264, 491, 32, 1, 'Salawati Utara (Samate)'),
(5265, 491, 32, 1, 'Supnin'),
(5266, 491, 32, 1, 'Teluk Mayalibit'),
(5267, 491, 32, 1, 'Tiplol Mayalibit'),
(5268, 491, 32, 1, 'Waigeo Barat'),
(5269, 491, 32, 1, 'Waigeo Barat Kepulauan'),
(5270, 491, 32, 1, 'Waigeo Selatan'),
(5271, 491, 32, 1, 'Waigeo Timur'),
(5272, 491, 32, 1, 'Waigeo Utara'),
(5273, 491, 32, 1, 'Warwabomi'),
(5827, 492, 32, 1, 'Aimas'),
(5828, 492, 32, 1, 'Beraur'),
(5829, 492, 32, 1, 'Klabot'),
(5830, 492, 32, 1, 'Klamono'),
(5831, 492, 32, 1, 'Klaso'),
(5832, 492, 32, 1, 'Klawak'),
(5833, 492, 32, 1, 'Klayili'),
(5834, 492, 32, 1, 'Makbon'),
(5835, 492, 32, 1, 'Mariat'),
(5836, 492, 32, 1, 'Maudus'),
(5837, 492, 32, 1, 'Mayamuk'),
(5838, 492, 32, 1, 'Moisegen'),
(5839, 492, 32, 1, 'Salawati'),
(5840, 492, 32, 1, 'Salawati Selatan'),
(5841, 492, 32, 1, 'Sayosa'),
(5842, 492, 32, 1, 'Seget'),
(5843, 492, 32, 1, 'Segun'),
(5844, 497, 32, 1, 'Sorong'),
(5845, 497, 32, 1, 'Sorong Barat'),
(5846, 497, 32, 1, 'Sorong Kepulauan'),
(5847, 497, 32, 1, 'Sorong Manoi'),
(5848, 497, 32, 1, 'Sorong Timur'),
(5849, 497, 32, 1, 'Sorong Utara'),
(5850, 493, 32, 1, 'Fokour'),
(5851, 493, 32, 1, 'Inanwatan (Inawatan)'),
(5852, 493, 32, 1, 'Kais (Matemani Kais)'),
(5853, 493, 32, 1, 'Kokoda'),
(5854, 493, 32, 1, 'Kokoda Utara'),
(5855, 493, 32, 1, 'Konda'),
(5856, 493, 32, 1, 'Matemani'),
(5857, 493, 32, 1, 'Moswaren'),
(5858, 493, 32, 1, 'Saifi'),
(5859, 493, 32, 1, 'Sawiat'),
(5860, 493, 32, 1, 'Seremuk'),
(5861, 493, 32, 1, 'Teminabuan'),
(5862, 493, 32, 1, 'Wayer'),
(6198, 494, 32, 1, 'Abun'),
(6199, 494, 32, 1, 'Amberbaken'),
(6200, 494, 32, 1, 'Fef (Peef)'),
(6201, 494, 32, 1, 'Kebar'),
(6202, 494, 32, 1, 'Kwoor'),
(6203, 494, 32, 1, 'Miyah (Meyah)'),
(6204, 494, 32, 1, 'Moraid'),
(6205, 494, 32, 1, 'Mubrani'),
(6206, 494, 32, 1, 'Sausapor'),
(6207, 494, 32, 1, 'Senopi'),
(6208, 494, 32, 1, 'Syujak'),
(6209, 494, 32, 1, 'Yembun'),
(6524, 495, 32, 1, 'Aranday'),
(6525, 495, 32, 1, 'Aroba'),
(6526, 495, 32, 1, 'Babo'),
(6527, 495, 32, 1, 'Bintuni'),
(6528, 495, 32, 1, 'Biscoop'),
(6529, 495, 32, 1, 'Dataran Beimes'),
(6530, 495, 32, 1, 'Fafurwar (Irorutu)'),
(6531, 495, 32, 1, 'Kaitaro'),
(6532, 495, 32, 1, 'Kamundan'),
(6533, 495, 32, 1, 'Kuri'),
(6534, 495, 32, 1, 'Manimeri'),
(6535, 495, 32, 1, 'Masyeta'),
(6536, 495, 32, 1, 'Mayado'),
(6537, 495, 32, 1, 'Merdey'),
(6538, 495, 32, 1, 'Moskona Barat'),
(6539, 495, 32, 1, 'Moskona Selatan'),
(6540, 495, 32, 1, 'Moskona Timur'),
(6541, 495, 32, 1, 'Moskona Utara'),
(6542, 495, 32, 1, 'Sumuri (Simuri)'),
(6543, 495, 32, 1, 'Tembuni'),
(6544, 495, 32, 1, 'Tomu'),
(6545, 495, 32, 1, 'Tuhiba'),
(6546, 495, 32, 1, 'Wamesa (Idoor)'),
(6547, 495, 32, 1, 'Weriagar'),
(6548, 496, 32, 1, 'Kuri Wamesa'),
(6549, 496, 32, 1, 'Naikere (Wasior Barat)'),
(6550, 496, 32, 1, 'Nikiwar'),
(6551, 496, 32, 1, 'Rasiei'),
(6552, 496, 32, 1, 'Roon'),
(6553, 496, 32, 1, 'Roswar'),
(6554, 496, 32, 1, 'Rumberpon'),
(6555, 496, 32, 1, 'Soug Jaya'),
(6556, 496, 32, 1, 'Teluk Duairi (Wasior Utara)'),
(6557, 496, 32, 1, 'Wamesa'),
(6558, 496, 32, 1, 'Wasior'),
(6559, 496, 32, 1, 'Windesi'),
(6560, 496, 32, 1, 'Wondiboy (Wasior Selatan)'),
(807, 78, 4, 1, 'Bantan'),
(808, 78, 4, 1, 'Bengkalis'),
(809, 78, 4, 1, 'Bukit Batu'),
(810, 78, 4, 1, 'Mandau'),
(811, 78, 4, 1, 'Pinggir'),
(812, 78, 4, 1, 'Rupat'),
(813, 78, 4, 1, 'Rupat Utara'),
(814, 78, 4, 1, 'Siak Kecil'),
(1633, 88, 4, 1, 'Bukit Kapur'),
(1634, 88, 4, 1, 'Dumai Barat'),
(1635, 88, 4, 1, 'Dumai Kota'),
(1636, 88, 4, 1, 'Dumai Selatan'),
(1637, 88, 4, 1, 'Dumai Timur'),
(1638, 88, 4, 1, 'Medang Kampai'),
(1639, 88, 4, 1, 'Sungai Sembilan'),
(2016, 79, 4, 1, 'Batang Tuaka'),
(2017, 79, 4, 1, 'Concong'),
(2018, 79, 4, 1, 'Enok'),
(2019, 79, 4, 1, 'Gaung'),
(2020, 79, 4, 1, 'Gaung Anak Serka'),
(2021, 79, 4, 1, 'Kateman'),
(2022, 79, 4, 1, 'Kempas'),
(2023, 79, 4, 1, 'Kemuning'),
(2024, 79, 4, 1, 'Keritang'),
(2025, 79, 4, 1, 'Kuala Indragiri'),
(2026, 79, 4, 1, 'Mandah'),
(2027, 79, 4, 1, 'Pelangiran'),
(2028, 79, 4, 1, 'Pulau Burung'),
(2029, 79, 4, 1, 'Reteh'),
(2030, 79, 4, 1, 'Sungai Batang'),
(2031, 79, 4, 1, 'Tanah Merah'),
(2032, 79, 4, 1, 'Teluk Belengkong'),
(2033, 79, 4, 1, 'Tembilahan'),
(2034, 79, 4, 1, 'Tembilahan Hulu'),
(2035, 79, 4, 1, 'Tempuling'),
(2036, 80, 4, 1, 'Batang Cenaku'),
(2037, 80, 4, 1, 'Batang Gansal'),
(2038, 80, 4, 1, 'Batang Peranap'),
(2039, 80, 4, 1, 'Kelayang'),
(2040, 80, 4, 1, 'Kuala Cenaku'),
(2041, 80, 4, 1, 'Lirik'),
(2042, 80, 4, 1, 'Lubuk Batu Jaya'),
(2043, 80, 4, 1, 'Pasir Penyu'),
(2044, 80, 4, 1, 'Peranap'),
(2045, 80, 4, 1, 'Rakit Kulim'),
(2046, 80, 4, 1, 'Rengat'),
(2047, 80, 4, 1, 'Rengat Barat'),
(2048, 80, 4, 1, 'Seberida'),
(2049, 80, 4, 1, 'Sungai Lala'),
(2292, 81, 4, 1, 'Bangkinang'),
(2293, 81, 4, 1, 'Bangkinang Seberang'),
(2294, 81, 4, 1, 'Gunung Sahilan'),
(2295, 81, 4, 1, 'Kampar'),
(2296, 81, 4, 1, 'Kampar Kiri'),
(2297, 81, 4, 1, 'Kampar Kiri Hilir'),
(2298, 81, 4, 1, 'Kampar Kiri Hulu'),
(2299, 81, 4, 1, 'Kampar Kiri Tengah'),
(2300, 81, 4, 1, 'Kampar Timur'),
(2301, 81, 4, 1, 'Kampar Utara'),
(2302, 81, 4, 1, 'Koto Kampar Hulu'),
(2303, 81, 4, 1, 'Kuok (Bangkinang Barat)'),
(2304, 81, 4, 1, 'Perhentian Raja'),
(2305, 81, 4, 1, 'Rumbio Jaya'),
(2306, 81, 4, 1, 'Salo'),
(2307, 81, 4, 1, 'Siak Hulu'),
(2308, 81, 4, 1, 'Tambang'),
(2309, 81, 4, 1, 'Tapung'),
(2310, 81, 4, 1, 'Tapung Hilir'),
(2311, 81, 4, 1, 'Tapung Hulu'),
(2312, 81, 4, 1, 'XIII Koto Kampar'),
(2598, 87, 4, 1, 'Merbau'),
(2599, 87, 4, 1, 'Pulaumerbau'),
(2600, 87, 4, 1, 'Rangsang'),
(2601, 87, 4, 1, 'Rangsang Barat'),
(2602, 87, 4, 1, 'Rangsang Pesisir'),
(2603, 87, 4, 1, 'Tasik Putri Puyu'),
(2604, 87, 4, 1, 'Tebing Tinggi'),
(2605, 87, 4, 1, 'Tebing Tinggi Barat'),
(2606, 87, 4, 1, 'Tebing Tinggi Timur'),
(2897, 82, 4, 1, 'Benai'),
(2898, 82, 4, 1, 'Cerenti'),
(2899, 82, 4, 1, 'Gunung Toar'),
(2900, 82, 4, 1, 'Hulu Kuantan'),
(2901, 82, 4, 1, 'Inuman'),
(2902, 82, 4, 1, 'Kuantan Hilir'),
(2903, 82, 4, 1, 'Kuantan Hilir Seberang'),
(2904, 82, 4, 1, 'Kuantan Mudik'),
(2905, 82, 4, 1, 'Kuantan Tengah'),
(2906, 82, 4, 1, 'Logas Tanah Darat'),
(2907, 82, 4, 1, 'Pangean'),
(2908, 82, 4, 1, 'Pucuk Rantau'),
(2909, 82, 4, 1, 'Sentajo Raya'),
(2910, 82, 4, 1, 'Singingi'),
(2911, 82, 4, 1, 'Singingi Hilir'),
(4914, 89, 4, 1, 'Bukit Raya'),
(4915, 89, 4, 1, 'Lima Puluh'),
(4916, 89, 4, 1, 'Marpoyan Damai'),
(4917, 89, 4, 1, 'Payung Sekaki'),
(4918, 89, 4, 1, 'Pekanbaru Kota'),
(4919, 89, 4, 1, 'Rumbai'),
(4920, 89, 4, 1, 'Rumbai Pesisir'),
(4921, 89, 4, 1, 'Sail'),
(4922, 89, 4, 1, 'Senapelan'),
(4923, 89, 4, 1, 'Sukajadi'),
(4924, 89, 4, 1, 'Tampan'),
(4925, 89, 4, 1, 'Tenayan Raya'),
(4926, 83, 4, 1, 'Bandar Petalangan'),
(4927, 83, 4, 1, 'Bandar Sei Kijang'),
(4928, 83, 4, 1, 'Bunut'),
(4929, 83, 4, 1, 'Kerumutan'),
(4930, 83, 4, 1, 'Kuala Kampar'),
(4931, 83, 4, 1, 'Langgam'),
(4932, 83, 4, 1, 'Pangkalan Kerinci'),
(4933, 83, 4, 1, 'Pangkalan Kuras'),
(4934, 83, 4, 1, 'Pangkalan Lesung'),
(4935, 83, 4, 1, 'Pelalawan'),
(4936, 83, 4, 1, 'Teluk Meranti'),
(4937, 83, 4, 1, 'Ukui'),
(5303, 84, 4, 1, 'Bagan Sinembah'),
(5304, 84, 4, 1, 'Bangko'),
(5305, 84, 4, 1, 'Bangko Pusaka (Pusako)'),
(5306, 84, 4, 1, 'Batu Hampar'),
(5307, 84, 4, 1, 'Kubu'),
(5308, 84, 4, 1, 'Kubu Babussalam'),
(5309, 84, 4, 1, 'Pasir Limau Kapas'),
(5310, 84, 4, 1, 'Pekaitan'),
(5311, 84, 4, 1, 'Pujud'),
(5312, 84, 4, 1, 'Rantau Kopar'),
(5313, 84, 4, 1, 'Rimba Melintang'),
(5314, 84, 4, 1, 'Simpang Kanan'),
(5315, 84, 4, 1, 'Sinaboi (Senaboi)'),
(5316, 84, 4, 1, 'Tanah Putih'),
(5317, 84, 4, 1, 'Tanah Putih Tanjung Melawan'),
(5318, 85, 4, 1, 'Bangun Purba'),
(5319, 85, 4, 1, 'Bonai Darussalam'),
(5320, 85, 4, 1, 'Kabun'),
(5321, 85, 4, 1, 'Kepenuhan'),
(5322, 85, 4, 1, 'Kepenuhan Hulu'),
(5323, 85, 4, 1, 'Kunto Darussalam'),
(5324, 85, 4, 1, 'Pagaran Tapah Darussalam'),
(5325, 85, 4, 1, 'Pendalian IV Koto'),
(5326, 85, 4, 1, 'Rambah'),
(5327, 85, 4, 1, 'Rambah Hilir'),
(5328, 85, 4, 1, 'Rambah Samo'),
(5329, 85, 4, 1, 'Rokan IV Koto'),
(5330, 85, 4, 1, 'Tambusai'),
(5331, 85, 4, 1, 'Tambusai Utara'),
(5332, 85, 4, 1, 'Tandun'),
(5333, 85, 4, 1, 'Ujung Batu'),
(5602, 86, 4, 1, 'Bunga Raya'),
(5603, 86, 4, 1, 'Dayun'),
(5604, 86, 4, 1, 'Kandis'),
(5605, 86, 4, 1, 'Kerinci Kanan'),
(5606, 86, 4, 1, 'Koto Gasib'),
(5607, 86, 4, 1, 'Lubuk Dalam'),
(5608, 86, 4, 1, 'Mempura'),
(5609, 86, 4, 1, 'Minas'),
(5610, 86, 4, 1, 'Pusako'),
(5611, 86, 4, 1, 'Sabak Auh'),
(5612, 86, 4, 1, 'Siak'),
(5613, 86, 4, 1, 'Sungai Apit'),
(5614, 86, 4, 1, 'Sungai Mandau'),
(5615, 86, 4, 1, 'Tualang'),
(3579, 433, 29, 1, 'Banggae'),
(3580, 433, 29, 1, 'Banggae Timur'),
(3581, 433, 29, 1, 'Malunda'),
(3582, 433, 29, 1, 'Pamboang'),
(3583, 433, 29, 1, 'Sendana'),
(3584, 433, 29, 1, 'Tammeredo Sendana'),
(3585, 433, 29, 1, 'Tubo (Tubo Sendana)'),
(3586, 433, 29, 1, 'Ulumunda'),
(3710, 434, 29, 1, 'Aralle (Arrale)'),
(3711, 434, 29, 1, 'Balla'),
(3712, 434, 29, 1, 'Bambang'),
(3713, 434, 29, 1, 'Buntumalangka'),
(3714, 434, 29, 1, 'Mamasa'),
(3715, 434, 29, 1, 'Mambi'),
(3716, 434, 29, 1, 'Mehalaan'),
(3717, 434, 29, 1, 'Messawa'),
(3718, 434, 29, 1, 'Nosu'),
(3719, 434, 29, 1, 'Pana'),
(3720, 434, 29, 1, 'Rantebulahan Timur'),
(3721, 434, 29, 1, 'Sesena Padang'),
(3722, 434, 29, 1, 'Sumarorong'),
(3723, 434, 29, 1, 'Tabang'),
(3724, 434, 29, 1, 'Tabulahan'),
(3725, 434, 29, 1, 'Tanduk Kalua'),
(3726, 434, 29, 1, 'Tawalian'),
(3740, 435, 29, 1, 'Bonehau'),
(3741, 435, 29, 1, 'Budong-Budong'),
(3742, 435, 29, 1, 'Kalukku'),
(3743, 435, 29, 1, 'Kalumpang'),
(3744, 435, 29, 1, 'Karossa'),
(3745, 435, 29, 1, 'Kep. Bala Balakang'),
(3746, 435, 29, 1, 'Mamuju'),
(3747, 435, 29, 1, 'Pangale'),
(3748, 435, 29, 1, 'Papalang'),
(3749, 435, 29, 1, 'Sampaga'),
(3750, 435, 29, 1, 'Simboro dan Kepulauan'),
(3751, 435, 29, 1, 'Tapalang'),
(3752, 435, 29, 1, 'Tapalang Barat'),
(3753, 435, 29, 1, 'Tobadak'),
(3754, 435, 29, 1, 'Tommo'),
(3755, 435, 29, 1, 'Topoyo'),
(3756, 436, 29, 1, 'Bambaira'),
(3757, 436, 29, 1, 'Bambalamotu'),
(3758, 436, 29, 1, 'Baras'),
(3759, 436, 29, 1, 'Bulu Taba'),
(3760, 436, 29, 1, 'Dapurang'),
(3761, 436, 29, 1, 'Duripoku'),
(3762, 436, 29, 1, 'Lariang'),
(3763, 436, 29, 1, 'Pasangkayu'),
(3764, 436, 29, 1, 'Pedongga'),
(3765, 436, 29, 1, 'Sarjo'),
(3766, 436, 29, 1, 'Sarudu'),
(3767, 436, 29, 1, 'Tikke Raya'),
(5055, 437, 29, 1, 'Alu (Allu)'),
(5056, 437, 29, 1, 'Anreapi'),
(5057, 437, 29, 1, 'Balanipa'),
(5058, 437, 29, 1, 'Binuang'),
(5059, 437, 29, 1, 'Bulo'),
(5060, 437, 29, 1, 'Campalagian'),
(5061, 437, 29, 1, 'Limboro'),
(5062, 437, 29, 1, 'Luyo'),
(5063, 437, 29, 1, 'Mapilli'),
(5064, 437, 29, 1, 'Matakali'),
(5065, 437, 29, 1, 'Matangnga'),
(5066, 437, 29, 1, 'Polewali'),
(5067, 437, 29, 1, 'Tapango'),
(5068, 437, 29, 1, 'Tinambung'),
(5069, 437, 29, 1, 'Tubbi Taramanu (Tutar/Tutallu)'),
(5070, 437, 29, 1, 'Wonomulyo'),
(529, 371, 26, 1, 'Bantaeng'),
(530, 371, 26, 1, 'Bissappu'),
(531, 371, 26, 1, 'Eremerasa'),
(532, 371, 26, 1, 'Gantarang Keke (Gantareng Keke)'),
(533, 371, 26, 1, 'Pajukukang'),
(534, 371, 26, 1, 'Sinoa'),
(535, 371, 26, 1, 'Tompobulu'),
(536, 371, 26, 1, 'Uluere'),
(666, 372, 26, 1, 'Balusu'),
(667, 372, 26, 1, 'Barru'),
(668, 372, 26, 1, 'Mallusetasi'),
(669, 372, 26, 1, 'Pujananting'),
(670, 372, 26, 1, 'Soppeng Riaja'),
(671, 372, 26, 1, 'Tanete Riaja'),
(672, 372, 26, 1, 'Tanete Rilau'),
(1172, 373, 26, 1, 'Ajangale'),
(1173, 373, 26, 1, 'Amali'),
(1174, 373, 26, 1, 'Awangpone'),
(1175, 373, 26, 1, 'Barebbo'),
(1176, 373, 26, 1, 'Bengo'),
(1177, 373, 26, 1, 'Bontocani'),
(1178, 373, 26, 1, 'Cenrana'),
(1179, 373, 26, 1, 'Cina'),
(1180, 373, 26, 1, 'Dua Boccoe'),
(1181, 373, 26, 1, 'Kahu'),
(1182, 373, 26, 1, 'Kajuara'),
(1183, 373, 26, 1, 'Lamuru'),
(1184, 373, 26, 1, 'Lappariaja'),
(1185, 373, 26, 1, 'Libureng'),
(1186, 373, 26, 1, 'Mare'),
(1187, 373, 26, 1, 'Palakka'),
(1188, 373, 26, 1, 'Patimpeng'),
(1189, 373, 26, 1, 'Ponre'),
(1190, 373, 26, 1, 'Salomekko'),
(1191, 373, 26, 1, 'Sibulue'),
(1192, 373, 26, 1, 'Tanete Riattang'),
(1193, 373, 26, 1, 'Tanete Riattang Barat'),
(1194, 373, 26, 1, 'Tanete Riattang Timur'),
(1195, 373, 26, 1, 'Tellu Limpoe'),
(1196, 373, 26, 1, 'Tellu Siattinge'),
(1197, 373, 26, 1, 'Tonra'),
(1198, 373, 26, 1, 'Ulaweng'),
(1288, 374, 26, 1, 'Bonto Bahari'),
(1289, 374, 26, 1, 'Bontotiro'),
(1290, 374, 26, 1, 'Bulukumba (Bulukumpa)'),
(1291, 374, 26, 1, 'Gantorang/Gantarang (Gangking)'),
(1292, 374, 26, 1, 'Hero Lange-Lange (Herlang)'),
(1293, 374, 26, 1, 'Kajang'),
(1294, 374, 26, 1, 'Kindang'),
(1295, 374, 26, 1, 'Rilau Ale'),
(1296, 374, 26, 1, 'Ujung Bulu'),
(1297, 374, 26, 1, 'Ujung Loe'),
(1671, 375, 26, 1, 'Alla'),
(1672, 375, 26, 1, 'Anggeraja'),
(1673, 375, 26, 1, 'Baraka'),
(1674, 375, 26, 1, 'Baroko'),
(1675, 375, 26, 1, 'Bungin'),
(1676, 375, 26, 1, 'Buntu Batu'),
(1677, 375, 26, 1, 'Cendana'),
(1678, 375, 26, 1, 'Curio'),
(1679, 375, 26, 1, 'Enrekang'),
(1680, 375, 26, 1, 'Maiwa'),
(1681, 375, 26, 1, 'Malua'),
(1682, 375, 26, 1, 'Masalle'),
(1810, 376, 26, 1, 'Bajeng'),
(1811, 376, 26, 1, 'Bajeng Barat'),
(1812, 376, 26, 1, 'Barombong'),
(1813, 376, 26, 1, 'Biringbulu'),
(1814, 376, 26, 1, 'Bontolempangang'),
(1815, 376, 26, 1, 'Bontomarannu'),
(1816, 376, 26, 1, 'Bontonompo'),
(1817, 376, 26, 1, 'Bontonompo Selatan'),
(1818, 376, 26, 1, 'Bungaya'),
(1819, 376, 26, 1, 'Manuju'),
(1820, 376, 26, 1, 'Pallangga'),
(1821, 376, 26, 1, 'Parangloe'),
(1822, 376, 26, 1, 'Parigi'),
(1823, 376, 26, 1, 'Pattallassang'),
(1824, 376, 26, 1, 'Somba Opu (Upu)'),
(1825, 376, 26, 1, 'Tinggimoncong'),
(1826, 376, 26, 1, 'Tombolo Pao'),
(1827, 376, 26, 1, 'Tompobulu'),
(2237, 377, 26, 1, 'Arungkeke'),
(2238, 377, 26, 1, 'Bangkala'),
(2239, 377, 26, 1, 'Bangkala Barat'),
(2240, 377, 26, 1, 'Batang'),
(2241, 377, 26, 1, 'Binamu'),
(2242, 377, 26, 1, 'Bontoramba'),
(2243, 377, 26, 1, 'Kelara'),
(2244, 377, 26, 1, 'Rumbia'),
(2245, 377, 26, 1, 'Tamalatea'),
(2246, 377, 26, 1, 'Tarowang'),
(2247, 377, 26, 1, 'Turatea'),
(3448, 379, 26, 1, 'Bajo'),
(3449, 379, 26, 1, 'Bajo Barat'),
(3450, 379, 26, 1, 'Basse Sangtempe Utara'),
(3451, 379, 26, 1, 'Bassesang Tempe (Bastem)'),
(3452, 379, 26, 1, 'Belopa'),
(3453, 379, 26, 1, 'Belopa Utara'),
(3454, 379, 26, 1, 'Bua'),
(3455, 379, 26, 1, 'Bua Ponrang (Bupon)'),
(3456, 379, 26, 1, 'Kamanre'),
(3457, 379, 26, 1, 'Lamasi'),
(3458, 379, 26, 1, 'Lamasi Timur'),
(3459, 379, 26, 1, 'Larompong'),
(3460, 379, 26, 1, 'Larompong Selatan'),
(3461, 379, 26, 1, 'Latimojong'),
(3462, 379, 26, 1, 'Ponrang'),
(3463, 379, 26, 1, 'Ponrang Selatan'),
(3464, 379, 26, 1, 'Suli'),
(3465, 379, 26, 1, 'Suli Barat'),
(3466, 379, 26, 1, 'Walenrang'),
(3467, 379, 26, 1, 'Walenrang Barat'),
(3468, 379, 26, 1, 'Walenrang Timur'),
(3469, 379, 26, 1, 'Walenrang Utara'),
(3470, 380, 26, 1, 'Angkona'),
(3471, 380, 26, 1, 'Burau'),
(3472, 380, 26, 1, 'Kalaena'),
(3473, 380, 26, 1, 'Malili'),
(3474, 380, 26, 1, 'Mangkutana'),
(3475, 380, 26, 1, 'Nuha'),
(3476, 380, 26, 1, 'Tomoni'),
(3477, 380, 26, 1, 'Tomoni Timur'),
(3478, 380, 26, 1, 'Towuti'),
(3479, 380, 26, 1, 'Wasuponda'),
(3480, 380, 26, 1, 'Wotu'),
(3481, 381, 26, 1, 'Baebunta'),
(3482, 381, 26, 1, 'Bone-Bone'),
(3483, 381, 26, 1, 'Limbong'),
(3484, 381, 26, 1, 'Malangke'),
(3485, 381, 26, 1, 'Malangke Barat'),
(3486, 381, 26, 1, 'Mappedeceng'),
(3487, 381, 26, 1, 'Masamba'),
(3488, 381, 26, 1, 'Rampi'),
(3489, 381, 26, 1, 'Sabbang'),
(3490, 381, 26, 1, 'Seko'),
(3491, 381, 26, 1, 'Sukamaju'),
(3492, 381, 26, 1, 'Tana Lili'),
(3587, 392, 26, 1, 'Biring Kanaya'),
(3588, 392, 26, 1, 'Bontoala'),
(3589, 392, 26, 1, 'Makassar'),
(3590, 392, 26, 1, 'Mamajang'),
(3591, 392, 26, 1, 'Manggala'),
(3592, 392, 26, 1, 'Mariso'),
(3593, 392, 26, 1, 'Panakkukang'),
(3594, 392, 26, 1, 'Rappocini'),
(3595, 392, 26, 1, 'Tallo'),
(3596, 392, 26, 1, 'Tamalanrea'),
(3597, 392, 26, 1, 'Tamalate'),
(3598, 392, 26, 1, 'Ujung Pandang'),
(3599, 392, 26, 1, 'Ujung Tanah'),
(3600, 392, 26, 1, 'Wajo'),
(3862, 382, 26, 1, 'Bantimurung'),
(3863, 382, 26, 1, 'Bontoa (Maros Utara)'),
(3864, 382, 26, 1, 'Camba'),
(3865, 382, 26, 1, 'Cenrana'),
(3866, 382, 26, 1, 'Lau'),
(3867, 382, 26, 1, 'Mallawa'),
(3868, 382, 26, 1, 'Mandai'),
(3869, 382, 26, 1, 'Maros Baru'),
(3870, 382, 26, 1, 'Marusu'),
(3871, 382, 26, 1, 'Moncongloe'),
(3872, 382, 26, 1, 'Simbang'),
(3873, 382, 26, 1, 'Tanralili'),
(3874, 382, 26, 1, 'Tompu Bulu'),
(3875, 382, 26, 1, 'Turikale'),
(4625, 393, 26, 1, 'Bara'),
(4626, 393, 26, 1, 'Mungkajang'),
(4627, 393, 26, 1, 'Sendana'),
(4628, 393, 26, 1, 'Telluwanua'),
(4629, 393, 26, 1, 'Wara'),
(4630, 393, 26, 1, 'Wara Barat'),
(4631, 393, 26, 1, 'Wara Selatan'),
(4632, 393, 26, 1, 'Wara Timur'),
(4633, 393, 26, 1, 'Wara Utara'),
(4700, 383, 26, 1, 'Balocci'),
(4701, 383, 26, 1, 'Bungoro'),
(4702, 383, 26, 1, 'Labakkang'),
(4703, 383, 26, 1, 'Liukang Kalmas (Kalukuang Masalima)'),
(4704, 383, 26, 1, 'Liukang Tangaya'),
(4705, 383, 26, 1, 'Liukang Tupabbiring'),
(4706, 383, 26, 1, 'Liukang Tupabbiring Utara'),
(4707, 383, 26, 1, 'Mandalle'),
(4708, 383, 26, 1, 'Marang (Ma Rang)'),
(4709, 383, 26, 1, 'Minasa Tene'),
(4710, 383, 26, 1, 'Pangkajene'),
(4711, 383, 26, 1, 'Segeri'),
(4712, 383, 26, 1, 'Tondong Tallasa'),
(4730, 394, 26, 1, 'Bacukiki'),
(4731, 394, 26, 1, 'Bacukiki Barat'),
(4732, 394, 26, 1, 'Soreang'),
(4733, 394, 26, 1, 'Ujung'),
(5030, 384, 26, 1, 'Batulappa'),
(5031, 384, 26, 1, 'Cempa'),
(5032, 384, 26, 1, 'Duampanua'),
(5033, 384, 26, 1, 'Lanrisang'),
(5034, 384, 26, 1, 'Lembang'),
(5035, 384, 26, 1, 'Mattiro Bulu'),
(5036, 384, 26, 1, 'Mattiro Sompe'),
(5037, 384, 26, 1, 'Paleteang'),
(5038, 384, 26, 1, 'Patampanua'),
(5039, 384, 26, 1, 'Suppa'),
(5040, 384, 26, 1, 'Tiroang'),
(5041, 384, 26, 1, 'Watang Sawitto'),
(5454, 378, 26, 1, 'Benteng'),
(5455, 378, 26, 1, 'Bontoharu'),
(5456, 378, 26, 1, 'Bontomanai'),
(5457, 378, 26, 1, 'Bontomatene'),
(5458, 378, 26, 1, 'Bontosikuyu'),
(5459, 378, 26, 1, 'Buki'),
(5460, 378, 26, 1, 'Pasilambena'),
(5461, 378, 26, 1, 'Pasimarannu'),
(5462, 378, 26, 1, 'Pasimassunggu'),
(5463, 378, 26, 1, 'Pasimasunggu Timur'),
(5464, 378, 26, 1, 'Takabonerate'),
(5620, 385, 26, 1, 'Baranti'),
(5621, 385, 26, 1, 'Dua Pitue'),
(5622, 385, 26, 1, 'Kulo'),
(5623, 385, 26, 1, 'Maritengngae'),
(5624, 385, 26, 1, 'Panca Lautan (Lautang)'),
(5625, 385, 26, 1, 'Panca Rijang'),
(5626, 385, 26, 1, 'Pitu Raise/Riase'),
(5627, 385, 26, 1, 'Pitu Riawa'),
(5628, 385, 26, 1, 'Tellu Limpoe'),
(5629, 385, 26, 1, 'Watang Pulu'),
(5630, 385, 26, 1, 'Wattang Sidenreng (Watang Sidenreng)'),
(5739, 386, 26, 1, 'Bulupoddo'),
(5740, 386, 26, 1, 'Pulau Sembilan'),
(5741, 386, 26, 1, 'Sinjai Barat'),
(5742, 386, 26, 1, 'Sinjai Borong'),
(5743, 386, 26, 1, 'Sinjai Selatan'),
(5744, 386, 26, 1, 'Sinjai Tengah'),
(5745, 386, 26, 1, 'Sinjai Timur'),
(5746, 386, 26, 1, 'Sinjai Utara'),
(5747, 386, 26, 1, 'Tellu Limpoe'),
(5819, 387, 26, 1, 'Citta'),
(5820, 387, 26, 1, 'Donri-Donri'),
(5821, 387, 26, 1, 'Ganra'),
(5822, 387, 26, 1, 'Lalabata'),
(5823, 387, 26, 1, 'Lili Rilau'),
(5824, 387, 26, 1, 'Liliraja (Lili Riaja)'),
(5825, 387, 26, 1, 'Mario Riawa'),
(5826, 387, 26, 1, 'Mario Riwawo'),
(6189, 388, 26, 1, 'Galesong'),
(6190, 388, 26, 1, 'Galesong Selatan'),
(6191, 388, 26, 1, 'Galesong Utara'),
(6192, 388, 26, 1, 'Mangara Bombang'),
(6193, 388, 26, 1, 'Mappakasunggu'),
(6194, 388, 26, 1, 'Patallassang'),
(6195, 388, 26, 1, 'Polombangkeng Selatan (Polobangkeng)'),
(6196, 388, 26, 1, 'Polombangkeng Utara (Polobangkeng)'),
(6197, 388, 26, 1, 'Sanrobone'),
(6214, 389, 26, 1, 'Bittuang'),
(6215, 389, 26, 1, 'Bonggakaradeng'),
(6216, 389, 26, 1, 'Gandang Batu Sillanan'),
(6217, 389, 26, 1, 'Kurra'),
(6218, 389, 26, 1, 'Makale'),
(6219, 389, 26, 1, 'Makale Selatan'),
(6220, 389, 26, 1, 'Makale Utara'),
(6221, 389, 26, 1, 'Malimbong Balepe'),
(6222, 389, 26, 1, 'Mappak'),
(6223, 389, 26, 1, 'Masanda'),
(6224, 389, 26, 1, 'Mengkendek'),
(6225, 389, 26, 1, 'Rano'),
(6226, 389, 26, 1, 'Rantetayo'),
(6227, 389, 26, 1, 'Rembon'),
(6228, 389, 26, 1, 'Saluputti'),
(6229, 389, 26, 1, 'Sangalla (Sanggala)'),
(6230, 389, 26, 1, 'Sangalla Selatan'),
(6231, 389, 26, 1, 'Sangalla Utara'),
(6232, 389, 26, 1, 'Simbuang'),
(6738, 390, 26, 1, 'Awan Rante Karua'),
(6739, 390, 26, 1, 'Balusu'),
(6740, 390, 26, 1, 'Bangkelekila'),
(6741, 390, 26, 1, 'Baruppu'),
(6742, 390, 26, 1, 'Buntao'),
(6743, 390, 26, 1, 'Buntu Pepasan'),
(6744, 390, 26, 1, 'Dende\' Piongan Napo'),
(6745, 390, 26, 1, 'Kapalla Pitu (Kapala Pitu)'),
(6746, 390, 26, 1, 'Kesu'),
(6747, 390, 26, 1, 'Nanggala'),
(6748, 390, 26, 1, 'Rantebua'),
(6749, 390, 26, 1, 'Rantepao'),
(6750, 390, 26, 1, 'Rindingallo'),
(6751, 390, 26, 1, 'Sa\'dan'),
(6752, 390, 26, 1, 'Sanggalangi'),
(6753, 390, 26, 1, 'Sesean'),
(6754, 390, 26, 1, 'Sesean Suloara'),
(6755, 390, 26, 1, 'Sopai'),
(6756, 390, 26, 1, 'Tallunglipu'),
(6757, 390, 26, 1, 'Tikala'),
(6758, 390, 26, 1, 'Tondon'),
(6840, 391, 26, 1, 'Belawa'),
(6841, 391, 26, 1, 'Bola'),
(6842, 391, 26, 1, 'Gilireng'),
(6843, 391, 26, 1, 'Keera'),
(6844, 391, 26, 1, 'Majauleng'),
(6845, 391, 26, 1, 'Maniang Pajo'),
(6846, 391, 26, 1, 'Pammana'),
(6847, 391, 26, 1, 'Penrang'),
(6848, 391, 26, 1, 'Pitumpanua'),
(6849, 391, 26, 1, 'Sabbang Paru'),
(6850, 391, 26, 1, 'Sajoanging'),
(6851, 391, 26, 1, 'Takkalalla'),
(6852, 391, 26, 1, 'Tana Sitolo'),
(6853, 391, 26, 1, 'Tempe'),
(384, 407, 25, 1, 'Balantak'),
(385, 407, 25, 1, 'Balantak Selatan'),
(386, 407, 25, 1, 'Balantak Utara'),
(387, 407, 25, 1, 'Batui'),
(388, 407, 25, 1, 'Batui Selatan'),
(389, 407, 25, 1, 'Bualemo (Boalemo)'),
(390, 407, 25, 1, 'Bunta'),
(391, 407, 25, 1, 'Kintom'),
(392, 407, 25, 1, 'Lamala'),
(393, 407, 25, 1, 'Lobu'),
(394, 407, 25, 1, 'Luwuk'),
(395, 407, 25, 1, 'Luwuk Selatan'),
(396, 407, 25, 1, 'Luwuk Timur'),
(397, 407, 25, 1, 'Luwuk Utara'),
(398, 407, 25, 1, 'Mantoh'),
(399, 407, 25, 1, 'Masama'),
(400, 407, 25, 1, 'Moilong'),
(401, 407, 25, 1, 'Nambo'),
(402, 407, 25, 1, 'Nuhon'),
(403, 407, 25, 1, 'Pagimana'),
(404, 407, 25, 1, 'Simpang Raya'),
(405, 407, 25, 1, 'Toili'),
(406, 407, 25, 1, 'Toili Barat'),
(407, 408, 25, 1, 'Banggai'),
(408, 408, 25, 1, 'Banggai Selatan'),
(409, 408, 25, 1, 'Banggai Tengah'),
(410, 408, 25, 1, 'Banggai Utara'),
(411, 408, 25, 1, 'Bangkurung'),
(412, 408, 25, 1, 'Bokan Kepulauan'),
(413, 408, 25, 1, 'Buko'),
(414, 408, 25, 1, 'Buko Selatan'),
(415, 408, 25, 1, 'Bulagi'),
(416, 408, 25, 1, 'Bulagi Selatan'),
(417, 408, 25, 1, 'Bulagi Utara'),
(418, 408, 25, 1, 'Labobo (Lobangkurung)'),
(419, 408, 25, 1, 'Liang'),
(420, 408, 25, 1, 'Peling Tengah'),
(421, 408, 25, 1, 'Tinangkung'),
(422, 408, 25, 1, 'Tinangkung Selatan'),
(423, 408, 25, 1, 'Tinangkung Utara'),
(424, 408, 25, 1, 'Totikum (Totikung)'),
(425, 408, 25, 1, 'Totikum Selatan'),
(1325, 409, 25, 1, 'Biau'),
(1326, 409, 25, 1, 'Bokat'),
(1327, 409, 25, 1, 'Bukal'),
(1328, 409, 25, 1, 'Bunobogu'),
(1329, 409, 25, 1, 'Gadung'),
(1330, 409, 25, 1, 'Karamat'),
(1331, 409, 25, 1, 'Lakea (Lipunoto)'),
(1332, 409, 25, 1, 'Momunu'),
(1333, 409, 25, 1, 'Paleleh'),
(1334, 409, 25, 1, 'Paleleh Barat'),
(1335, 409, 25, 1, 'Tiloan'),
(1617, 410, 25, 1, 'Balaesang'),
(1618, 410, 25, 1, 'Balaesang Tanjung'),
(1619, 410, 25, 1, 'Banawa'),
(1620, 410, 25, 1, 'Banawa Selatan'),
(1621, 410, 25, 1, 'Banawa Tengah'),
(1622, 410, 25, 1, 'Damsol (Dampelas Sojol)'),
(1623, 410, 25, 1, 'Labuan'),
(1624, 410, 25, 1, 'Pinembani'),
(1625, 410, 25, 1, 'Rio Pakava (Riopakawa)'),
(1626, 410, 25, 1, 'Sindue'),
(1627, 410, 25, 1, 'Sindue Tobata'),
(1628, 410, 25, 1, 'Sindue Tombusabora'),
(1629, 410, 25, 1, 'Sirenja'),
(1630, 410, 25, 1, 'Sojol'),
(1631, 410, 25, 1, 'Sojol Utara'),
(1632, 410, 25, 1, 'Tanantovea'),
(4090, 411, 25, 1, 'Bahodopi'),
(4091, 411, 25, 1, 'Bumi Raya'),
(4092, 411, 25, 1, 'Bungku Barat'),
(4093, 411, 25, 1, 'Bungku Pesisir'),
(4094, 411, 25, 1, 'Bungku Selatan'),
(4095, 411, 25, 1, 'Bungku Tengah'),
(4096, 411, 25, 1, 'Bungku Timur'),
(4097, 411, 25, 1, 'Bungku Utara'),
(4098, 411, 25, 1, 'Lembo'),
(4099, 411, 25, 1, 'Lembo Raya'),
(4100, 411, 25, 1, 'Mamosalato'),
(4101, 411, 25, 1, 'Menui Kepulauan'),
(4102, 411, 25, 1, 'Mori Atas'),
(4103, 411, 25, 1, 'Mori Utara'),
(4104, 411, 25, 1, 'Petasia'),
(4105, 411, 25, 1, 'Petasia Barat'),
(4106, 411, 25, 1, 'Petasia Timur'),
(4107, 411, 25, 1, 'Soyo Jaya'),
(4108, 411, 25, 1, 'Wita Ponda'),
(4634, 417, 25, 1, 'Mantikulore'),
(4635, 417, 25, 1, 'Palu Barat'),
(4636, 417, 25, 1, 'Palu Selatan'),
(4637, 417, 25, 1, 'Palu Timur'),
(4638, 417, 25, 1, 'Palu Utara'),
(4639, 417, 25, 1, 'Tatanga'),
(4640, 417, 25, 1, 'Tawaeli'),
(4641, 417, 25, 1, 'Ulujadi'),
(4738, 412, 25, 1, 'Ampibabo'),
(4739, 412, 25, 1, 'Balinggi'),
(4740, 412, 25, 1, 'Bolano'),
(4741, 412, 25, 1, 'Bolano Lambunu/Lambulu'),
(4742, 412, 25, 1, 'Kasimbar'),
(4743, 412, 25, 1, 'Mepanga'),
(4744, 412, 25, 1, 'Moutong'),
(4745, 412, 25, 1, 'Ongka Malino'),
(4746, 412, 25, 1, 'Palasa'),
(4747, 412, 25, 1, 'Parigi'),
(4748, 412, 25, 1, 'Parigi Barat'),
(4749, 412, 25, 1, 'Parigi Selatan'),
(4750, 412, 25, 1, 'Parigi Tengah'),
(4751, 412, 25, 1, 'Parigi Utara'),
(4752, 412, 25, 1, 'Sausu'),
(4753, 412, 25, 1, 'Siniu'),
(4754, 412, 25, 1, 'Taopa'),
(4755, 412, 25, 1, 'Tinombo'),
(4756, 412, 25, 1, 'Tinombo Selatan'),
(4757, 412, 25, 1, 'Tomini'),
(4758, 412, 25, 1, 'Toribulu'),
(4759, 412, 25, 1, 'Torue'),
(5107, 413, 25, 1, 'Lage'),
(5108, 413, 25, 1, 'Lore Barat'),
(5109, 413, 25, 1, 'Lore Piore'),
(5110, 413, 25, 1, 'Lore Selatan'),
(5111, 413, 25, 1, 'Lore Tengah'),
(5112, 413, 25, 1, 'Lore Timur'),
(5113, 413, 25, 1, 'Lore Utara'),
(5114, 413, 25, 1, 'Pamona Barat'),
(5115, 413, 25, 1, 'Pamona Puselemba'),
(5116, 413, 25, 1, 'Pamona Selatan'),
(5117, 413, 25, 1, 'Pamona Tenggara'),
(5118, 413, 25, 1, 'Pamona Timur'),
(5119, 413, 25, 1, 'Pamona Utara'),
(5120, 413, 25, 1, 'Poso Kota'),
(5121, 413, 25, 1, 'Poso Kota Selatan'),
(5122, 413, 25, 1, 'Poso Kota Utara'),
(5123, 413, 25, 1, 'Poso Pesisir'),
(5124, 413, 25, 1, 'Poso Pesisir Selatan'),
(5125, 413, 25, 1, 'Poso Pesisir Utara'),
(5649, 416, 25, 1, 'Dolo'),
(5650, 416, 25, 1, 'Dolo Barat'),
(5651, 416, 25, 1, 'Dolo Selatan'),
(5652, 416, 25, 1, 'Gumbasa'),
(5653, 416, 25, 1, 'Kinovaru'),
(5654, 416, 25, 1, 'Kulawi'),
(5655, 416, 25, 1, 'Kulawi Selatan'),
(5656, 416, 25, 1, 'Lindu'),
(5657, 416, 25, 1, 'Marawola'),
(5658, 416, 25, 1, 'Marawola Barat'),
(5659, 416, 25, 1, 'Nokilalaki'),
(5660, 416, 25, 1, 'Palolo'),
(5661, 416, 25, 1, 'Pipikoro'),
(5662, 416, 25, 1, 'Sigi Biromaru'),
(5663, 416, 25, 1, 'Tanambulava'),
(6668, 414, 25, 1, 'Ampana Kota'),
(6669, 414, 25, 1, 'Ampana Tete'),
(6670, 414, 25, 1, 'Togean'),
(6671, 414, 25, 1, 'Tojo'),
(6672, 414, 25, 1, 'Tojo Barat'),
(6673, 414, 25, 1, 'Ulu Bongka'),
(6674, 414, 25, 1, 'Una - Una'),
(6675, 414, 25, 1, 'Walea Besar'),
(6676, 414, 25, 1, 'Walea Kepulauan'),
(6677, 415, 25, 1, 'Baolan'),
(6678, 415, 25, 1, 'Basidondo'),
(6679, 415, 25, 1, 'Dako Pamean'),
(6680, 415, 25, 1, 'Dampal Selatan'),
(6681, 415, 25, 1, 'Dampal Utara'),
(6682, 415, 25, 1, 'Dondo'),
(6683, 415, 25, 1, 'Galang'),
(6684, 415, 25, 1, 'Lampasio'),
(6685, 415, 25, 1, 'Ogo Deide'),
(6686, 415, 25, 1, 'Tolitoli Utara'),
(718, 405, 27, 1, 'Batupoaro'),
(719, 405, 27, 1, 'Betoambari'),
(720, 405, 27, 1, 'Bungi'),
(721, 405, 27, 1, 'Kokalukuna'),
(722, 405, 27, 1, 'Lea-Lea'),
(723, 405, 27, 1, 'Murhum'),
(724, 405, 27, 1, 'Sora Walio (Sorowalio)'),
(725, 405, 27, 1, 'Wolio'),
(1127, 395, 27, 1, 'Kabaena'),
(1128, 395, 27, 1, 'Kabaena Barat'),
(1129, 395, 27, 1, 'Kabaena Selatan'),
(1130, 395, 27, 1, 'Kabaena Tengah'),
(1131, 395, 27, 1, 'Kabaena Timur'),
(1132, 395, 27, 1, 'Kabaena Utara'),
(1133, 395, 27, 1, 'Kepulauan Masaloka Raya'),
(1134, 395, 27, 1, 'Lentarai Jaya S. (Lantari Jaya)'),
(1135, 395, 27, 1, 'Mata Oleo'),
(1136, 395, 27, 1, 'Mata Usu'),
(1137, 395, 27, 1, 'Poleang'),
(1138, 395, 27, 1, 'Poleang Barat'),
(1139, 395, 27, 1, 'Poleang Selatan'),
(1140, 395, 27, 1, 'Poleang Tengah'),
(1141, 395, 27, 1, 'Poleang Tenggara'),
(1142, 395, 27, 1, 'Poleang Timur'),
(1143, 395, 27, 1, 'Poleang Utara'),
(1144, 395, 27, 1, 'Rarowatu'),
(1145, 395, 27, 1, 'Rarowatu Utara'),
(1146, 395, 27, 1, 'Rumbia'),
(1147, 395, 27, 1, 'Rumbia Tengah'),
(1148, 395, 27, 1, 'Tontonunu (Tontonuwu)'),
(1352, 396, 27, 1, 'Batauga'),
(1353, 396, 27, 1, 'Batu Atas'),
(1354, 396, 27, 1, 'Gu'),
(1355, 396, 27, 1, 'Kadatua'),
(1356, 396, 27, 1, 'Kapontori'),
(1357, 396, 27, 1, 'Lakudo'),
(1358, 396, 27, 1, 'Lapandewa'),
(1359, 396, 27, 1, 'Lasalimu'),
(1360, 396, 27, 1, 'Lasalimu Selatan'),
(1361, 396, 27, 1, 'Mawasangka'),
(1362, 396, 27, 1, 'Mawasangka Tengah'),
(1363, 396, 27, 1, 'Mawasangka Timur'),
(1364, 396, 27, 1, 'Pasar Wajo'),
(1365, 396, 27, 1, 'Sampolawa'),
(1366, 396, 27, 1, 'Sangia Mambulu'),
(1367, 396, 27, 1, 'Siompu'),
(1368, 396, 27, 1, 'Siompu Barat'),
(1369, 396, 27, 1, 'Siontapia (Siontapina)'),
(1370, 396, 27, 1, 'Talaga Raya (Telaga Raya)'),
(1371, 396, 27, 1, 'Wabula'),
(1372, 396, 27, 1, 'Wolowa'),
(1373, 397, 27, 1, 'Bonegunu'),
(1374, 397, 27, 1, 'Kambowa'),
(1375, 397, 27, 1, 'Kulisusu (Kalingsusu/Kalisusu)'),
(1376, 397, 27, 1, 'Kulisusu Barat'),
(1377, 397, 27, 1, 'Kulisusu Utara'),
(1378, 397, 27, 1, 'Wakorumba Utara'),
(2553, 406, 27, 1, 'Abeli'),
(2554, 406, 27, 1, 'Baruga'),
(2555, 406, 27, 1, 'Kadia'),
(2556, 406, 27, 1, 'Kambu'),
(2557, 406, 27, 1, 'Kendari'),
(2558, 406, 27, 1, 'Kendari Barat'),
(2559, 406, 27, 1, 'Mandonga'),
(2560, 406, 27, 1, 'Poasia'),
(2561, 406, 27, 1, 'Puuwatu'),
(2562, 406, 27, 1, 'Wua-Wua'),
(2752, 398, 27, 1, 'Baula'),
(2753, 398, 27, 1, 'Kolaka'),
(2754, 398, 27, 1, 'Ladongi'),
(2755, 398, 27, 1, 'Lalolae'),
(2756, 398, 27, 1, 'Lambandia (Lambadia)'),
(2757, 398, 27, 1, 'Latambaga'),
(2758, 398, 27, 1, 'Loea'),
(2759, 398, 27, 1, 'Mowewe'),
(2760, 398, 27, 1, 'Poli Polia'),
(2761, 398, 27, 1, 'Polinggona'),
(2762, 398, 27, 1, 'Pomalaa'),
(2763, 398, 27, 1, 'Samaturu'),
(2764, 398, 27, 1, 'Tanggetada'),
(2765, 398, 27, 1, 'Tinondo'),
(2766, 398, 27, 1, 'Tirawuta'),
(2767, 398, 27, 1, 'Toari'),
(2768, 398, 27, 1, 'Uluiwoi'),
(2769, 398, 27, 1, 'Watumbangga (Watubanggo)'),
(2770, 398, 27, 1, 'Wolo'),
(2771, 398, 27, 1, 'Wundulako'),
(2772, 399, 27, 1, 'Batu Putih'),
(2773, 399, 27, 1, 'Katoi'),
(2774, 399, 27, 1, 'Kodeoha'),
(2775, 399, 27, 1, 'Lasusua'),
(2776, 399, 27, 1, 'Lombai (Lambai)'),
(2777, 399, 27, 1, 'Ngapa'),
(2778, 399, 27, 1, 'Pakue'),
(2779, 399, 27, 1, 'Pakue Tengah'),
(2780, 399, 27, 1, 'Pakue Utara'),
(2781, 399, 27, 1, 'Porehu'),
(2782, 399, 27, 1, 'Ranteangin'),
(2783, 399, 27, 1, 'Tiwu'),
(2784, 399, 27, 1, 'Tolala'),
(2785, 399, 27, 1, 'Watunohu'),
(2786, 399, 27, 1, 'Wawo'),
(2787, 400, 27, 1, 'Abuki'),
(2788, 400, 27, 1, 'Amonggedo'),
(2789, 400, 27, 1, 'Anggaberi'),
(2790, 400, 27, 1, 'Asinua'),
(2791, 400, 27, 1, 'Besulutu'),
(2792, 400, 27, 1, 'Bondoala'),
(2793, 400, 27, 1, 'Kapoiala (Kapoyala)'),
(2794, 400, 27, 1, 'Konawe'),
(2795, 400, 27, 1, 'Lalonggasumeeto'),
(2796, 400, 27, 1, 'Lambuya'),
(2797, 400, 27, 1, 'Latoma'),
(2798, 400, 27, 1, 'Meluhu'),
(2799, 400, 27, 1, 'Onembute'),
(2800, 400, 27, 1, 'Pondidaha'),
(2801, 400, 27, 1, 'Puriala'),
(2802, 400, 27, 1, 'Routa'),
(2803, 400, 27, 1, 'Sampara'),
(2804, 400, 27, 1, 'Soropia'),
(2805, 400, 27, 1, 'Tongauna'),
(2806, 400, 27, 1, 'Uepai (Uwepai)'),
(2807, 400, 27, 1, 'Unaaha'),
(2808, 400, 27, 1, 'Wawonii Barat'),
(2809, 400, 27, 1, 'Wawonii Selatan'),
(2810, 400, 27, 1, 'Wawonii Tengah'),
(2811, 400, 27, 1, 'Wawonii Tenggara'),
(2812, 400, 27, 1, 'Wawonii Timur'),
(2813, 400, 27, 1, 'Wawonii Timur Laut'),
(2814, 400, 27, 1, 'Wawonii Utara'),
(2815, 400, 27, 1, 'Wawotobi'),
(2816, 400, 27, 1, 'Wonggeduku'),
(2817, 401, 27, 1, 'Andoolo'),
(2818, 401, 27, 1, 'Angata'),
(2819, 401, 27, 1, 'Baito'),
(2820, 401, 27, 1, 'Basala'),
(2821, 401, 27, 1, 'Benua'),
(2822, 401, 27, 1, 'Buke'),
(2823, 401, 27, 1, 'Kolono'),
(2824, 401, 27, 1, 'Konda'),
(2825, 401, 27, 1, 'Laeya'),
(2826, 401, 27, 1, 'Lainea'),
(2827, 401, 27, 1, 'Lalembuu / Lalumbuu'),
(2828, 401, 27, 1, 'Landono'),
(2829, 401, 27, 1, 'Laonti'),
(2830, 401, 27, 1, 'Moramo'),
(2831, 401, 27, 1, 'Moramo Utara'),
(2832, 401, 27, 1, 'Mowila'),
(2833, 401, 27, 1, 'Palangga'),
(2834, 401, 27, 1, 'Palangga Selatan'),
(2835, 401, 27, 1, 'Ranomeeto'),
(2836, 401, 27, 1, 'Ranomeeto Barat'),
(2837, 401, 27, 1, 'Tinanggea'),
(2838, 401, 27, 1, 'Wolasi'),
(2839, 402, 27, 1, 'Andowia'),
(2840, 402, 27, 1, 'Asera'),
(2841, 402, 27, 1, 'Langgikima'),
(2842, 402, 27, 1, 'Lasolo'),
(2843, 402, 27, 1, 'Lembo'),
(2844, 402, 27, 1, 'Molawe'),
(2845, 402, 27, 1, 'Motui'),
(2846, 402, 27, 1, 'Oheo'),
(2847, 402, 27, 1, 'Sawa'),
(2848, 402, 27, 1, 'Wiwirano'),
(4157, 403, 27, 1, 'Barangka'),
(4158, 403, 27, 1, 'Batalaiwaru (Batalaiworu)'),
(4159, 403, 27, 1, 'Batukara'),
(4160, 403, 27, 1, 'Bone (Bone Tondo)'),
(4161, 403, 27, 1, 'Duruka'),
(4162, 403, 27, 1, 'Kabangka'),
(4163, 403, 27, 1, 'Kabawo'),
(4164, 403, 27, 1, 'Katobu'),
(4165, 403, 27, 1, 'Kontu Kowuna'),
(4166, 403, 27, 1, 'Kontunaga'),
(4167, 403, 27, 1, 'Kusambi'),
(4168, 403, 27, 1, 'Lasalepa'),
(4169, 403, 27, 1, 'Lawa'),
(4170, 403, 27, 1, 'Lohia'),
(4171, 403, 27, 1, 'Maginti'),
(4172, 403, 27, 1, 'Maligano'),
(4173, 403, 27, 1, 'Marobo'),
(4174, 403, 27, 1, 'Napabalano'),
(4175, 403, 27, 1, 'Napano Kusambi'),
(4176, 403, 27, 1, 'Parigi'),
(4177, 403, 27, 1, 'Pasi Kolaga'),
(4178, 403, 27, 1, 'Pasir Putih'),
(4179, 403, 27, 1, 'Sawerigadi (Sawerigading/Sewergadi)'),
(4180, 403, 27, 1, 'Tiworo Kepulauan'),
(4181, 403, 27, 1, 'Tiworo Selatan'),
(4182, 403, 27, 1, 'Tiworo Tengah'),
(4183, 403, 27, 1, 'Tiworo Utara'),
(4184, 403, 27, 1, 'Tongkuno'),
(4185, 403, 27, 1, 'Tongkuno Selatan'),
(4186, 403, 27, 1, 'Towea'),
(4187, 403, 27, 1, 'Wa Daga'),
(4188, 403, 27, 1, 'Wakorumba Selatan'),
(4189, 403, 27, 1, 'Watopute'),
(6854, 404, 27, 1, 'Binongko'),
(6855, 404, 27, 1, 'Kaledupa'),
(6856, 404, 27, 1, 'Kaledupa Selatan'),
(6857, 404, 27, 1, 'Togo Binongko'),
(6858, 404, 27, 1, 'Tomia'),
(6859, 404, 27, 1, 'Tomia Timur'),
(6860, 404, 27, 1, 'Wangi-Wangi'),
(6861, 404, 27, 1, 'Wangi-Wangi Selatan'),
(966, 429, 24, 1, 'Aertembaga (Bitung Timur)'),
(967, 429, 24, 1, 'Girian'),
(968, 429, 24, 1, 'Lembeh Selatan (Bitung Selatan)'),
(969, 429, 24, 1, 'Lembeh Utara'),
(970, 429, 24, 1, 'Madidir (Bitung Tengah)'),
(971, 429, 24, 1, 'Maesa'),
(972, 429, 24, 1, 'Matuari (Bitung Barat)'),
(973, 429, 24, 1, 'Ranowulu (Bitung Utara)'),
(1096, 418, 24, 1, 'Bilalang'),
(1097, 418, 24, 1, 'Bolaang'),
(1098, 418, 24, 1, 'Bolaang Timur'),
(1099, 418, 24, 1, 'Dumoga'),
(1100, 418, 24, 1, 'Dumoga Barat'),
(1101, 418, 24, 1, 'Dumoga Tengah'),
(1102, 418, 24, 1, 'Dumoga Tenggara'),
(1103, 418, 24, 1, 'Dumoga Timur'),
(1104, 418, 24, 1, 'Dumoga Utara'),
(1105, 418, 24, 1, 'Lolak'),
(1106, 418, 24, 1, 'Lolayan'),
(1107, 418, 24, 1, 'Passi Barat'),
(1108, 418, 24, 1, 'Passi Timur'),
(1109, 418, 24, 1, 'Poigar'),
(1110, 418, 24, 1, 'Sangtombolang'),
(1111, 419, 24, 1, 'Bolaang Uki'),
(1112, 419, 24, 1, 'Pinolosian'),
(1113, 419, 24, 1, 'Pinolosian Tengah'),
(1114, 419, 24, 1, 'Pinolosian Timur'),
(1115, 419, 24, 1, 'Posigadan'),
(1116, 420, 24, 1, 'Kotabunan'),
(1117, 420, 24, 1, 'Modayag'),
(1118, 420, 24, 1, 'Modayag Barat'),
(1119, 420, 24, 1, 'Nuangan'),
(1120, 420, 24, 1, 'Tutuyan'),
(1121, 421, 24, 1, 'Bintauna'),
(1122, 421, 24, 1, 'Bolang Itang Barat'),
(1123, 421, 24, 1, 'Bolang Itang Timur'),
(1124, 421, 24, 1, 'Kaidipang'),
(1125, 421, 24, 1, 'Pinogaluman'),
(1126, 421, 24, 1, 'Sangkub'),
(2607, 422, 24, 1, 'Kendahe'),
(2608, 422, 24, 1, 'Kepulauan Marore'),
(2609, 422, 24, 1, 'Manganitu'),
(2610, 422, 24, 1, 'Manganitu Selatan'),
(2611, 422, 24, 1, 'Nusa Tabukan'),
(2612, 422, 24, 1, 'Tabukan Selatan'),
(2613, 422, 24, 1, 'Tabukan Selatan Tengah'),
(2614, 422, 24, 1, 'Tabukan Selatan Tenggara'),
(2615, 422, 24, 1, 'Tabukan Tengah'),
(2616, 422, 24, 1, 'Tabukan Utara'),
(2617, 422, 24, 1, 'Tahuna'),
(2618, 422, 24, 1, 'Tahuna Barat'),
(2619, 422, 24, 1, 'Tahuna Timur'),
(2620, 422, 24, 1, 'Tamako'),
(2621, 422, 24, 1, 'Tatoareng'),
(2624, 423, 24, 1, 'Biaro'),
(2625, 423, 24, 1, 'Siau Barat'),
(2626, 423, 24, 1, 'Siau Barat Selatan'),
(2627, 423, 24, 1, 'Siau Barat Utara'),
(2628, 423, 24, 1, 'Siau Tengah'),
(2629, 423, 24, 1, 'Siau Timur'),
(2630, 423, 24, 1, 'Siau Timur Selatan'),
(2631, 423, 24, 1, 'Tagulandang'),
(2632, 423, 24, 1, 'Tagulandang Selatan'),
(2633, 423, 24, 1, 'Tagulandang Utara'),
(2653, 424, 24, 1, 'Beo'),
(2654, 424, 24, 1, 'Beo Selatan'),
(2655, 424, 24, 1, 'Beo Utara'),
(2656, 424, 24, 1, 'Damao (Damau)'),
(2657, 424, 24, 1, 'Essang'),
(2658, 424, 24, 1, 'Essang Selatan'),
(2659, 424, 24, 1, 'Gemeh'),
(2660, 424, 24, 1, 'Kabaruan'),
(2661, 424, 24, 1, 'Kalongan'),
(2662, 424, 24, 1, 'Lirung'),
(2663, 424, 24, 1, 'Melonguane'),
(2664, 424, 24, 1, 'Melonguane Timur'),
(2665, 424, 24, 1, 'Miangas'),
(2666, 424, 24, 1, 'Moronge'),
(2667, 424, 24, 1, 'Nanusa'),
(2668, 424, 24, 1, 'Pulutan'),
(2669, 424, 24, 1, 'Rainis'),
(2670, 424, 24, 1, 'Salibabu'),
(2671, 424, 24, 1, 'Tampan Amma'),
(2870, 430, 24, 1, 'Kotamobagu Barat'),
(2871, 430, 24, 1, 'Kotamobagu Selatan'),
(2872, 430, 24, 1, 'Kotamobagu Timur'),
(2873, 430, 24, 1, 'Kotamobagu Utara'),
(3768, 431, 24, 1, 'Bunaken'),
(3769, 431, 24, 1, 'Bunaken Kepulauan'),
(3770, 431, 24, 1, 'Malalayang'),
(3771, 431, 24, 1, 'Mapanget'),
(3772, 431, 24, 1, 'Paal Dua'),
(3773, 431, 24, 1, 'Sario'),
(3774, 431, 24, 1, 'Singkil'),
(3775, 431, 24, 1, 'Tikala'),
(3776, 431, 24, 1, 'Tuminiting'),
(3777, 431, 24, 1, 'Wanea'),
(3778, 431, 24, 1, 'Wenang'),
(4006, 425, 24, 1, 'Eris'),
(4007, 425, 24, 1, 'Kakas'),
(4008, 425, 24, 1, 'Kakas Barat'),
(4009, 425, 24, 1, 'Kawangkoan'),
(4010, 425, 24, 1, 'Kawangkoan Barat'),
(4011, 425, 24, 1, 'Kawangkoan Utara'),
(4012, 425, 24, 1, 'Kombi'),
(4013, 425, 24, 1, 'Langowan Barat'),
(4014, 425, 24, 1, 'Langowan Selatan'),
(4015, 425, 24, 1, 'Langowan Timur'),
(4016, 425, 24, 1, 'Langowan Utara'),
(4017, 425, 24, 1, 'Lembean Timur'),
(4018, 425, 24, 1, 'Mandolang'),
(4019, 425, 24, 1, 'Pineleng'),
(4020, 425, 24, 1, 'Remboken'),
(4021, 425, 24, 1, 'Sonder'),
(4022, 425, 24, 1, 'Tombariri'),
(4023, 425, 24, 1, 'Tombariri Timur'),
(4024, 425, 24, 1, 'Tombulu'),
(4025, 425, 24, 1, 'Tompaso'),
(4026, 425, 24, 1, 'Tompaso Barat'),
(4027, 425, 24, 1, 'Tondano Barat'),
(4028, 425, 24, 1, 'Tondano Selatan'),
(4029, 425, 24, 1, 'Tondano Timur'),
(4030, 425, 24, 1, 'Tondano Utara'),
(4031, 426, 24, 1, 'Amurang'),
(4032, 426, 24, 1, 'Amurang Barat'),
(4033, 426, 24, 1, 'Amurang Timur'),
(4034, 426, 24, 1, 'Kumelembuai'),
(4035, 426, 24, 1, 'Maesaan'),
(4036, 426, 24, 1, 'Modoinding'),
(4037, 426, 24, 1, 'Motoling'),
(4038, 426, 24, 1, 'Motoling Barat'),
(4039, 426, 24, 1, 'Motoling Timur'),
(4040, 426, 24, 1, 'Ranoyapo'),
(4041, 426, 24, 1, 'Sinonsayang'),
(4042, 426, 24, 1, 'Suluun Tareran'),
(4043, 426, 24, 1, 'Tareran'),
(4044, 426, 24, 1, 'Tatapaan'),
(4045, 426, 24, 1, 'Tenga'),
(4046, 426, 24, 1, 'Tompaso Baru'),
(4047, 426, 24, 1, 'Tumpaan'),
(4048, 427, 24, 1, 'Belang'),
(4049, 427, 24, 1, 'Pasan'),
(4050, 427, 24, 1, 'Pusomaen'),
(4051, 427, 24, 1, 'Ratahan'),
(4052, 427, 24, 1, 'Ratahan Timur'),
(4053, 427, 24, 1, 'Ratatotok'),
(4054, 427, 24, 1, 'Silian Raya'),
(4055, 427, 24, 1, 'Tombatu'),
(4056, 427, 24, 1, 'Tombatu Timur'),
(4057, 427, 24, 1, 'Tombatu Utara'),
(4058, 427, 24, 1, 'Touluaan'),
(4059, 427, 24, 1, 'Touluaan Selatan'),
(4060, 428, 24, 1, 'Airmadidi'),
(4061, 428, 24, 1, 'Dimembe'),
(4062, 428, 24, 1, 'Kalawat'),
(4063, 428, 24, 1, 'Kauditan'),
(4064, 428, 24, 1, 'Kema'),
(4065, 428, 24, 1, 'Likupang Barat'),
(4066, 428, 24, 1, 'Likupang Selatan'),
(4067, 428, 24, 1, 'Likupang Timur'),
(4068, 428, 24, 1, 'Talawaan'),
(4069, 428, 24, 1, 'Wori'),
(6733, 432, 24, 1, 'Tomohon Barat'),
(6734, 432, 24, 1, 'Tomohon Selatan'),
(6735, 432, 24, 1, 'Tomohon Tengah'),
(6736, 432, 24, 1, 'Tomohon Timur'),
(6737, 432, 24, 1, 'Tomohon Utara'),
(176, 90, 3, 1, 'Ampek Nagari (IV Nagari )'),
(177, 90, 3, 1, 'Banuhampu'),
(178, 90, 3, 1, 'Baso'),
(179, 90, 3, 1, 'Candung'),
(180, 90, 3, 1, 'IV Angkat Candung (Ampek Angkek)'),
(181, 90, 3, 1, 'IV Koto (Ampek Koto)'),
(182, 90, 3, 1, 'Kamang Magek'),
(183, 90, 3, 1, 'Lubuk Basung'),
(184, 90, 3, 1, 'Malakak'),
(185, 90, 3, 1, 'Matur'),
(186, 90, 3, 1, 'Palembayan'),
(187, 90, 3, 1, 'Palupuh'),
(188, 90, 3, 1, 'Sungai Pua (Puar)'),
(189, 90, 3, 1, 'Tanjung Mutiara'),
(190, 90, 3, 1, 'Tanjung Raya'),
(191, 90, 3, 1, 'Tilatang Kamang'),
(1276, 102, 3, 1, 'Aur Birugo Tigo Baleh'),
(1277, 102, 3, 1, 'Guguk Panjang (Guguak Panjang)'),
(1278, 102, 3, 1, 'Mandiangin Koto Selayan'),
(1588, 91, 3, 1, 'Asam Jujuhan'),
(1589, 91, 3, 1, 'Koto Baru'),
(1590, 91, 3, 1, 'Koto Besar'),
(1591, 91, 3, 1, 'Koto Salak'),
(1592, 91, 3, 1, 'Padang Laweh'),
(1593, 91, 3, 1, 'Pulau Punjung'),
(1594, 91, 3, 1, 'Sembilan Koto (IX Koto)'),
(1595, 91, 3, 1, 'Sitiung'),
(1596, 91, 3, 1, 'Sungai Rumbai'),
(1597, 91, 3, 1, 'Timpeh'),
(1598, 91, 3, 1, 'Tiumang'),
(2588, 92, 3, 1, 'Pagai Selatan'),
(2589, 92, 3, 1, 'Pagai Utara'),
(2590, 92, 3, 1, 'Siberut Barat'),
(2591, 92, 3, 1, 'Siberut Barat Daya'),
(2592, 92, 3, 1, 'Siberut Selatan'),
(2593, 92, 3, 1, 'Siberut Tengah'),
(2594, 92, 3, 1, 'Siberut Utara'),
(2595, 92, 3, 1, 'Sikakap'),
(2596, 92, 3, 1, 'Sipora Selatan'),
(2597, 92, 3, 1, 'Sipora Utara'),
(3351, 93, 3, 1, 'Akabiluru'),
(3352, 93, 3, 1, 'Bukik Barisan'),
(3353, 93, 3, 1, 'Guguak (Gugu)'),
(3354, 93, 3, 1, 'Gunuang Omeh (Gunung Mas)'),
(3355, 93, 3, 1, 'Harau'),
(3356, 93, 3, 1, 'Kapur IX/Sembilan'),
(3357, 93, 3, 1, 'Lareh Sago Halaban'),
(3358, 93, 3, 1, 'Luak (Luhak)'),
(3359, 93, 3, 1, 'Mungka'),
(3360, 93, 3, 1, 'Pangkalan Koto Baru'),
(3361, 93, 3, 1, 'Payakumbuh'),
(3362, 93, 3, 1, 'Situjuah Limo/Lima Nagari'),
(3363, 93, 3, 1, 'Suliki'),
(4534, 103, 3, 1, 'Bungus Teluk Kabung'),
(4535, 103, 3, 1, 'Koto Tangah'),
(4536, 103, 3, 1, 'Kuranji'),
(4537, 103, 3, 1, 'Lubuk Begalung'),
(4538, 103, 3, 1, 'Lubuk Kilangan'),
(4539, 103, 3, 1, 'Nanggalo'),
(4540, 103, 3, 1, 'Padang Barat'),
(4541, 103, 3, 1, 'Padang Selatan'),
(4542, 103, 3, 1, 'Padang Timur'),
(4543, 103, 3, 1, 'Padang Utara'),
(4544, 103, 3, 1, 'Pauh'),
(4566, 104, 3, 1, 'Padang Panjang Barat'),
(4567, 104, 3, 1, 'Padang Panjang Timur'),
(4568, 94, 3, 1, '2 X 11 Enam Lingkung'),
(4569, 94, 3, 1, '2 X 11 Kayu Tanam'),
(4570, 94, 3, 1, 'Batang Anai'),
(4571, 94, 3, 1, 'Batang Gasan'),
(4572, 94, 3, 1, 'Enam Lingkung'),
(4573, 94, 3, 1, 'IV Koto Aur Malintang'),
(4574, 94, 3, 1, 'Lubuk Alung'),
(4575, 94, 3, 1, 'Nan Sabaris'),
(4576, 94, 3, 1, 'Padang Sago'),
(4577, 94, 3, 1, 'Patamuan'),
(4578, 94, 3, 1, 'Sintuk/Sintuak Toboh Gadang'),
(4579, 94, 3, 1, 'Sungai Geringging/Garingging'),
(4580, 94, 3, 1, 'Sungai Limau'),
(4581, 94, 3, 1, 'Ulakan Tapakih/Tapakis'),
(4582, 94, 3, 1, 'V Koto Kampung Dalam'),
(4583, 94, 3, 1, 'V Koto Timur'),
(4584, 94, 3, 1, 'VII Koto Sungai Sarik'),
(4734, 105, 3, 1, 'Pariaman Selatan'),
(4735, 105, 3, 1, 'Pariaman Tengah'),
(4736, 105, 3, 1, 'Pariaman Timur'),
(4737, 105, 3, 1, 'Pariaman Utara'),
(4760, 95, 3, 1, 'Bonjol'),
(4761, 95, 3, 1, 'Duo Koto (II Koto)'),
(4762, 95, 3, 1, 'Lubuk Sikaping'),
(4763, 95, 3, 1, 'Mapat Tunggul'),
(4764, 95, 3, 1, 'Mapat Tunggul Selatan'),
(4765, 95, 3, 1, 'Padang Gelugur'),
(4766, 95, 3, 1, 'Panti'),
(4767, 95, 3, 1, 'Rao'),
(4768, 95, 3, 1, 'Rao Selatan'),
(4769, 95, 3, 1, 'Rao Utara'),
(4770, 95, 3, 1, 'Simpang Alahan Mati'),
(4771, 95, 3, 1, 'Tigo Nagari (III Nagari)'),
(4772, 96, 3, 1, 'Gunung Tuleh'),
(4773, 96, 3, 1, 'Kinali'),
(4774, 96, 3, 1, 'Koto Balingka'),
(4775, 96, 3, 1, 'Lembah Melintang'),
(4776, 96, 3, 1, 'Luhak Nan Duo'),
(4777, 96, 3, 1, 'Pasaman'),
(4778, 96, 3, 1, 'Ranah Batahan'),
(4779, 96, 3, 1, 'Sasak Ranah Pasisir/Pesisie'),
(4780, 96, 3, 1, 'Sei Beremas'),
(4781, 96, 3, 1, 'Sungai Aur'),
(4782, 96, 3, 1, 'Talamau'),
(4842, 106, 3, 1, 'Lamposi Tigo Nagari'),
(4843, 106, 3, 1, 'Payakumbuh Barat'),
(4844, 106, 3, 1, 'Payakumbuh Selatan'),
(4845, 106, 3, 1, 'Payakumbuh Timur'),
(4846, 106, 3, 1, 'Payakumbuh Utara'),
(4984, 97, 3, 1, 'Airpura'),
(4985, 97, 3, 1, 'Basa Ampek Balai Tapan'),
(4986, 97, 3, 1, 'Batang Kapas'),
(4987, 97, 3, 1, 'Bayang'),
(4988, 97, 3, 1, 'IV Jurai'),
(4989, 97, 3, 1, 'IV Nagari Bayang Utara'),
(4990, 97, 3, 1, 'Koto XI Tarusan'),
(4991, 97, 3, 1, 'Lengayang'),
(4992, 97, 3, 1, 'Linggo Sari Baganti'),
(4993, 97, 3, 1, 'Lunang'),
(4994, 97, 3, 1, 'Pancung Soal'),
(4995, 97, 3, 1, 'Ranah Ampek Hulu Tapan'),
(4996, 97, 3, 1, 'Ranah Pesisir'),
(4997, 97, 3, 1, 'Silaut'),
(4998, 97, 3, 1, 'Sutera'),
(5443, 107, 3, 1, 'Barangin'),
(5444, 107, 3, 1, 'Lembah Segar'),
(5445, 107, 3, 1, 'Silungkang'),
(5446, 107, 3, 1, 'Talawi'),
(5664, 98, 3, 1, 'IV Nagari'),
(5665, 98, 3, 1, 'Kamang Baru'),
(5666, 98, 3, 1, 'Koto VII'),
(5667, 98, 3, 1, 'Kupitan'),
(5668, 98, 3, 1, 'Lubuak Tarok'),
(5669, 98, 3, 1, 'Sijunjung'),
(5670, 98, 3, 1, 'Sumpur Kudus'),
(5671, 98, 3, 1, 'Tanjung Gadang'),
(5796, 99, 3, 1, 'Bukit Sundi'),
(5797, 99, 3, 1, 'Danau Kembar'),
(5798, 99, 3, 1, 'Gunung Talang'),
(5799, 99, 3, 1, 'Hiliran Gumanti'),
(5800, 99, 3, 1, 'IX Koto Sei Lasi'),
(5801, 99, 3, 1, 'Junjung Sirih'),
(5802, 99, 3, 1, 'Kubung'),
(5803, 99, 3, 1, 'Lembah Gumanti'),
(5804, 99, 3, 1, 'Lembang Jaya'),
(5805, 99, 3, 1, 'Pantai Cermin'),
(5806, 99, 3, 1, 'Payung Sekaki'),
(5807, 99, 3, 1, 'Tigo Lurah'),
(5808, 99, 3, 1, 'X Koto Diatas'),
(5809, 99, 3, 1, 'X Koto Singkarak'),
(5810, 108, 3, 1, 'Lubuk Sikarah'),
(5811, 108, 3, 1, 'Tanjung Harapan'),
(5812, 100, 3, 1, 'Koto Parik Gadang Diateh'),
(5813, 100, 3, 1, 'Pauh Duo'),
(5814, 100, 3, 1, 'Sangir'),
(5815, 100, 3, 1, 'Sangir Balai Janggo'),
(5816, 100, 3, 1, 'Sangir Batang Hari'),
(5817, 100, 3, 1, 'Sangir Jujuan'),
(5818, 100, 3, 1, 'Sungai Pagu'),
(6243, 101, 3, 1, 'Batipuh'),
(6244, 101, 3, 1, 'Batipuh Selatan'),
(6245, 101, 3, 1, 'Lima Kaum'),
(6246, 101, 3, 1, 'Lintau Buo'),
(6247, 101, 3, 1, 'Lintau Buo Utara'),
(6248, 101, 3, 1, 'Padang Ganting'),
(6249, 101, 3, 1, 'Pariangan'),
(6250, 101, 3, 1, 'Rambatan'),
(6251, 101, 3, 1, 'Salimpaung'),
(6252, 101, 3, 1, 'Sepuluh Koto (X Koto)'),
(6253, 101, 3, 1, 'Sungai Tarab'),
(6254, 101, 3, 1, 'Sungayang'),
(6255, 101, 3, 1, 'Tanjung Baru'),
(6256, 101, 3, 1, 'Tanjung Emas'),
(554, 109, 6, 1, 'Air Kumbang'),
(555, 109, 6, 1, 'Air Salek'),
(556, 109, 6, 1, 'Banyuasin I'),
(557, 109, 6, 1, 'Banyuasin II'),
(558, 109, 6, 1, 'Banyuasin III'),
(559, 109, 6, 1, 'Betung'),
(560, 109, 6, 1, 'Makarti Jaya'),
(561, 109, 6, 1, 'Muara Padang'),
(562, 109, 6, 1, 'Muara Sugihan'),
(563, 109, 6, 1, 'Muara Telang'),
(564, 109, 6, 1, 'Pulau Rimau'),
(565, 109, 6, 1, 'Rambutan'),
(566, 109, 6, 1, 'Rantau Bayur'),
(567, 109, 6, 1, 'Sembawa'),
(568, 109, 6, 1, 'Suak Tapeh'),
(569, 109, 6, 1, 'Sumber Marga Telang'),
(570, 109, 6, 1, 'Talang Kelapa'),
(571, 109, 6, 1, 'Tanjung Lago'),
(572, 109, 6, 1, 'Tungkal Ilir'),
(1640, 110, 6, 1, 'Lintang Kanan'),
(1641, 110, 6, 1, 'Muara Pinang'),
(1642, 110, 6, 1, 'Pasemah Air Keruh'),
(1643, 110, 6, 1, 'Pendopo'),
(1644, 110, 6, 1, 'Pendopo Barat'),
(1645, 110, 6, 1, 'Saling'),
(1646, 110, 6, 1, 'Sikap Dalam'),
(1647, 110, 6, 1, 'Talang Padang'),
(1648, 110, 6, 1, 'Tebing Tinggi'),
(1649, 110, 6, 1, 'Ulu Musi'),
(3083, 111, 6, 1, 'Gumay Talang'),
(3084, 111, 6, 1, 'Gumay Ulu'),
(3085, 111, 6, 1, 'Jarai'),
(3086, 111, 6, 1, 'Kikim Barat'),
(3087, 111, 6, 1, 'Kikim Selatan'),
(3088, 111, 6, 1, 'Kikim Tengah'),
(3089, 111, 6, 1, 'Kikim Timur'),
(3090, 111, 6, 1, 'Kota Agung'),
(3091, 111, 6, 1, 'Lahat'),
(3092, 111, 6, 1, 'Merapi Barat'),
(3093, 111, 6, 1, 'Merapi Selatan'),
(3094, 111, 6, 1, 'Merapi Timur'),
(3095, 111, 6, 1, 'Muarapayang'),
(3096, 111, 6, 1, 'Mulak Ulu'),
(3097, 111, 6, 1, 'Pagar Gunung'),
(3098, 111, 6, 1, 'Pajar Bulan'),
(3099, 111, 6, 1, 'Pseksu'),
(3100, 111, 6, 1, 'Pulau Pinang'),
(3101, 111, 6, 1, 'Sukamerindu'),
(3102, 111, 6, 1, 'Tanjung Sakti Pumi'),
(3103, 111, 6, 1, 'Tanjung Sakti Pumu'),
(3104, 111, 6, 1, 'Tanjung Tebat'),
(3419, 120, 6, 1, 'Lubuk Linggau Barat Dua (II)'),
(3420, 120, 6, 1, 'Lubuk Linggau Barat Satu (I)'),
(3421, 120, 6, 1, 'Lubuk Linggau Selatan Dua (II)'),
(3422, 120, 6, 1, 'Lubuk Linggau Selatan Satu (I)'),
(3423, 120, 6, 1, 'Lubuk Linggau Timur Dua (II)'),
(3424, 120, 6, 1, 'Lubuk Linggau Timur Satu (I)'),
(3425, 120, 6, 1, 'Lubuk Linggau Utara Dua (II)'),
(3426, 120, 6, 1, 'Lubuk Linggau Utara Satu (I)'),
(4109, 112, 6, 1, 'Abab'),
(4110, 112, 6, 1, 'Benakat'),
(4111, 112, 6, 1, 'Gelumbang'),
(4112, 112, 6, 1, 'Gunung Megang'),
(4113, 112, 6, 1, 'Kelekar'),
(4114, 112, 6, 1, 'Lawang Kidul'),
(4115, 112, 6, 1, 'Lembak'),
(4116, 112, 6, 1, 'Lubai'),
(4117, 112, 6, 1, 'Muara Belida'),
(4118, 112, 6, 1, 'Muara Enim'),
(4119, 112, 6, 1, 'Penukal (Penukal Abab)'),
(4120, 112, 6, 1, 'Penukal Utara'),
(4121, 112, 6, 1, 'Rambang'),
(4122, 112, 6, 1, 'Rambang Dangku'),
(4123, 112, 6, 1, 'Semendo Darat Laut'),
(4124, 112, 6, 1, 'Semendo Darat Tengah'),
(4125, 112, 6, 1, 'Semendo Darat Ulu'),
(4126, 112, 6, 1, 'Sungai Rotan'),
(4127, 112, 6, 1, 'Talang Ubi'),
(4128, 112, 6, 1, 'Tanah Abang');
INSERT INTO `tb_subdistrict` (`SUBD_ID`, `CITY_ID`, `STATE_ID`, `CNTR_ID`, `SUBD_NAME`) VALUES
(4129, 112, 6, 1, 'Tanjung Agung'),
(4130, 112, 6, 1, 'Ujan Mas'),
(4200, 113, 6, 1, 'Babat Supat'),
(4201, 113, 6, 1, 'Babat Toman'),
(4202, 113, 6, 1, 'Batanghari Leko'),
(4203, 113, 6, 1, 'Bayung Lencir'),
(4204, 113, 6, 1, 'Keluang'),
(4205, 113, 6, 1, 'Lais'),
(4206, 113, 6, 1, 'Lalan (Sungai Lalan)'),
(4207, 113, 6, 1, 'Lawang Wetan'),
(4208, 113, 6, 1, 'Plakat Tinggi (Pelakat Tinggi)'),
(4209, 113, 6, 1, 'Sanga Desa'),
(4210, 113, 6, 1, 'Sekayu'),
(4211, 113, 6, 1, 'Sungai Keruh'),
(4212, 113, 6, 1, 'Sungai Lilin'),
(4213, 113, 6, 1, 'Tungkal Jaya'),
(4214, 114, 6, 1, 'Batukuning Lakitan Ulu (BTS)/Cecar'),
(4215, 114, 6, 1, 'Jaya Loka'),
(4216, 114, 6, 1, 'Karang Dapo'),
(4217, 114, 6, 1, 'Karang Jaya'),
(4218, 114, 6, 1, 'Megang Sakti'),
(4219, 114, 6, 1, 'Muara Beliti'),
(4220, 114, 6, 1, 'Muara Kelingi'),
(4221, 114, 6, 1, 'Muara Lakitan'),
(4222, 114, 6, 1, 'Nibung'),
(4223, 114, 6, 1, 'Purwodadi'),
(4224, 114, 6, 1, 'Rawas Ilir'),
(4225, 114, 6, 1, 'Rawas Ulu'),
(4226, 114, 6, 1, 'Rupit'),
(4227, 114, 6, 1, 'Selangit'),
(4228, 114, 6, 1, 'STL Ulu Terawas'),
(4229, 114, 6, 1, 'Sukakarya'),
(4230, 114, 6, 1, 'Sumber Harta'),
(4231, 114, 6, 1, 'Tiang Pumpung Kepungut'),
(4232, 114, 6, 1, 'Tuah Negeri'),
(4233, 114, 6, 1, 'Tugumulyo'),
(4234, 114, 6, 1, 'Ulu Rawas'),
(4437, 115, 6, 1, 'Indralaya'),
(4438, 115, 6, 1, 'Indralaya Selatan'),
(4439, 115, 6, 1, 'Indralaya Utara'),
(4440, 115, 6, 1, 'Kandis'),
(4441, 115, 6, 1, 'Lubuk Keliat'),
(4442, 115, 6, 1, 'Muara Kuang'),
(4443, 115, 6, 1, 'Payaraman'),
(4444, 115, 6, 1, 'Pemulutan'),
(4445, 115, 6, 1, 'Pemulutan Barat'),
(4446, 115, 6, 1, 'Pemulutan Selatan'),
(4447, 115, 6, 1, 'Rambang Kuang'),
(4448, 115, 6, 1, 'Rantau Alai'),
(4449, 115, 6, 1, 'Rantau Panjang'),
(4450, 115, 6, 1, 'Sungai Pinang'),
(4451, 115, 6, 1, 'Tanjung Batu'),
(4452, 115, 6, 1, 'Tanjung Raja'),
(4453, 116, 6, 1, 'Air Sugihan'),
(4454, 116, 6, 1, 'Cengal'),
(4455, 116, 6, 1, 'Jejawi'),
(4456, 116, 6, 1, 'Kayu Agung'),
(4457, 116, 6, 1, 'Lempuing'),
(4458, 116, 6, 1, 'Lempuing Jaya'),
(4459, 116, 6, 1, 'Mesuji'),
(4460, 116, 6, 1, 'Mesuji Makmur'),
(4461, 116, 6, 1, 'Mesuji Raya'),
(4462, 116, 6, 1, 'Pampangan'),
(4463, 116, 6, 1, 'Pangkalan Lampam'),
(4464, 116, 6, 1, 'Pedamaran'),
(4465, 116, 6, 1, 'Pedamaran Timur'),
(4466, 116, 6, 1, 'Sirah Pulau Padang'),
(4467, 116, 6, 1, 'Sungai Menang'),
(4468, 116, 6, 1, 'Tanjung Lubuk'),
(4469, 116, 6, 1, 'Teluk Gelam'),
(4470, 116, 6, 1, 'Tulung Selapan'),
(4471, 117, 6, 1, 'Baturaja Barat'),
(4472, 117, 6, 1, 'Baturaja Timur'),
(4473, 117, 6, 1, 'Lengkiti'),
(4474, 117, 6, 1, 'Lubuk Batang'),
(4475, 117, 6, 1, 'Lubuk Raja'),
(4476, 117, 6, 1, 'Muara Jaya'),
(4477, 117, 6, 1, 'Pengandonan'),
(4478, 117, 6, 1, 'Peninjauan'),
(4479, 117, 6, 1, 'Semidang Aji'),
(4480, 117, 6, 1, 'Sinar Peninjauan'),
(4481, 117, 6, 1, 'Sosoh Buay Rayap'),
(4482, 117, 6, 1, 'Ulu Ogan'),
(4483, 118, 6, 1, 'Banding Agung'),
(4484, 118, 6, 1, 'Buana Pemaca'),
(4485, 118, 6, 1, 'Buay Pemaca'),
(4486, 118, 6, 1, 'Buay Pematang Ribu Ranau Tengah'),
(4487, 118, 6, 1, 'Buay Rawan'),
(4488, 118, 6, 1, 'Buay Runjung'),
(4489, 118, 6, 1, 'Buay Sandang Aji'),
(4490, 118, 6, 1, 'Kisam Ilir'),
(4491, 118, 6, 1, 'Kisam Tinggi'),
(4492, 118, 6, 1, 'Mekakau Ilir'),
(4493, 118, 6, 1, 'Muaradua'),
(4494, 118, 6, 1, 'Muaradua Kisam'),
(4495, 118, 6, 1, 'Pulau Beringin'),
(4496, 118, 6, 1, 'Runjung Agung'),
(4497, 118, 6, 1, 'Simpang'),
(4498, 118, 6, 1, 'Sindang Danau'),
(4499, 118, 6, 1, 'Sungai Are'),
(4500, 118, 6, 1, 'Tiga Dihaji'),
(4501, 118, 6, 1, 'Warkuk Ranau Selatan'),
(4502, 119, 6, 1, 'Belitang'),
(4503, 119, 6, 1, 'Belitang II'),
(4504, 119, 6, 1, 'Belitang III'),
(4505, 119, 6, 1, 'Belitang Jaya'),
(4506, 119, 6, 1, 'Belitang Madang Raya'),
(4507, 119, 6, 1, 'Belitang Mulya'),
(4508, 119, 6, 1, 'Buay Madang'),
(4509, 119, 6, 1, 'Buay Madang Timur'),
(4510, 119, 6, 1, 'Buay Pemuka Bangsa Raja'),
(4511, 119, 6, 1, 'Buay Pemuka Beliung / Peliung'),
(4512, 119, 6, 1, 'Bunga Mayang'),
(4513, 119, 6, 1, 'Cempaka'),
(4514, 119, 6, 1, 'Jayapura'),
(4515, 119, 6, 1, 'Madang Suku I'),
(4516, 119, 6, 1, 'Madang Suku II'),
(4517, 119, 6, 1, 'Madang Suku III'),
(4518, 119, 6, 1, 'Martapura'),
(4519, 119, 6, 1, 'Semendawai Barat'),
(4520, 119, 6, 1, 'Semendawai Suku III'),
(4521, 119, 6, 1, 'Semendawai Timur'),
(4591, 121, 6, 1, 'Dempo Selatan'),
(4592, 121, 6, 1, 'Dempo Tengah'),
(4593, 121, 6, 1, 'Dempo Utara'),
(4594, 121, 6, 1, 'Pagar Alam Selatan'),
(4595, 121, 6, 1, 'Pagar Alam Utara'),
(4609, 122, 6, 1, 'Alang-Alang Lebar'),
(4610, 122, 6, 1, 'Bukit Kecil'),
(4611, 122, 6, 1, 'Gandus'),
(4612, 122, 6, 1, 'Ilir Barat I'),
(4613, 122, 6, 1, 'Ilir Barat II'),
(4614, 122, 6, 1, 'Ilir Timur I'),
(4615, 122, 6, 1, 'Ilir Timur II'),
(4616, 122, 6, 1, 'Kalidoni'),
(4617, 122, 6, 1, 'Kemuning'),
(4618, 122, 6, 1, 'Kertapati'),
(4619, 122, 6, 1, 'Plaju'),
(4620, 122, 6, 1, 'Sako'),
(4621, 122, 6, 1, 'Seberang Ulu I'),
(4622, 122, 6, 1, 'Seberang Ulu II'),
(4623, 122, 6, 1, 'Sematang Borang'),
(4624, 122, 6, 1, 'Sukarami'),
(5126, 123, 6, 1, 'Cambai'),
(5127, 123, 6, 1, 'Prabumulih Barat'),
(5128, 123, 6, 1, 'Prabumulih Selatan'),
(5129, 123, 6, 1, 'Prabumulih Timur'),
(5130, 123, 6, 1, 'Prabumulih Utara'),
(5131, 123, 6, 1, 'Rambang Kapak Tengah'),
(214, 24, 2, 1, 'Aek Kuasan'),
(215, 24, 2, 1, 'Aek Ledong'),
(216, 24, 2, 1, 'Aek Songsongan'),
(217, 24, 2, 1, 'Air Batu'),
(218, 24, 2, 1, 'Air Joman'),
(219, 24, 2, 1, 'Bandar Pasir Mandoge'),
(220, 24, 2, 1, 'Bandar Pulau'),
(221, 24, 2, 1, 'Buntu Pane'),
(222, 24, 2, 1, 'Kisaran Barat Kota'),
(223, 24, 2, 1, 'Kisaran Timur Kota'),
(224, 24, 2, 1, 'Meranti'),
(225, 24, 2, 1, 'Pulau Rakyat'),
(226, 24, 2, 1, 'Pulo Bandring'),
(227, 24, 2, 1, 'Rahuning'),
(228, 24, 2, 1, 'Rawang Panca Arga'),
(229, 24, 2, 1, 'Sei Dadap'),
(230, 24, 2, 1, 'Sei Kepayang'),
(231, 24, 2, 1, 'Sei Kepayang Barat'),
(232, 24, 2, 1, 'Sei Kepayang Timur'),
(233, 24, 2, 1, 'Setia Janji'),
(234, 24, 2, 1, 'Silau Laut'),
(235, 24, 2, 1, 'Simpang Empat'),
(236, 24, 2, 1, 'Tanjung Balai'),
(237, 24, 2, 1, 'Teluk Dalam'),
(238, 24, 2, 1, 'Tinggi Raja'),
(711, 25, 2, 1, 'Air Putih'),
(712, 25, 2, 1, 'Limapuluh'),
(713, 25, 2, 1, 'Medang Deras'),
(714, 25, 2, 1, 'Sei Balai'),
(715, 25, 2, 1, 'Sei Suka'),
(716, 25, 2, 1, 'Talawi'),
(717, 25, 2, 1, 'Tanjung Tiram'),
(934, 49, 2, 1, 'Binjai Barat'),
(935, 49, 2, 1, 'Binjai Kota'),
(936, 49, 2, 1, 'Binjai Selatan'),
(937, 49, 2, 1, 'Binjai Timur'),
(938, 49, 2, 1, 'Binjai Utara'),
(1517, 26, 2, 1, 'Berampu (Brampu)'),
(1518, 26, 2, 1, 'Gunung Sitember'),
(1519, 26, 2, 1, 'Lae Parira'),
(1520, 26, 2, 1, 'Parbuluan'),
(1521, 26, 2, 1, 'Pegagan Hilir'),
(1522, 26, 2, 1, 'Sidikalang'),
(1523, 26, 2, 1, 'Siempat Nempu'),
(1524, 26, 2, 1, 'Siempat Nempu Hilir'),
(1525, 26, 2, 1, 'Siempat Nempu Hulu'),
(1526, 26, 2, 1, 'Silahi Sabungan'),
(1527, 26, 2, 1, 'Silima Pungga-Pungga'),
(1528, 26, 2, 1, 'Sitinjo'),
(1529, 26, 2, 1, 'Sumbul'),
(1530, 26, 2, 1, 'Tanah Pinem'),
(1531, 26, 2, 1, 'Tiga Lingga'),
(1537, 27, 2, 1, 'Bangun Purba'),
(1538, 27, 2, 1, 'Batang Kuis'),
(1539, 27, 2, 1, 'Beringin'),
(1540, 27, 2, 1, 'Biru-Biru'),
(1541, 27, 2, 1, 'Deli Tua'),
(1542, 27, 2, 1, 'Galang'),
(1543, 27, 2, 1, 'Gunung Meriah'),
(1544, 27, 2, 1, 'Hamparan Perak'),
(1545, 27, 2, 1, 'Kutalimbaru'),
(1546, 27, 2, 1, 'Labuhan Deli'),
(1547, 27, 2, 1, 'Lubuk Pakam'),
(1548, 27, 2, 1, 'Namo Rambe'),
(1549, 27, 2, 1, 'Pagar Merbau'),
(1550, 27, 2, 1, 'Pancur Batu'),
(1551, 27, 2, 1, 'Pantai Labu'),
(1552, 27, 2, 1, 'Patumbak'),
(1553, 27, 2, 1, 'Percut Sei Tuan'),
(1554, 27, 2, 1, 'Sibolangit'),
(1555, 27, 2, 1, 'Sinembah Tanjung Muda Hilir'),
(1556, 27, 2, 1, 'Sinembah Tanjung Muda Hulu'),
(1557, 27, 2, 1, 'Sunggal'),
(1558, 27, 2, 1, 'Tanjung Morawa'),
(1895, 50, 2, 1, 'Gunungsitoli'),
(1896, 50, 2, 1, 'Gunungsitoli Alo\'oa'),
(1897, 50, 2, 1, 'Gunungsitoli Barat'),
(1898, 50, 2, 1, 'Gunungsitoli Idanoi'),
(1899, 50, 2, 1, 'Gunungsitoli Selatan'),
(1900, 50, 2, 1, 'Gunungsitoli Utara'),
(2006, 28, 2, 1, 'Bakti Raja'),
(2007, 28, 2, 1, 'Dolok Sanggul'),
(2008, 28, 2, 1, 'Lintong Nihuta'),
(2009, 28, 2, 1, 'Onan Ganjang'),
(2010, 28, 2, 1, 'Pakkat'),
(2011, 28, 2, 1, 'Paranginan'),
(2012, 28, 2, 1, 'Parlilitan'),
(2013, 28, 2, 1, 'Pollung'),
(2014, 28, 2, 1, 'Sijama Polang'),
(2015, 28, 2, 1, 'Tara Bintang'),
(2420, 29, 2, 1, 'Barus Jahe'),
(2421, 29, 2, 1, 'Brastagi (Berastagi)'),
(2422, 29, 2, 1, 'Dolat Rayat'),
(2423, 29, 2, 1, 'Juhar'),
(2424, 29, 2, 1, 'Kabanjahe'),
(2425, 29, 2, 1, 'Kuta Buluh'),
(2426, 29, 2, 1, 'Laubaleng'),
(2427, 29, 2, 1, 'Mardinding'),
(2428, 29, 2, 1, 'Merdeka'),
(2429, 29, 2, 1, 'Merek'),
(2430, 29, 2, 1, 'Munte'),
(2431, 29, 2, 1, 'Nama Teran'),
(2432, 29, 2, 1, 'Payung'),
(2433, 29, 2, 1, 'Simpang Empat'),
(2434, 29, 2, 1, 'Tiga Binanga'),
(2435, 29, 2, 1, 'Tiga Panah'),
(2436, 29, 2, 1, 'Tiganderket'),
(3061, 30, 2, 1, 'Bilah Barat'),
(3062, 30, 2, 1, 'Bilah Hilir'),
(3063, 30, 2, 1, 'Bilah Hulu'),
(3064, 30, 2, 1, 'Panai Hilir'),
(3065, 30, 2, 1, 'Panai Hulu'),
(3066, 30, 2, 1, 'Panai Tengah'),
(3067, 30, 2, 1, 'Pangkatan'),
(3068, 30, 2, 1, 'Rantau Selatan'),
(3069, 30, 2, 1, 'Rantau Utara'),
(3070, 31, 2, 1, 'Kampung Rakyat'),
(3071, 31, 2, 1, 'Kota Pinang'),
(3072, 31, 2, 1, 'Sei/Sungai Kanan'),
(3073, 31, 2, 1, 'Silangkitang'),
(3074, 31, 2, 1, 'Torgamba'),
(3075, 32, 2, 1, 'Aek Kuo'),
(3076, 32, 2, 1, 'Aek Natas'),
(3077, 32, 2, 1, 'Kuala Ledong (Kualuh Leidong)'),
(3078, 32, 2, 1, 'Kualuh Hilir'),
(3079, 32, 2, 1, 'Kualuh Hulu'),
(3080, 32, 2, 1, 'Kualuh Selatan'),
(3081, 32, 2, 1, 'Marbau'),
(3082, 32, 2, 1, 'Na IX-X'),
(3260, 33, 2, 1, 'Babalan'),
(3261, 33, 2, 1, 'Bahorok'),
(3262, 33, 2, 1, 'Batang Serangan'),
(3263, 33, 2, 1, 'Besitang'),
(3264, 33, 2, 1, 'Binjai'),
(3265, 33, 2, 1, 'Brandan Barat'),
(3266, 33, 2, 1, 'Gebang'),
(3267, 33, 2, 1, 'Hinai'),
(3268, 33, 2, 1, 'Kuala'),
(3269, 33, 2, 1, 'Kutambaru'),
(3270, 33, 2, 1, 'Padang Tualang'),
(3271, 33, 2, 1, 'Pangkalan Susu'),
(3272, 33, 2, 1, 'Pematang Jaya'),
(3273, 33, 2, 1, 'Salapian'),
(3274, 33, 2, 1, 'Sawit Seberang'),
(3275, 33, 2, 1, 'Secanggang'),
(3276, 33, 2, 1, 'Sei Binge (Bingai)'),
(3277, 33, 2, 1, 'Sei Lepan'),
(3278, 33, 2, 1, 'Selesai'),
(3279, 33, 2, 1, 'Sirapit (Serapit)'),
(3280, 33, 2, 1, 'Stabat'),
(3281, 33, 2, 1, 'Tanjungpura'),
(3282, 33, 2, 1, 'Wampu'),
(3779, 34, 2, 1, 'Batahan'),
(3780, 34, 2, 1, 'Batang Natal'),
(3781, 34, 2, 1, 'Bukit Malintang'),
(3782, 34, 2, 1, 'Huta Bargot'),
(3783, 34, 2, 1, 'Kotanopan'),
(3784, 34, 2, 1, 'Langga Bayu (Lingga Bayu)'),
(3785, 34, 2, 1, 'Lembah Sorik Merapi'),
(3786, 34, 2, 1, 'Muara Batang Gadis'),
(3787, 34, 2, 1, 'Muara Sipongi'),
(3788, 34, 2, 1, 'Naga Juang'),
(3789, 34, 2, 1, 'Natal'),
(3790, 34, 2, 1, 'Pakantan'),
(3791, 34, 2, 1, 'Panyabungan Barat'),
(3792, 34, 2, 1, 'Panyabungan Kota'),
(3793, 34, 2, 1, 'Panyabungan Selatan'),
(3794, 34, 2, 1, 'Panyabungan Timur'),
(3795, 34, 2, 1, 'Panyabungan Utara'),
(3796, 34, 2, 1, 'Puncak Sorik Marapi/Merapi'),
(3797, 34, 2, 1, 'Ranto Baek/Baik'),
(3798, 34, 2, 1, 'Siabu'),
(3799, 34, 2, 1, 'Sinunukan'),
(3800, 34, 2, 1, 'Tambangan'),
(3801, 34, 2, 1, 'Ulu Pungkut'),
(3906, 51, 2, 1, 'Medan Amplas'),
(3907, 51, 2, 1, 'Medan Area'),
(3908, 51, 2, 1, 'Medan Barat'),
(3909, 51, 2, 1, 'Medan Baru'),
(3910, 51, 2, 1, 'Medan Belawan Kota'),
(3911, 51, 2, 1, 'Medan Deli'),
(3912, 51, 2, 1, 'Medan Denai'),
(3913, 51, 2, 1, 'Medan Helvetia'),
(3914, 51, 2, 1, 'Medan Johor'),
(3915, 51, 2, 1, 'Medan Kota'),
(3916, 51, 2, 1, 'Medan Labuhan'),
(3917, 51, 2, 1, 'Medan Maimun'),
(3918, 51, 2, 1, 'Medan Marelan'),
(3919, 51, 2, 1, 'Medan Perjuangan'),
(3920, 51, 2, 1, 'Medan Petisah'),
(3921, 51, 2, 1, 'Medan Polonia'),
(3922, 51, 2, 1, 'Medan Selayang'),
(3923, 51, 2, 1, 'Medan Sunggal'),
(3924, 51, 2, 1, 'Medan Tembung'),
(3925, 51, 2, 1, 'Medan Timur'),
(3926, 51, 2, 1, 'Medan Tuntungan'),
(4362, 35, 2, 1, 'Bawolato'),
(4363, 35, 2, 1, 'Botomuzoi'),
(4364, 35, 2, 1, 'Gido'),
(4365, 35, 2, 1, 'Hili Serangkai (Hilisaranggu)'),
(4366, 35, 2, 1, 'Hiliduho'),
(4367, 35, 2, 1, 'Idano Gawo'),
(4368, 35, 2, 1, 'Ma\'u'),
(4369, 35, 2, 1, 'Sogae Adu (Sogaeadu)'),
(4370, 35, 2, 1, 'Somolo-Molo (Samolo)'),
(4371, 35, 2, 1, 'Ulugawo'),
(4372, 36, 2, 1, 'Lahomi (Gahori)'),
(4373, 36, 2, 1, 'Lolofitu Moi'),
(4374, 36, 2, 1, 'Mandrehe'),
(4375, 36, 2, 1, 'Mandrehe Barat'),
(4376, 36, 2, 1, 'Mandrehe Utara'),
(4377, 36, 2, 1, 'Moro\'o'),
(4378, 36, 2, 1, 'Sirombu'),
(4379, 36, 2, 1, 'Ulu Moro\'o (Ulu Narwo)'),
(4380, 37, 2, 1, 'Amandraya'),
(4381, 37, 2, 1, 'Aramo'),
(4382, 37, 2, 1, 'Boronadu'),
(4383, 37, 2, 1, 'Fanayama'),
(4384, 37, 2, 1, 'Gomo'),
(4385, 37, 2, 1, 'Hibala'),
(4386, 37, 2, 1, 'Hilimegai'),
(4387, 37, 2, 1, 'Hilisalawa\'ahe (Hilisalawaahe)'),
(4388, 37, 2, 1, 'Huruna'),
(4389, 37, 2, 1, 'Lahusa'),
(4390, 37, 2, 1, 'Lolomatua'),
(4391, 37, 2, 1, 'Lolowau'),
(4392, 37, 2, 1, 'Maniamolo'),
(4393, 37, 2, 1, 'Mazino'),
(4394, 37, 2, 1, 'Mazo'),
(4395, 37, 2, 1, 'O\'o\'u (Oou)'),
(4396, 37, 2, 1, 'Onohazumba'),
(4397, 37, 2, 1, 'Pulau-Pulau Batu'),
(4398, 37, 2, 1, 'Pulau-Pulau Batu Barat'),
(4399, 37, 2, 1, 'Pulau-Pulau Batu Timur'),
(4400, 37, 2, 1, 'Pulau-Pulau Batu Utara'),
(4401, 37, 2, 1, 'Sidua\'ori'),
(4402, 37, 2, 1, 'Simuk'),
(4403, 37, 2, 1, 'Somambawa'),
(4404, 37, 2, 1, 'Susua'),
(4405, 37, 2, 1, 'Tanah Masa'),
(4406, 37, 2, 1, 'Teluk Dalam'),
(4407, 37, 2, 1, 'Toma'),
(4408, 37, 2, 1, 'Ulunoyo'),
(4409, 37, 2, 1, 'Ulususua'),
(4410, 37, 2, 1, 'Umbunasi'),
(4411, 38, 2, 1, 'Afulu'),
(4412, 38, 2, 1, 'Alasa'),
(4413, 38, 2, 1, 'Alasa Talumuzoi'),
(4414, 38, 2, 1, 'Lahewa'),
(4415, 38, 2, 1, 'Lahewa Timur'),
(4416, 38, 2, 1, 'Lotu'),
(4417, 38, 2, 1, 'Namohalu Esiwa'),
(4418, 38, 2, 1, 'Sawo'),
(4419, 38, 2, 1, 'Sitolu Ori'),
(4420, 38, 2, 1, 'Tugala Oyo'),
(4421, 38, 2, 1, 'Tuhemberua'),
(4545, 39, 2, 1, 'Aek Nabara Barumun'),
(4546, 39, 2, 1, 'Barumun'),
(4547, 39, 2, 1, 'Barumun Selatan'),
(4548, 39, 2, 1, 'Barumun Tengah'),
(4549, 39, 2, 1, 'Batang Lubu Sutam'),
(4550, 39, 2, 1, 'Huristak'),
(4551, 39, 2, 1, 'Huta Raja Tinggi'),
(4552, 39, 2, 1, 'Lubuk Barumun'),
(4553, 39, 2, 1, 'Sihapas Barumun'),
(4554, 39, 2, 1, 'Sosa'),
(4555, 39, 2, 1, 'Sosopan'),
(4556, 39, 2, 1, 'Ulu Barumun'),
(4557, 40, 2, 1, 'Batang Onang'),
(4558, 40, 2, 1, 'Dolok'),
(4559, 40, 2, 1, 'Dolok Sigompulon'),
(4560, 40, 2, 1, 'Halongonan'),
(4561, 40, 2, 1, 'Hulu Sihapas'),
(4562, 40, 2, 1, 'Padang Bolak'),
(4563, 40, 2, 1, 'Padang Bolak Julu'),
(4564, 40, 2, 1, 'Portibi'),
(4565, 40, 2, 1, 'Simangambat'),
(4585, 52, 2, 1, 'Padang Sidempuan Angkola Julu'),
(4586, 52, 2, 1, 'Padang Sidempuan Batunadua'),
(4587, 52, 2, 1, 'Padang Sidempuan Hutaimbaru'),
(4588, 52, 2, 1, 'Padang Sidempuan Selatan'),
(4589, 52, 2, 1, 'Padang Sidempuan Tenggara'),
(4590, 52, 2, 1, 'Padang Sidempuan Utara (Padangsidimpuan)'),
(4596, 41, 2, 1, 'Kerajaan'),
(4597, 41, 2, 1, 'Pagindar'),
(4952, 53, 2, 1, 'Siantar Barat'),
(4598, 41, 2, 1, 'Pergetteng Getteng Sengkut'),
(4953, 53, 2, 1, 'Siantar Marihat'),
(4599, 41, 2, 1, 'Salak'),
(4954, 53, 2, 1, 'Siantar Marimbun'),
(4600, 41, 2, 1, 'Siempat Rube'),
(4955, 53, 2, 1, 'Siantar Martoba'),
(4601, 41, 2, 1, 'Sitellu Tali Urang Jehe'),
(4956, 53, 2, 1, 'Siantar Selatan'),
(4602, 41, 2, 1, 'Sitellu Tali Urang Julu'),
(4957, 53, 2, 1, 'Siantar Sitalasari'),
(4603, 41, 2, 1, 'Tinada'),
(4958, 53, 2, 1, 'Siantar Timur'),
(4959, 53, 2, 1, 'Siantar Utara'),
(5385, 42, 2, 1, 'Harian'),
(5386, 42, 2, 1, 'Nainggolan'),
(5387, 42, 2, 1, 'Onan Runggu'),
(5388, 42, 2, 1, 'Palipi'),
(5389, 42, 2, 1, 'Pangururan'),
(5390, 42, 2, 1, 'Ronggur Nihuta'),
(5391, 42, 2, 1, 'Sianjur Mula-Mula'),
(5392, 42, 2, 1, 'Simanindo'),
(5393, 42, 2, 1, 'Sitio-Tio'),
(5575, 43, 2, 1, 'Bandar Khalifah'),
(5576, 43, 2, 1, 'Bintang Bayu'),
(5577, 43, 2, 1, 'Dolok Masihul'),
(5578, 43, 2, 1, 'Dolok Merawan'),
(5579, 43, 2, 1, 'Kotarih'),
(5580, 43, 2, 1, 'Pantai Cermin'),
(5581, 43, 2, 1, 'Pegajahan'),
(5582, 43, 2, 1, 'Perbaungan'),
(5583, 43, 2, 1, 'Sei Bamban'),
(5584, 43, 2, 1, 'Sei Rampah'),
(5585, 43, 2, 1, 'Serba Jadi'),
(5586, 43, 2, 1, 'Silinda'),
(5587, 43, 2, 1, 'Sipispis'),
(5588, 43, 2, 1, 'Tanjung Beringin'),
(5589, 43, 2, 1, 'Tebing Syahbandar'),
(5590, 43, 2, 1, 'Tebing Tinggi'),
(5591, 43, 2, 1, 'Teluk Mengkudu'),
(5616, 54, 2, 1, 'Sibolga Kota'),
(5617, 54, 2, 1, 'Sibolga Sambas'),
(5618, 54, 2, 1, 'Sibolga Selatan'),
(5619, 54, 2, 1, 'Sibolga Utara'),
(6371, 45, 2, 1, 'Aek Bilah'),
(6372, 45, 2, 1, 'Angkola Barat (Padang Sidempuan)'),
(6373, 45, 2, 1, 'Angkola Sangkunur'),
(6385, 46, 2, 1, 'Andam Dewi'),
(6374, 45, 2, 1, 'Angkola Selatan (Siais)'),
(6386, 46, 2, 1, 'Badiri'),
(6375, 45, 2, 1, 'Angkola Timur (Padang Sidempuan)'),
(6387, 46, 2, 1, 'Barus'),
(6376, 45, 2, 1, 'Arse'),
(6388, 46, 2, 1, 'Barus Utara'),
(6377, 45, 2, 1, 'Batang Angkola'),
(6389, 46, 2, 1, 'Kolang'),
(6378, 45, 2, 1, 'Batang Toru'),
(6390, 46, 2, 1, 'Lumut'),
(6379, 45, 2, 1, 'Marancar'),
(6337, 55, 2, 1, 'Datuk Bandar'),
(6391, 46, 2, 1, 'Manduamas'),
(6380, 45, 2, 1, 'Muara Batang Toru'),
(6338, 55, 2, 1, 'Datuk Bandar Timur'),
(6392, 46, 2, 1, 'Pandan'),
(6381, 45, 2, 1, 'Saipar Dolok Hole'),
(6339, 55, 2, 1, 'Sei Tualang Raso'),
(6393, 46, 2, 1, 'Pasaribu Tobing'),
(6382, 45, 2, 1, 'Sayur Matinggi'),
(6340, 55, 2, 1, 'Tanjung Balai Selatan'),
(6394, 46, 2, 1, 'Pinangsori'),
(6383, 45, 2, 1, 'Sipirok'),
(6341, 55, 2, 1, 'Tanjung Balai Utara'),
(6395, 46, 2, 1, 'Sarudik'),
(6384, 45, 2, 1, 'Tano Tombangan Angkola'),
(6342, 55, 2, 1, 'Teluk Nibung'),
(6396, 46, 2, 1, 'Sibabangun'),
(6397, 46, 2, 1, 'Sirandorung'),
(6398, 46, 2, 1, 'Sitahuis'),
(6399, 46, 2, 1, 'Sorkam'),
(6400, 46, 2, 1, 'Sorkam Barat'),
(6401, 46, 2, 1, 'Sosor Gadong'),
(6402, 46, 2, 1, 'Suka Bangun'),
(6403, 46, 2, 1, 'Tapian Nauli'),
(6404, 46, 2, 1, 'Tukka'),
(5693, 44, 2, 1, 'Bandar'),
(5694, 44, 2, 1, 'Bandar Huluan'),
(5695, 44, 2, 1, 'Bandar Masilam'),
(5696, 44, 2, 1, 'Bosar Maligas'),
(5697, 44, 2, 1, 'Dolok Batu Nanggar'),
(5698, 44, 2, 1, 'Dolok Panribuan'),
(5699, 44, 2, 1, 'Dolok Pardamean'),
(5700, 44, 2, 1, 'Dolok Silau'),
(5701, 44, 2, 1, 'Girsang Sipangan Bolon'),
(5702, 44, 2, 1, 'Gunung Malela'),
(5703, 44, 2, 1, 'Gunung Maligas'),
(5704, 44, 2, 1, 'Haranggaol Horison'),
(5705, 44, 2, 1, 'Hatonduhan'),
(5706, 44, 2, 1, 'Huta Bayu Raja'),
(5707, 44, 2, 1, 'Jawa Maraja Bah Jambi'),
(5708, 44, 2, 1, 'Jorlang Hataran'),
(5709, 44, 2, 1, 'Panei'),
(5710, 44, 2, 1, 'Panombeian Panei'),
(5711, 44, 2, 1, 'Pematang Bandar'),
(5712, 44, 2, 1, 'Pematang Sidamanik'),
(5713, 44, 2, 1, 'Pematang Silima Huta'),
(5714, 44, 2, 1, 'Purba'),
(5715, 44, 2, 1, 'Raya'),
(5716, 44, 2, 1, 'Raya Kahean'),
(5717, 44, 2, 1, 'Siantar'),
(5718, 44, 2, 1, 'Sidamanik'),
(5719, 44, 2, 1, 'Silimakuta'),
(5720, 44, 2, 1, 'Silou Kahean'),
(5721, 44, 2, 1, 'Tanah Jawa'),
(5722, 44, 2, 1, 'Tapian Dolok'),
(5723, 44, 2, 1, 'Ujung Padang'),
(6405, 47, 2, 1, 'Adian Koting'),
(6406, 47, 2, 1, 'Garoga'),
(6407, 47, 2, 1, 'Muara'),
(6408, 47, 2, 1, 'Pagaran'),
(6409, 47, 2, 1, 'Pahae Jae'),
(6410, 47, 2, 1, 'Pahae Julu'),
(6411, 47, 2, 1, 'Pangaribuan'),
(6412, 47, 2, 1, 'Parmonangan'),
(6413, 47, 2, 1, 'Purbatua'),
(6414, 47, 2, 1, 'Siatas Barita'),
(6415, 47, 2, 1, 'Siborong-Borong'),
(6416, 47, 2, 1, 'Simangumban'),
(6417, 47, 2, 1, 'Sipahutar'),
(6418, 47, 2, 1, 'Sipoholon'),
(6419, 47, 2, 1, 'Tarutung'),
(6485, 56, 2, 1, 'Bajenis'),
(6486, 56, 2, 1, 'Padang Hilir'),
(6487, 56, 2, 1, 'Padang Hulu'),
(6488, 56, 2, 1, 'Rambutan'),
(6489, 56, 2, 1, 'Tebing Tinggi Kota'),
(6652, 48, 2, 1, 'Ajibata'),
(6653, 48, 2, 1, 'Balige'),
(6654, 48, 2, 1, 'Bonatua Lunasi'),
(6655, 48, 2, 1, 'Bor-Bor'),
(6656, 48, 2, 1, 'Habinsaran'),
(6657, 48, 2, 1, 'Laguboti'),
(6658, 48, 2, 1, 'Lumban Julu'),
(6659, 48, 2, 1, 'Nassau'),
(6660, 48, 2, 1, 'Parmaksian'),
(6661, 48, 2, 1, 'Pintu Pohan Meranti'),
(6662, 48, 2, 1, 'Porsea'),
(6663, 48, 2, 1, 'Siantar Narumonda'),
(6664, 48, 2, 1, 'Sigumpar'),
(6665, 48, 2, 1, 'Silaen'),
(6666, 48, 2, 1, 'Tampahan'),
(6667, 48, 2, 1, 'Uluan'),
(685, 194, 13, 1, 'Bandar'),
(686, 194, 13, 1, 'Banyuputih'),
(687, 194, 13, 1, 'Batang'),
(688, 194, 13, 1, 'Bawang'),
(689, 194, 13, 1, 'Blado'),
(690, 194, 13, 1, 'Gringsing'),
(691, 194, 13, 1, 'Kandeman'),
(692, 194, 13, 1, 'Limpung'),
(693, 194, 13, 1, 'Pecalungan'),
(694, 194, 13, 1, 'Reban'),
(695, 194, 13, 1, 'Subah'),
(696, 194, 13, 1, 'Tersono'),
(697, 194, 13, 1, 'Tulis'),
(698, 194, 13, 1, 'Warungasem'),
(699, 194, 13, 1, 'Wonotunggal'),
(3841, 498, 32, 1, 'Dataran Isim'),
(3842, 498, 32, 1, 'Momi Waren'),
(3843, 498, 32, 1, 'Neney (Nenei)'),
(3844, 498, 32, 1, 'Oransbari'),
(3845, 498, 32, 1, 'Ransiki'),
(3846, 498, 32, 1, 'Tahota (Tohota)'),
(4690, 499, 12, 1, 'Cigugur'),
(4691, 499, 12, 1, 'Cijulang'),
(4692, 499, 12, 1, 'Cimerak'),
(4693, 499, 12, 1, 'Kalipucang'),
(4694, 499, 12, 1, 'Langkaplancar'),
(4695, 499, 12, 1, 'Mangunjaya'),
(4696, 499, 12, 1, 'Padaherang'),
(4697, 499, 12, 1, 'Pangandaran'),
(4698, 499, 12, 1, 'Parigi'),
(4699, 499, 12, 1, 'Sidamulih'),
(4847, 500, 32, 1, 'Anggi'),
(4848, 500, 32, 1, 'Anggi Gida'),
(4849, 500, 32, 1, 'Catubouw'),
(4850, 500, 32, 1, 'Didohu'),
(4851, 500, 32, 1, 'Hingk'),
(4852, 500, 32, 1, 'Membey'),
(4853, 500, 32, 1, 'Menyambouw (Minyambouw)'),
(4854, 500, 32, 1, 'Sururey'),
(4855, 500, 32, 1, 'Taige'),
(4973, 501, 32, 8, 'Bengkunat'),
(4974, 501, 32, 8, 'Bengkunat Belimbing'),
(4975, 501, 32, 8, 'Karya Penggawa'),
(4976, 501, 32, 8, 'Krui Selatan'),
(4977, 501, 32, 8, 'Lemong'),
(4978, 501, 32, 8, 'Ngambur'),
(4979, 501, 32, 8, 'Pesisir Selatan'),
(4980, 501, 32, 8, 'Pesisir Tengah'),
(4981, 501, 32, 8, 'Pesisir Utara'),
(4982, 501, 32, 8, 'Pulau Pisang'),
(4983, 501, 32, 8, 'Way Krui'),
(4856, 500, 32, 1, 'Testega');

-- --------------------------------------------------------

--
-- Struktur dari tabel `tb_subtype`
--

CREATE TABLE `tb_subtype` (
  `STYPE_ID` int(11) NOT NULL,
  `STYPE_NAME` varchar(100) NOT NULL,
  `TYPE_ID` int(11) NOT NULL
) ENGINE=InnoDB DEFAULT CHARSET=latin1;

--
-- Dumping data untuk tabel `tb_subtype`
--

INSERT INTO `tb_subtype` (`STYPE_ID`, `STYPE_NAME`, `TYPE_ID`) VALUES
(3, 'tes 1', 4),
(4, 'tes 2', 4),
(5, 'Katun', 2),
(6, 'Wool', 2),
(7, 'Sutera', 2),
(8, 'Spandex', 2),
(9, 'Jersey', 2),
(10, 'Denim', 2),
(11, 'Batik', 1),
(12, 'Ulos', 1),
(13, 'Songket', 1),
(14, 'Sasirangan', 1),
(15, 'Polyester', 2);

-- --------------------------------------------------------

--
-- Struktur dari tabel `tb_type`
--

CREATE TABLE `tb_type` (
  `TYPE_ID` int(11) NOT NULL,
  `TYPE_NAME` varchar(100) NOT NULL
) ENGINE=MyISAM DEFAULT CHARSET=latin1;

--
-- Dumping data untuk tabel `tb_type`
--

INSERT INTO `tb_type` (`TYPE_ID`, `TYPE_NAME`) VALUES
(1, 'Kain Tradisional'),
(2, 'Kain Tekstil'),
(3, 'Alat Jahit'),
(4, 'Alat Batik'),
(5, 'Buku Jahit');

-- --------------------------------------------------------

--
-- Struktur dari tabel `tb_unit_measure`
--

CREATE TABLE `tb_unit_measure` (
  `UMEA_ID` int(11) UNSIGNED NOT NULL,
  `UMEA_NAME` varchar(255) COLLATE utf8_unicode_ci NOT NULL
) ENGINE=MyISAM DEFAULT CHARSET=utf8 COLLATE=utf8_unicode_ci;

--
-- Dumping data untuk tabel `tb_unit_measure`
--

INSERT INTO `tb_unit_measure` (`UMEA_ID`, `UMEA_NAME`) VALUES
(1, 'Unit/Biji'),
(2, 'Kg'),
(3, 'Ons'),
(4, 'Tabel'),
(5, 'Meter'),
(6, 'Mili Liter'),
(7, 'Lembar'),
(8, 'Yard'),
(9, 'Roll'),
(10, 'Pasang'),
(11, 'Set'),
(12, 'Piece'),
(13, 'Lusin'),
(14, 'Kotak/Pack');

-- --------------------------------------------------------

--
-- Struktur dari tabel `tb_user`
--

CREATE TABLE `tb_user` (
  `USER_ID` int(11) NOT NULL,
  `USER_NAME` varchar(100) NOT NULL,
  `USER_LOGIN` varchar(20) NOT NULL,
  `USER_PASSWORD` varchar(50) NOT NULL,
  `GRP_ID` int(11) NOT NULL
) ENGINE=MyISAM DEFAULT CHARSET=latin1;

--
-- Dumping data untuk tabel `tb_user`
--

INSERT INTO `tb_user` (`USER_ID`, `USER_NAME`, `USER_LOGIN`, `USER_PASSWORD`, `GRP_ID`) VALUES
(64, 'flores', 'flores', '1ee45963f88bffe8b8167f75c4e4c90700a8d712', 1),
(2, 'Ahmad', 'ahmad', 'a53a33601b8dd9d06ae9e50f1f30fbe957aba866', 1),
(3, 'Sanusi Mulyo', 'sanusi', '59fe1f29ff91ef1c7627ea81e98fa0304f2affc0', 14),
(4, 'Yagyoo', 'yagyoo', '8978624d52153a771184be82a0a44224ce62dd72', 1),
(6, 'Superuser', 'superuser', '8e67bb26b358e2ed20fe552ed6fb832f397a507d', 3),
(9, 'Afifah', 'afifah', '7d8902c012547bcfb255e4a13dbb596f77ea3469', 1),
(63, 'rifqi', 'rifqi', 'd77a5e354be9cb8f2a3c83a841ed84baa2abc267', 2),
(65, 'dewinur', 'dewinur', '747d4a61a527bd0118fbc9b11e006814c7734cc7', 1),
(66, 'test-cs1', 'test-cs1', '7bf32d6999405f65352a212391e9b032f6429ab2', 1),
(67, 'test-pm1', 'test-pm1', '567411aaeadb06705db7aef7d6abdb669196029d', 2),
(68, 'cs1', 'cs111', '65df07de2bf35d97ae2abf3f44b0968ecf5fcbb1', 1),
(69, 'cs2', 'cs222', '240f3b055bf8305d95efaa54b227d972e9824eaf', 1),
(70, 'eni widya sari', 'eni.widya', '9054b14098369218be8fa11eca787c08ece85107', 15);

-- --------------------------------------------------------

--
-- Struktur dari tabel `tb_vendor`
--

CREATE TABLE `tb_vendor` (
  `VEND_ID` int(11) NOT NULL,
  `VEND_NAME` varchar(100) NOT NULL,
  `VEND_CPERSON` varchar(100) DEFAULT NULL,
  `VEND_ADDRESS` varchar(500) DEFAULT NULL,
  `CNTR_ID` int(11) NOT NULL,
  `STATE_ID` int(11) NOT NULL,
  `CITY_ID` int(11) NOT NULL,
  `SUBD_ID` int(11) NOT NULL,
  `VEND_PHONE` varchar(20) DEFAULT NULL,
  `VEND_EMAIL` varchar(100) DEFAULT NULL,
  `VEND_STATUS` smallint(6) DEFAULT NULL,
  `VEND_COURIER_ID` int(11) DEFAULT NULL,
  `VEND_COURIER_ADD_UNIT` decimal(10,0) DEFAULT NULL,
  `VEND_COURIER_ADD_VOL` decimal(10,0) DEFAULT NULL,
  `VEND_ADDCOST` decimal(10,0) DEFAULT NULL
) ENGINE=MyISAM DEFAULT CHARSET=latin1;

--
-- Dumping data untuk tabel `tb_vendor`
--

INSERT INTO `tb_vendor` (`VEND_ID`, `VEND_NAME`, `VEND_CPERSON`, `VEND_ADDRESS`, `CNTR_ID`, `STATE_ID`, `CITY_ID`, `SUBD_ID`, `VEND_PHONE`, `VEND_EMAIL`, `VEND_STATUS`, `VEND_COURIER_ID`, `VEND_COURIER_ADD_UNIT`, `VEND_COURIER_ADD_VOL`, `VEND_ADDCOST`) VALUES
(872, 'Vendor 101', 'Gozali', 'Jl Veteran No. 107', 1, 13, 193, 574, '1234345656', 'gozali@gmail.com', 1, NULL, NULL, NULL, NULL),
(874, 'Vendor 2', 'Pak Bambang', 'Jl. Pembantu no. 11', 1, 14, 269, 6983, '0811-2456-2112', 'bambang@tokoku.com', 1, NULL, NULL, NULL, NULL),
(879, 'Vendor 3', 'Budi Sentosa', '', 1, 14, 269, 6986, '08977656467', '', 1, NULL, NULL, NULL, NULL),
(880, 'Altajaya', 'CS', 'Ruko Perwita Regency, Blok A No.3, Jl. Parangtritis No.Km 3,5, Randubelang, Bangunharjo, Kec. Sewon, Bantul, Daerah Istimewa Yogyakarta 55188', 1, 14, 269, 0, '0813-1981-1199', '', 1, 881, '15000', '10000', '10000'),
(881, 'MegaTex', 'Felix', 'Kb. Jeruk, Kec. Andir, Kota Bandung, Jawa Barat 40181', 1, 12, 177, 338, '+62 852-2222-9898', '', 1, NULL, NULL, NULL, NULL),
(882, 'Indo Textile', 'Ahmad Mizani', '', 1, 12, 177, 0, '0815-1111-2222', '', 1, NULL, NULL, NULL, NULL),
(883, 'Indah Mas', 'CS', '', 1, 12, 177, 0, '0819-2222-3333', '', 1, 882, '1000', '500', NULL);

-- --------------------------------------------------------

--
-- Struktur dari tabel `tb_vendor_bank`
--

CREATE TABLE `tb_vendor_bank` (
  `VBA_ID` int(11) NOT NULL,
  `VBA_ACCNAME` varchar(100) NOT NULL,
  `VBA_ACCNO` varchar(100) NOT NULL,
  `VEND_ID` int(11) NOT NULL,
  `BANK_ID` int(11) NOT NULL,
  `VBA_PRIMARY` tinyint(4) NOT NULL
) ENGINE=MyISAM DEFAULT CHARSET=latin1;

--
-- Dumping data untuk tabel `tb_vendor_bank`
--

INSERT INTO `tb_vendor_bank` (`VBA_ID`, `VBA_ACCNAME`, `VBA_ACCNO`, `VEND_ID`, `BANK_ID`, `VBA_PRIMARY`) VALUES
(1, 'Gozali', '1234567890', 872, 1, 0),
(2, 'Gozali', '0987654321', 872, 2, 1),
(3, 'Mega Tex', '123543167819', 881, 2, 1),
(5, 'Altajaya', '1432567890', 880, 3, 1),
(6, 'Vendor', '3453424244', 874, 1, 1),
(7, 'Vendor', '324534554', 879, 4, 1);

-- --------------------------------------------------------

--
-- Struktur dari tabel `tb_vendor_deposit`
--

CREATE TABLE `tb_vendor_deposit` (
  `VENDD_ID` int(11) NOT NULL,
  `VENDD_DATE` timestamp NULL DEFAULT NULL,
  `ORDER_ID` int(11) DEFAULT NULL,
  `ORDV_ID` int(11) DEFAULT NULL,
  `VENDD_DEPOSIT` decimal(10,0) DEFAULT NULL,
  `VENDD_DEPOSIT_STATUS` tinyint(4) DEFAULT NULL,
  `VENDD_ORDER_ID` int(11) DEFAULT NULL,
  `VEND_ID` int(11) DEFAULT NULL,
  `VENDD_CLOSE_DATE` timestamp NULL DEFAULT NULL,
  `BANK_ID` int(11) DEFAULT NULL,
  `VENDD_NOTES` varchar(500) DEFAULT NULL
) ENGINE=InnoDB DEFAULT CHARSET=latin1;

-- --------------------------------------------------------

--
-- Struktur dari tabel `tb_vendor_price`
--

CREATE TABLE `tb_vendor_price` (
  `VENP_ID` int(11) NOT NULL,
  `VENP_DATE` timestamp NULL DEFAULT NULL,
  `VEND_ID` int(11) DEFAULT NULL,
  `PRO_ID` int(11) DEFAULT NULL,
  `VENP_QTY` float DEFAULT NULL,
  `UMEA_ID` int(11) NOT NULL,
  `OLD_PRICE` decimal(10,0) DEFAULT NULL,
  `NEW_PRICE` decimal(10,0) DEFAULT NULL
) ENGINE=InnoDB DEFAULT CHARSET=latin1;

--
-- Indexes for dumped tables
--

--
-- Indeks untuk tabel `tb_bank`
--
ALTER TABLE `tb_bank`
  ADD PRIMARY KEY (`BANK_ID`);

--
-- Indeks untuk tabel `tb_channel`
--
ALTER TABLE `tb_channel`
  ADD PRIMARY KEY (`CHA_ID`);

--
-- Indeks untuk tabel `tb_city`
--
ALTER TABLE `tb_city`
  ADD PRIMARY KEY (`CITY_ID`),
  ADD KEY `FK_RELATIONSHIP_2` (`CNTR_ID`);

--
-- Indeks untuk tabel `tb_country`
--
ALTER TABLE `tb_country`
  ADD PRIMARY KEY (`CNTR_ID`);

--
-- Indeks untuk tabel `tb_courier`
--
ALTER TABLE `tb_courier`
  ADD PRIMARY KEY (`COURIER_ID`);

--
-- Indeks untuk tabel `tb_courier_address`
--
ALTER TABLE `tb_courier_address`
  ADD PRIMARY KEY (`COUADD_ID`);

--
-- Indeks untuk tabel `tb_courier_tariff`
--
ALTER TABLE `tb_courier_tariff`
  ADD PRIMARY KEY (`COUTAR_ID`);

--
-- Indeks untuk tabel `tb_currency`
--
ALTER TABLE `tb_currency`
  ADD PRIMARY KEY (`CURR_ID`);

--
-- Indeks untuk tabel `tb_customer`
--
ALTER TABLE `tb_customer`
  ADD PRIMARY KEY (`CUST_ID`);

--
-- Indeks untuk tabel `tb_customer_activity`
--
ALTER TABLE `tb_customer_activity`
  ADD PRIMARY KEY (`CACT_ID`);

--
-- Indeks untuk tabel `tb_customer_deposit`
--
ALTER TABLE `tb_customer_deposit`
  ADD PRIMARY KEY (`CUSTD_ID`);

--
-- Indeks untuk tabel `tb_customer_log`
--
ALTER TABLE `tb_customer_log`
  ADD PRIMARY KEY (`CLOG_ID`);

--
-- Indeks untuk tabel `tb_docno`
--
ALTER TABLE `tb_docno`
  ADD PRIMARY KEY (`DOC_ID`);

--
-- Indeks untuk tabel `tb_followup`
--
ALTER TABLE `tb_followup`
  ADD PRIMARY KEY (`FLWP_ID`);

--
-- Indeks untuk tabel `tb_followup_closed`
--
ALTER TABLE `tb_followup_closed`
  ADD PRIMARY KEY (`FLWC_ID`);

--
-- Indeks untuk tabel `tb_followup_status`
--
ALTER TABLE `tb_followup_status`
  ADD PRIMARY KEY (`FLWS_ID`);

--
-- Indeks untuk tabel `tb_group`
--
ALTER TABLE `tb_group`
  ADD PRIMARY KEY (`GRP_ID`);

--
-- Indeks untuk tabel `tb_group_access`
--
ALTER TABLE `tb_group_access`
  ADD PRIMARY KEY (`GACC_ID`);

--
-- Indeks untuk tabel `tb_log_sample`
--
ALTER TABLE `tb_log_sample`
  ADD PRIMARY KEY (`LSAM_ID`);

--
-- Indeks untuk tabel `tb_log_stock`
--
ALTER TABLE `tb_log_stock`
  ADD PRIMARY KEY (`LSTOCK_ID`);

--
-- Indeks untuk tabel `tb_module`
--
ALTER TABLE `tb_module`
  ADD PRIMARY KEY (`MOD_ID`);

--
-- Indeks untuk tabel `tb_order`
--
ALTER TABLE `tb_order`
  ADD PRIMARY KEY (`ORDER_ID`);

--
-- Indeks untuk tabel `tb_order_detail`
--
ALTER TABLE `tb_order_detail`
  ADD PRIMARY KEY (`ORDD_ID`);

--
-- Indeks untuk tabel `tb_order_letter`
--
ALTER TABLE `tb_order_letter`
  ADD PRIMARY KEY (`ORDL_ID`);

--
-- Indeks untuk tabel `tb_order_vendor`
--
ALTER TABLE `tb_order_vendor`
  ADD PRIMARY KEY (`ORDV_ID`);

--
-- Indeks untuk tabel `tb_order_vendor_old`
--
ALTER TABLE `tb_order_vendor_old`
  ADD PRIMARY KEY (`ORDV_ID`);

--
-- Indeks untuk tabel `tb_payment_to_vendor`
--
ALTER TABLE `tb_payment_to_vendor`
  ADD PRIMARY KEY (`PAYTOV_ID`);

--
-- Indeks untuk tabel `tb_poption`
--
ALTER TABLE `tb_poption`
  ADD PRIMARY KEY (`POPT_ID`);

--
-- Indeks untuk tabel `tb_producer`
--
ALTER TABLE `tb_producer`
  ADD PRIMARY KEY (`PRDU_ID`);

--
-- Indeks untuk tabel `tb_producer_bank`
--
ALTER TABLE `tb_producer_bank`
  ADD PRIMARY KEY (`PBA_ID`);

--
-- Indeks untuk tabel `tb_producer_category`
--
ALTER TABLE `tb_producer_category`
  ADD PRIMARY KEY (`PRDUC_ID`);

--
-- Indeks untuk tabel `tb_producer_product`
--
ALTER TABLE `tb_producer_product`
  ADD PRIMARY KEY (`PRDUP_ID`);

--
-- Indeks untuk tabel `tb_producer_product_property`
--
ALTER TABLE `tb_producer_product_property`
  ADD PRIMARY KEY (`PRDPP_ID`);

--
-- Indeks untuk tabel `tb_producer_type`
--
ALTER TABLE `tb_producer_type`
  ADD PRIMARY KEY (`PRDUT_ID`);

--
-- Indeks untuk tabel `tb_producer_x_product`
--
ALTER TABLE `tb_producer_x_product`
  ADD PRIMARY KEY (`PRDXP_ID`);

--
-- Indeks untuk tabel `tb_product`
--
ALTER TABLE `tb_product`
  ADD PRIMARY KEY (`PRO_ID`);

--
-- Indeks untuk tabel `tb_project`
--
ALTER TABLE `tb_project`
  ADD PRIMARY KEY (`PRJ_ID`);

--
-- Indeks untuk tabel `tb_project_activity`
--
ALTER TABLE `tb_project_activity`
  ADD PRIMARY KEY (`PRJA_ID`);

--
-- Indeks untuk tabel `tb_project_criteria`
--
ALTER TABLE `tb_project_criteria`
  ADD PRIMARY KEY (`PRJC_ID`);

--
-- Indeks untuk tabel `tb_project_detail`
--
ALTER TABLE `tb_project_detail`
  ADD PRIMARY KEY (`PRJD_ID`);

--
-- Indeks untuk tabel `tb_project_detail_model`
--
ALTER TABLE `tb_project_detail_model`
  ADD PRIMARY KEY (`PRJDM_ID`);

--
-- Indeks untuk tabel `tb_project_detail_quantity`
--
ALTER TABLE `tb_project_detail_quantity`
  ADD PRIMARY KEY (`PRJDQ_ID`);

--
-- Indeks untuk tabel `tb_project_payment`
--
ALTER TABLE `tb_project_payment`
  ADD PRIMARY KEY (`PRJP_ID`);

--
-- Indeks untuk tabel `tb_project_payment_to_producer`
--
ALTER TABLE `tb_project_payment_to_producer`
  ADD PRIMARY KEY (`PRJP2P_ID`);

--
-- Indeks untuk tabel `tb_project_producer`
--
ALTER TABLE `tb_project_producer`
  ADD PRIMARY KEY (`PRJPR_ID`);

--
-- Indeks untuk tabel `tb_project_producer_detail`
--
ALTER TABLE `tb_project_producer_detail`
  ADD PRIMARY KEY (`PRJPRD_ID`);

--
-- Indeks untuk tabel `tb_project_progress`
--
ALTER TABLE `tb_project_progress`
  ADD PRIMARY KEY (`PRJPG_ID`);

--
-- Indeks untuk tabel `tb_project_review`
--
ALTER TABLE `tb_project_review`
  ADD PRIMARY KEY (`PRJR_ID`);

--
-- Indeks untuk tabel `tb_project_shipment`
--
ALTER TABLE `tb_project_shipment`
  ADD PRIMARY KEY (`PRJS_ID`);

--
-- Indeks untuk tabel `tb_project_type`
--
ALTER TABLE `tb_project_type`
  ADD PRIMARY KEY (`PRJT_ID`);

--
-- Indeks untuk tabel `tb_size`
--
ALTER TABLE `tb_size`
  ADD PRIMARY KEY (`SIZE_ID`);

--
-- Indeks untuk tabel `tb_size_group`
--
ALTER TABLE `tb_size_group`
  ADD PRIMARY KEY (`SIZG_ID`);

--
-- Indeks untuk tabel `tb_size_type`
--
ALTER TABLE `tb_size_type`
  ADD PRIMARY KEY (`SIZP_ID`);

--
-- Indeks untuk tabel `tb_size_value`
--
ALTER TABLE `tb_size_value`
  ADD PRIMARY KEY (`SIZV_ID`);

--
-- Indeks untuk tabel `tb_state`
--
ALTER TABLE `tb_state`
  ADD PRIMARY KEY (`STATE_ID`);

--
-- Indeks untuk tabel `tb_subdistrict`
--
ALTER TABLE `tb_subdistrict`
  ADD PRIMARY KEY (`SUBD_ID`),
  ADD KEY `CITY_ID` (`CITY_ID`),
  ADD KEY `STATE_ID` (`STATE_ID`),
  ADD KEY `CNTR_ID` (`CNTR_ID`);

--
-- Indeks untuk tabel `tb_subtype`
--
ALTER TABLE `tb_subtype`
  ADD PRIMARY KEY (`STYPE_ID`);

--
-- Indeks untuk tabel `tb_type`
--
ALTER TABLE `tb_type`
  ADD PRIMARY KEY (`TYPE_ID`);

--
-- Indeks untuk tabel `tb_unit_measure`
--
ALTER TABLE `tb_unit_measure`
  ADD PRIMARY KEY (`UMEA_ID`);

--
-- Indeks untuk tabel `tb_user`
--
ALTER TABLE `tb_user`
  ADD PRIMARY KEY (`USER_ID`);

--
-- Indeks untuk tabel `tb_vendor`
--
ALTER TABLE `tb_vendor`
  ADD PRIMARY KEY (`VEND_ID`);

--
-- Indeks untuk tabel `tb_vendor_bank`
--
ALTER TABLE `tb_vendor_bank`
  ADD PRIMARY KEY (`VBA_ID`);

--
-- Indeks untuk tabel `tb_vendor_deposit`
--
ALTER TABLE `tb_vendor_deposit`
  ADD PRIMARY KEY (`VENDD_ID`);

--
-- Indeks untuk tabel `tb_vendor_price`
--
ALTER TABLE `tb_vendor_price`
  ADD PRIMARY KEY (`VENP_ID`);

--
-- AUTO_INCREMENT untuk tabel yang dibuang
--

--
-- AUTO_INCREMENT untuk tabel `tb_bank`
--
ALTER TABLE `tb_bank`
  MODIFY `BANK_ID` int(11) UNSIGNED NOT NULL AUTO_INCREMENT, AUTO_INCREMENT=113;

--
-- AUTO_INCREMENT untuk tabel `tb_channel`
--
ALTER TABLE `tb_channel`
  MODIFY `CHA_ID` int(11) NOT NULL AUTO_INCREMENT, AUTO_INCREMENT=43;

--
-- AUTO_INCREMENT untuk tabel `tb_city`
--
ALTER TABLE `tb_city`
  MODIFY `CITY_ID` int(11) NOT NULL AUTO_INCREMENT, AUTO_INCREMENT=502;

--
-- AUTO_INCREMENT untuk tabel `tb_country`
--
ALTER TABLE `tb_country`
  MODIFY `CNTR_ID` int(11) NOT NULL AUTO_INCREMENT, AUTO_INCREMENT=194;

--
-- AUTO_INCREMENT untuk tabel `tb_courier`
--
ALTER TABLE `tb_courier`
  MODIFY `COURIER_ID` int(11) NOT NULL AUTO_INCREMENT, AUTO_INCREMENT=37;

--
-- AUTO_INCREMENT untuk tabel `tb_courier_address`
--
ALTER TABLE `tb_courier_address`
  MODIFY `COUADD_ID` int(11) NOT NULL AUTO_INCREMENT, AUTO_INCREMENT=23;

--
-- AUTO_INCREMENT untuk tabel `tb_courier_tariff`
--
ALTER TABLE `tb_courier_tariff`
  MODIFY `COUTAR_ID` int(11) NOT NULL AUTO_INCREMENT, AUTO_INCREMENT=26;

--
-- AUTO_INCREMENT untuk tabel `tb_currency`
--
ALTER TABLE `tb_currency`
  MODIFY `CURR_ID` int(11) NOT NULL AUTO_INCREMENT, AUTO_INCREMENT=6;

--
-- AUTO_INCREMENT untuk tabel `tb_customer`
--
ALTER TABLE `tb_customer`
  MODIFY `CUST_ID` int(20) NOT NULL AUTO_INCREMENT, AUTO_INCREMENT=15296;

--
-- AUTO_INCREMENT untuk tabel `tb_customer_activity`
--
ALTER TABLE `tb_customer_activity`
  MODIFY `CACT_ID` int(11) NOT NULL AUTO_INCREMENT, AUTO_INCREMENT=5;

--
-- AUTO_INCREMENT untuk tabel `tb_customer_deposit`
--
ALTER TABLE `tb_customer_deposit`
  MODIFY `CUSTD_ID` int(11) NOT NULL AUTO_INCREMENT, AUTO_INCREMENT=147;

--
-- AUTO_INCREMENT untuk tabel `tb_customer_log`
--
ALTER TABLE `tb_customer_log`
  MODIFY `CLOG_ID` int(11) NOT NULL AUTO_INCREMENT, AUTO_INCREMENT=15473;

--
-- AUTO_INCREMENT untuk tabel `tb_docno`
--
ALTER TABLE `tb_docno`
  MODIFY `DOC_ID` int(11) NOT NULL AUTO_INCREMENT;

--
-- AUTO_INCREMENT untuk tabel `tb_followup`
--
ALTER TABLE `tb_followup`
  MODIFY `FLWP_ID` int(11) NOT NULL AUTO_INCREMENT, AUTO_INCREMENT=168;

--
-- AUTO_INCREMENT untuk tabel `tb_group`
--
ALTER TABLE `tb_group`
  MODIFY `GRP_ID` int(11) NOT NULL AUTO_INCREMENT, AUTO_INCREMENT=16;

--
-- AUTO_INCREMENT untuk tabel `tb_group_access`
--
ALTER TABLE `tb_group_access`
  MODIFY `GACC_ID` int(11) NOT NULL AUTO_INCREMENT, AUTO_INCREMENT=111;

--
-- AUTO_INCREMENT untuk tabel `tb_log_sample`
--
ALTER TABLE `tb_log_sample`
  MODIFY `LSAM_ID` int(11) NOT NULL AUTO_INCREMENT, AUTO_INCREMENT=92;

--
-- AUTO_INCREMENT untuk tabel `tb_log_stock`
--
ALTER TABLE `tb_log_stock`
  MODIFY `LSTOCK_ID` int(11) NOT NULL AUTO_INCREMENT, AUTO_INCREMENT=155;

--
-- AUTO_INCREMENT untuk tabel `tb_module`
--
ALTER TABLE `tb_module`
  MODIFY `MOD_ID` int(11) NOT NULL AUTO_INCREMENT, AUTO_INCREMENT=54;

--
-- AUTO_INCREMENT untuk tabel `tb_order`
--
ALTER TABLE `tb_order`
  MODIFY `ORDER_ID` int(11) NOT NULL AUTO_INCREMENT, AUTO_INCREMENT=4273;

--
-- AUTO_INCREMENT untuk tabel `tb_order_detail`
--
ALTER TABLE `tb_order_detail`
  MODIFY `ORDD_ID` int(11) NOT NULL AUTO_INCREMENT, AUTO_INCREMENT=448;

--
-- AUTO_INCREMENT untuk tabel `tb_order_letter`
--
ALTER TABLE `tb_order_letter`
  MODIFY `ORDL_ID` int(11) NOT NULL AUTO_INCREMENT, AUTO_INCREMENT=7;

--
-- AUTO_INCREMENT untuk tabel `tb_order_vendor`
--
ALTER TABLE `tb_order_vendor`
  MODIFY `ORDV_ID` int(11) NOT NULL AUTO_INCREMENT, AUTO_INCREMENT=383;

--
-- AUTO_INCREMENT untuk tabel `tb_order_vendor_old`
--
ALTER TABLE `tb_order_vendor_old`
  MODIFY `ORDV_ID` int(11) NOT NULL AUTO_INCREMENT, AUTO_INCREMENT=373;

--
-- AUTO_INCREMENT untuk tabel `tb_payment_to_vendor`
--
ALTER TABLE `tb_payment_to_vendor`
  MODIFY `PAYTOV_ID` int(11) NOT NULL AUTO_INCREMENT, AUTO_INCREMENT=214;

--
-- AUTO_INCREMENT untuk tabel `tb_poption`
--
ALTER TABLE `tb_poption`
  MODIFY `POPT_ID` int(11) NOT NULL AUTO_INCREMENT, AUTO_INCREMENT=20;

--
-- AUTO_INCREMENT untuk tabel `tb_producer`
--
ALTER TABLE `tb_producer`
  MODIFY `PRDU_ID` int(11) NOT NULL AUTO_INCREMENT, AUTO_INCREMENT=32;

--
-- AUTO_INCREMENT untuk tabel `tb_producer_bank`
--
ALTER TABLE `tb_producer_bank`
  MODIFY `PBA_ID` int(11) NOT NULL AUTO_INCREMENT, AUTO_INCREMENT=3;

--
-- AUTO_INCREMENT untuk tabel `tb_producer_category`
--
ALTER TABLE `tb_producer_category`
  MODIFY `PRDUC_ID` smallint(6) NOT NULL AUTO_INCREMENT, AUTO_INCREMENT=3;

--
-- AUTO_INCREMENT untuk tabel `tb_producer_product`
--
ALTER TABLE `tb_producer_product`
  MODIFY `PRDUP_ID` smallint(6) NOT NULL AUTO_INCREMENT, AUTO_INCREMENT=34;

--
-- AUTO_INCREMENT untuk tabel `tb_producer_product_property`
--
ALTER TABLE `tb_producer_product_property`
  MODIFY `PRDPP_ID` smallint(6) NOT NULL AUTO_INCREMENT, AUTO_INCREMENT=141;

--
-- AUTO_INCREMENT untuk tabel `tb_producer_type`
--
ALTER TABLE `tb_producer_type`
  MODIFY `PRDUT_ID` smallint(6) NOT NULL AUTO_INCREMENT, AUTO_INCREMENT=6;

--
-- AUTO_INCREMENT untuk tabel `tb_producer_x_product`
--
ALTER TABLE `tb_producer_x_product`
  MODIFY `PRDXP_ID` int(11) NOT NULL AUTO_INCREMENT, AUTO_INCREMENT=34;

--
-- AUTO_INCREMENT untuk tabel `tb_product`
--
ALTER TABLE `tb_product`
  MODIFY `PRO_ID` int(11) NOT NULL AUTO_INCREMENT, AUTO_INCREMENT=41;

--
-- AUTO_INCREMENT untuk tabel `tb_project`
--
ALTER TABLE `tb_project`
  MODIFY `PRJ_ID` int(11) NOT NULL AUTO_INCREMENT, AUTO_INCREMENT=41;

--
-- AUTO_INCREMENT untuk tabel `tb_project_activity`
--
ALTER TABLE `tb_project_activity`
  MODIFY `PRJA_ID` smallint(6) NOT NULL AUTO_INCREMENT, AUTO_INCREMENT=12;

--
-- AUTO_INCREMENT untuk tabel `tb_project_criteria`
--
ALTER TABLE `tb_project_criteria`
  MODIFY `PRJC_ID` smallint(6) NOT NULL AUTO_INCREMENT, AUTO_INCREMENT=4;

--
-- AUTO_INCREMENT untuk tabel `tb_project_detail`
--
ALTER TABLE `tb_project_detail`
  MODIFY `PRJD_ID` int(11) NOT NULL AUTO_INCREMENT, AUTO_INCREMENT=39;

--
-- AUTO_INCREMENT untuk tabel `tb_project_detail_model`
--
ALTER TABLE `tb_project_detail_model`
  MODIFY `PRJDM_ID` int(11) NOT NULL AUTO_INCREMENT, AUTO_INCREMENT=36;

--
-- AUTO_INCREMENT untuk tabel `tb_project_detail_quantity`
--
ALTER TABLE `tb_project_detail_quantity`
  MODIFY `PRJDQ_ID` int(11) NOT NULL AUTO_INCREMENT, AUTO_INCREMENT=51;

--
-- AUTO_INCREMENT untuk tabel `tb_project_payment`
--
ALTER TABLE `tb_project_payment`
  MODIFY `PRJP_ID` int(11) NOT NULL AUTO_INCREMENT, AUTO_INCREMENT=16;

--
-- AUTO_INCREMENT untuk tabel `tb_project_payment_to_producer`
--
ALTER TABLE `tb_project_payment_to_producer`
  MODIFY `PRJP2P_ID` int(11) NOT NULL AUTO_INCREMENT, AUTO_INCREMENT=5;

--
-- AUTO_INCREMENT untuk tabel `tb_project_producer`
--
ALTER TABLE `tb_project_producer`
  MODIFY `PRJPR_ID` int(11) NOT NULL AUTO_INCREMENT, AUTO_INCREMENT=23;

--
-- AUTO_INCREMENT untuk tabel `tb_project_producer_detail`
--
ALTER TABLE `tb_project_producer_detail`
  MODIFY `PRJPRD_ID` int(11) NOT NULL AUTO_INCREMENT, AUTO_INCREMENT=30;

--
-- AUTO_INCREMENT untuk tabel `tb_project_progress`
--
ALTER TABLE `tb_project_progress`
  MODIFY `PRJPG_ID` int(11) NOT NULL AUTO_INCREMENT, AUTO_INCREMENT=14;

--
-- AUTO_INCREMENT untuk tabel `tb_project_review`
--
ALTER TABLE `tb_project_review`
  MODIFY `PRJR_ID` smallint(6) NOT NULL AUTO_INCREMENT, AUTO_INCREMENT=4;

--
-- AUTO_INCREMENT untuk tabel `tb_project_shipment`
--
ALTER TABLE `tb_project_shipment`
  MODIFY `PRJS_ID` int(11) NOT NULL AUTO_INCREMENT, AUTO_INCREMENT=5;

--
-- AUTO_INCREMENT untuk tabel `tb_project_type`
--
ALTER TABLE `tb_project_type`
  MODIFY `PRJT_ID` smallint(6) NOT NULL AUTO_INCREMENT, AUTO_INCREMENT=4;

--
-- AUTO_INCREMENT untuk tabel `tb_size`
--
ALTER TABLE `tb_size`
  MODIFY `SIZE_ID` smallint(6) NOT NULL AUTO_INCREMENT, AUTO_INCREMENT=10;

--
-- AUTO_INCREMENT untuk tabel `tb_size_group`
--
ALTER TABLE `tb_size_group`
  MODIFY `SIZG_ID` smallint(6) NOT NULL AUTO_INCREMENT, AUTO_INCREMENT=8;

--
-- AUTO_INCREMENT untuk tabel `tb_size_type`
--
ALTER TABLE `tb_size_type`
  MODIFY `SIZP_ID` smallint(6) NOT NULL AUTO_INCREMENT, AUTO_INCREMENT=155;

--
-- AUTO_INCREMENT untuk tabel `tb_size_value`
--
ALTER TABLE `tb_size_value`
  MODIFY `SIZV_ID` smallint(6) NOT NULL AUTO_INCREMENT, AUTO_INCREMENT=4;

--
-- AUTO_INCREMENT untuk tabel `tb_state`
--
ALTER TABLE `tb_state`
  MODIFY `STATE_ID` int(11) NOT NULL AUTO_INCREMENT, AUTO_INCREMENT=3739;

--
-- AUTO_INCREMENT untuk tabel `tb_subdistrict`
--
ALTER TABLE `tb_subdistrict`
  MODIFY `SUBD_ID` int(11) UNSIGNED NOT NULL AUTO_INCREMENT, AUTO_INCREMENT=6996;

--
-- AUTO_INCREMENT untuk tabel `tb_subtype`
--
ALTER TABLE `tb_subtype`
  MODIFY `STYPE_ID` int(11) NOT NULL AUTO_INCREMENT, AUTO_INCREMENT=16;

--
-- AUTO_INCREMENT untuk tabel `tb_type`
--
ALTER TABLE `tb_type`
  MODIFY `TYPE_ID` int(11) NOT NULL AUTO_INCREMENT, AUTO_INCREMENT=7;

--
-- AUTO_INCREMENT untuk tabel `tb_unit_measure`
--
ALTER TABLE `tb_unit_measure`
  MODIFY `UMEA_ID` int(11) UNSIGNED NOT NULL AUTO_INCREMENT, AUTO_INCREMENT=16;

--
-- AUTO_INCREMENT untuk tabel `tb_user`
--
ALTER TABLE `tb_user`
  MODIFY `USER_ID` int(11) NOT NULL AUTO_INCREMENT, AUTO_INCREMENT=71;

--
-- AUTO_INCREMENT untuk tabel `tb_vendor`
--
ALTER TABLE `tb_vendor`
  MODIFY `VEND_ID` int(11) NOT NULL AUTO_INCREMENT, AUTO_INCREMENT=884;

--
-- AUTO_INCREMENT untuk tabel `tb_vendor_bank`
--
ALTER TABLE `tb_vendor_bank`
  MODIFY `VBA_ID` int(11) NOT NULL AUTO_INCREMENT, AUTO_INCREMENT=8;

--
-- AUTO_INCREMENT untuk tabel `tb_vendor_deposit`
--
ALTER TABLE `tb_vendor_deposit`
  MODIFY `VENDD_ID` int(11) NOT NULL AUTO_INCREMENT;

--
-- AUTO_INCREMENT untuk tabel `tb_vendor_price`
--
ALTER TABLE `tb_vendor_price`
  MODIFY `VENP_ID` int(11) NOT NULL AUTO_INCREMENT;
COMMIT;

/*!40101 SET CHARACTER_SET_CLIENT=@OLD_CHARACTER_SET_CLIENT */;
/*!40101 SET CHARACTER_SET_RESULTS=@OLD_CHARACTER_SET_RESULTS */;
/*!40101 SET COLLATION_CONNECTION=@OLD_COLLATION_CONNECTION */;
